
 /----------------------------------------------------------------------------\
 |  yosys -- Yosys Open SYnthesis Suite                                       |
 |  Copyright (C) 2012 - 2025  Claire Xenia Wolf <claire@yosyshq.com>         |
 |  Distributed under an ISC-like license, type "license" to see terms        |
 \----------------------------------------------------------------------------/
 Yosys 0.52 (git sha1 fee39a3284c90249e1d9684cf6944ffbbcbb8f90)

-- Running command `read_verilog -sv ROM.sv cordic_fsm.sv cordic.sv; synth_xilinx -family xc7 -top cordic_vectoring; stat' --

1. Executing Verilog-2005 frontend: ROM.sv
Parsing SystemVerilog input from `ROM.sv' to AST representation.
Generating RTLIL representation for module `\cordic_atan_rom'.
Successfully finished Verilog frontend.

2. Executing Verilog-2005 frontend: cordic_fsm.sv
Parsing SystemVerilog input from `cordic_fsm.sv' to AST representation.
Generating RTLIL representation for module `\cordic_fsm'.
Successfully finished Verilog frontend.

3. Executing Verilog-2005 frontend: cordic.sv
Parsing SystemVerilog input from `cordic.sv' to AST representation.
Generating RTLIL representation for module `\cordic_vectoring'.
Successfully finished Verilog frontend.

4. Executing SYNTH_XILINX pass.

4.1. Executing Verilog-2005 frontend: /usr/bin/../share/yosys/xilinx/cells_sim.v
Parsing Verilog input from `/usr/bin/../share/yosys/xilinx/cells_sim.v' to AST representation.
Generating RTLIL representation for module `\VCC'.
Generating RTLIL representation for module `\GND'.
Generating RTLIL representation for module `\IBUF'.
Generating RTLIL representation for module `\IBUFG'.
Generating RTLIL representation for module `\OBUF'.
Generating RTLIL representation for module `\IOBUF'.
Generating RTLIL representation for module `\OBUFT'.
Generating RTLIL representation for module `\BUFG'.
Generating RTLIL representation for module `\BUFGCTRL'.
Generating RTLIL representation for module `\BUFHCE'.
Generating RTLIL representation for module `\INV'.
Generating RTLIL representation for module `\LUT1'.
Generating RTLIL representation for module `\LUT2'.
Generating RTLIL representation for module `\LUT3'.
Generating RTLIL representation for module `\LUT4'.
Generating RTLIL representation for module `\LUT5'.
Generating RTLIL representation for module `\LUT6'.
Generating RTLIL representation for module `\LUT6_2'.
Generating RTLIL representation for module `\$__ABC9_LUT7'.
Generating RTLIL representation for module `\$__ABC9_LUT8'.
Generating RTLIL representation for module `\MUXCY'.
Generating RTLIL representation for module `\MUXF5'.
Generating RTLIL representation for module `\MUXF6'.
Generating RTLIL representation for module `\MUXF7'.
Generating RTLIL representation for module `\MUXF8'.
Generating RTLIL representation for module `\MUXF9'.
Generating RTLIL representation for module `\XORCY'.
Generating RTLIL representation for module `\CARRY4'.
Generating RTLIL representation for module `\CARRY8'.
Generating RTLIL representation for module `\ORCY'.
Generating RTLIL representation for module `\MULT_AND'.
Generating RTLIL representation for module `\FDRE'.
Generating RTLIL representation for module `\FDRE_1'.
Generating RTLIL representation for module `\FDSE'.
Generating RTLIL representation for module `\FDSE_1'.
Generating RTLIL representation for module `\FDRSE'.
Generating RTLIL representation for module `\FDRSE_1'.
Generating RTLIL representation for module `\FDCE'.
Generating RTLIL representation for module `\FDCE_1'.
Generating RTLIL representation for module `\FDPE'.
Generating RTLIL representation for module `\FDPE_1'.
Generating RTLIL representation for module `\FDCPE'.
Generating RTLIL representation for module `\FDCPE_1'.
Generating RTLIL representation for module `\LDCE'.
Generating RTLIL representation for module `\LDPE'.
Generating RTLIL representation for module `\LDCPE'.
Generating RTLIL representation for module `\AND2B1L'.
Generating RTLIL representation for module `\OR2L'.
Generating RTLIL representation for module `\RAM16X1S'.
Generating RTLIL representation for module `\RAM16X1S_1'.
Generating RTLIL representation for module `\RAM32X1S'.
Generating RTLIL representation for module `\RAM32X1S_1'.
Generating RTLIL representation for module `\RAM64X1S'.
Generating RTLIL representation for module `\RAM64X1S_1'.
Generating RTLIL representation for module `\RAM128X1S'.
Generating RTLIL representation for module `\RAM128X1S_1'.
Generating RTLIL representation for module `\RAM256X1S'.
Generating RTLIL representation for module `\RAM512X1S'.
Generating RTLIL representation for module `\RAM16X2S'.
Generating RTLIL representation for module `\RAM32X2S'.
Generating RTLIL representation for module `\RAM64X2S'.
Generating RTLIL representation for module `\RAM16X4S'.
Generating RTLIL representation for module `\RAM32X4S'.
Generating RTLIL representation for module `\RAM16X8S'.
Generating RTLIL representation for module `\RAM32X8S'.
Generating RTLIL representation for module `\RAM16X1D'.
Generating RTLIL representation for module `\RAM16X1D_1'.
Generating RTLIL representation for module `\RAM32X1D'.
Generating RTLIL representation for module `\RAM32X1D_1'.
Generating RTLIL representation for module `\RAM64X1D'.
Generating RTLIL representation for module `\RAM64X1D_1'.
Generating RTLIL representation for module `\RAM128X1D'.
Generating RTLIL representation for module `\RAM256X1D'.
Generating RTLIL representation for module `\RAM32M'.
Generating RTLIL representation for module `\RAM32M16'.
Generating RTLIL representation for module `\RAM64M'.
Generating RTLIL representation for module `\RAM64M8'.
Generating RTLIL representation for module `\RAM32X16DR8'.
Generating RTLIL representation for module `\RAM64X8SW'.
Generating RTLIL representation for module `\ROM16X1'.
Generating RTLIL representation for module `\ROM32X1'.
Generating RTLIL representation for module `\ROM64X1'.
Generating RTLIL representation for module `\ROM128X1'.
Generating RTLIL representation for module `\ROM256X1'.
Generating RTLIL representation for module `\SRL16'.
Generating RTLIL representation for module `\SRL16E'.
Generating RTLIL representation for module `\SRLC16'.
Generating RTLIL representation for module `\SRLC16E'.
Generating RTLIL representation for module `\SRLC32E'.
Generating RTLIL representation for module `\CFGLUT5'.
Generating RTLIL representation for module `\MULT18X18'.
Generating RTLIL representation for module `\MULT18X18S'.
Generating RTLIL representation for module `\MULT18X18SIO'.
Generating RTLIL representation for module `\DSP48A'.
Generating RTLIL representation for module `\DSP48A1'.
Generating RTLIL representation for module `\DSP48'.
Generating RTLIL representation for module `\DSP48E1'.
Generating RTLIL representation for module `\RAMB18E1'.
Generating RTLIL representation for module `\RAMB36E1'.
Successfully finished Verilog frontend.

4.2. Executing Verilog-2005 frontend: /usr/bin/../share/yosys/xilinx/cells_xtra.v
Parsing Verilog input from `/usr/bin/../share/yosys/xilinx/cells_xtra.v' to AST representation.
Generating RTLIL representation for module `\RAMB4_S1'.
Generating RTLIL representation for module `\RAMB4_S2'.
Generating RTLIL representation for module `\RAMB4_S4'.
Generating RTLIL representation for module `\RAMB4_S8'.
Generating RTLIL representation for module `\RAMB4_S16'.
Generating RTLIL representation for module `\RAMB4_S1_S1'.
Generating RTLIL representation for module `\RAMB4_S1_S2'.
Generating RTLIL representation for module `\RAMB4_S1_S4'.
Generating RTLIL representation for module `\RAMB4_S1_S8'.
Generating RTLIL representation for module `\RAMB4_S1_S16'.
Generating RTLIL representation for module `\RAMB4_S2_S2'.
Generating RTLIL representation for module `\RAMB4_S2_S4'.
Generating RTLIL representation for module `\RAMB4_S2_S8'.
Generating RTLIL representation for module `\RAMB4_S2_S16'.
Generating RTLIL representation for module `\RAMB4_S4_S4'.
Generating RTLIL representation for module `\RAMB4_S4_S8'.
Generating RTLIL representation for module `\RAMB4_S4_S16'.
Generating RTLIL representation for module `\RAMB4_S8_S8'.
Generating RTLIL representation for module `\RAMB4_S8_S16'.
Generating RTLIL representation for module `\RAMB4_S16_S16'.
Generating RTLIL representation for module `\RAMB16_S1'.
Generating RTLIL representation for module `\RAMB16_S2'.
Generating RTLIL representation for module `\RAMB16_S4'.
Generating RTLIL representation for module `\RAMB16_S9'.
Generating RTLIL representation for module `\RAMB16_S18'.
Generating RTLIL representation for module `\RAMB16_S36'.
Generating RTLIL representation for module `\RAMB16_S1_S1'.
Generating RTLIL representation for module `\RAMB16_S1_S2'.
Generating RTLIL representation for module `\RAMB16_S1_S4'.
Generating RTLIL representation for module `\RAMB16_S1_S9'.
Generating RTLIL representation for module `\RAMB16_S1_S18'.
Generating RTLIL representation for module `\RAMB16_S1_S36'.
Generating RTLIL representation for module `\RAMB16_S2_S2'.
Generating RTLIL representation for module `\RAMB16_S2_S4'.
Generating RTLIL representation for module `\RAMB16_S2_S9'.
Generating RTLIL representation for module `\RAMB16_S2_S18'.
Generating RTLIL representation for module `\RAMB16_S2_S36'.
Generating RTLIL representation for module `\RAMB16_S4_S4'.
Generating RTLIL representation for module `\RAMB16_S4_S9'.
Generating RTLIL representation for module `\RAMB16_S4_S18'.
Generating RTLIL representation for module `\RAMB16_S4_S36'.
Generating RTLIL representation for module `\RAMB16_S9_S9'.
Generating RTLIL representation for module `\RAMB16_S9_S18'.
Generating RTLIL representation for module `\RAMB16_S9_S36'.
Generating RTLIL representation for module `\RAMB16_S18_S18'.
Generating RTLIL representation for module `\RAMB16_S18_S36'.
Generating RTLIL representation for module `\RAMB16_S36_S36'.
Generating RTLIL representation for module `\RAMB16BWE_S18'.
Generating RTLIL representation for module `\RAMB16BWE_S36'.
Generating RTLIL representation for module `\RAMB16BWE_S18_S9'.
Generating RTLIL representation for module `\RAMB16BWE_S18_S18'.
Generating RTLIL representation for module `\RAMB16BWE_S36_S9'.
Generating RTLIL representation for module `\RAMB16BWE_S36_S18'.
Generating RTLIL representation for module `\RAMB16BWE_S36_S36'.
Generating RTLIL representation for module `\RAMB16BWER'.
Generating RTLIL representation for module `\RAMB8BWER'.
Generating RTLIL representation for module `\FIFO16'.
Generating RTLIL representation for module `\RAMB16'.
Generating RTLIL representation for module `\RAMB32_S64_ECC'.
Generating RTLIL representation for module `\FIFO18'.
Generating RTLIL representation for module `\FIFO18_36'.
Generating RTLIL representation for module `\FIFO36'.
Generating RTLIL representation for module `\FIFO36_72'.
Generating RTLIL representation for module `\RAMB18'.
Generating RTLIL representation for module `\RAMB36'.
Generating RTLIL representation for module `\RAMB18SDP'.
Generating RTLIL representation for module `\RAMB36SDP'.
Generating RTLIL representation for module `\FIFO18E1'.
Generating RTLIL representation for module `\FIFO36E1'.
Generating RTLIL representation for module `\FIFO18E2'.
Generating RTLIL representation for module `\FIFO36E2'.
Generating RTLIL representation for module `\RAMB18E2'.
Generating RTLIL representation for module `\RAMB36E2'.
Generating RTLIL representation for module `\URAM288'.
Generating RTLIL representation for module `\URAM288_BASE'.
Generating RTLIL representation for module `\DSP48E'.
Generating RTLIL representation for module `\DSP48E2'.
Generating RTLIL representation for module `\FDDRCPE'.
Generating RTLIL representation for module `\FDDRRSE'.
Generating RTLIL representation for module `\IFDDRCPE'.
Generating RTLIL representation for module `\IFDDRRSE'.
Generating RTLIL representation for module `\OFDDRCPE'.
Generating RTLIL representation for module `\OFDDRRSE'.
Generating RTLIL representation for module `\OFDDRTCPE'.
Generating RTLIL representation for module `\OFDDRTRSE'.
Generating RTLIL representation for module `\IDDR2'.
Generating RTLIL representation for module `\ODDR2'.
Generating RTLIL representation for module `\IDDR'.
Generating RTLIL representation for module `\IDDR_2CLK'.
Generating RTLIL representation for module `\ODDR'.
Generating RTLIL representation for module `\IDELAYCTRL'.
Generating RTLIL representation for module `\IDELAY'.
Generating RTLIL representation for module `\ISERDES'.
Generating RTLIL representation for module `\OSERDES'.
Generating RTLIL representation for module `\IODELAY'.
Generating RTLIL representation for module `\ISERDES_NODELAY'.
Generating RTLIL representation for module `\IODELAYE1'.
Generating RTLIL representation for module `\ISERDESE1'.
Generating RTLIL representation for module `\OSERDESE1'.
Generating RTLIL representation for module `\IDELAYE2'.
Generating RTLIL representation for module `\ODELAYE2'.
Generating RTLIL representation for module `\ISERDESE2'.
Generating RTLIL representation for module `\OSERDESE2'.
Generating RTLIL representation for module `\PHASER_IN'.
Generating RTLIL representation for module `\PHASER_IN_PHY'.
Generating RTLIL representation for module `\PHASER_OUT'.
Generating RTLIL representation for module `\PHASER_OUT_PHY'.
Generating RTLIL representation for module `\PHASER_REF'.
Generating RTLIL representation for module `\PHY_CONTROL'.
Generating RTLIL representation for module `\IDDRE1'.
Generating RTLIL representation for module `\ODDRE1'.
Generating RTLIL representation for module `\IDELAYE3'.
Generating RTLIL representation for module `\ODELAYE3'.
Generating RTLIL representation for module `\ISERDESE3'.
Generating RTLIL representation for module `\OSERDESE3'.
Generating RTLIL representation for module `\BITSLICE_CONTROL'.
Generating RTLIL representation for module `\RIU_OR'.
Generating RTLIL representation for module `\RX_BITSLICE'.
Generating RTLIL representation for module `\RXTX_BITSLICE'.
Generating RTLIL representation for module `\TX_BITSLICE'.
Generating RTLIL representation for module `\TX_BITSLICE_TRI'.
Generating RTLIL representation for module `\IODELAY2'.
Generating RTLIL representation for module `\IODRP2'.
Generating RTLIL representation for module `\IODRP2_MCB'.
Generating RTLIL representation for module `\ISERDES2'.
Generating RTLIL representation for module `\OSERDES2'.
Generating RTLIL representation for module `\IBUF_DLY_ADJ'.
Generating RTLIL representation for module `\IBUF_IBUFDISABLE'.
Generating RTLIL representation for module `\IBUF_INTERMDISABLE'.
Generating RTLIL representation for module `\IBUF_ANALOG'.
Generating RTLIL representation for module `\IBUFE3'.
Generating RTLIL representation for module `\IBUFDS'.
Generating RTLIL representation for module `\IBUFDS_DLY_ADJ'.
Generating RTLIL representation for module `\IBUFDS_IBUFDISABLE'.
Generating RTLIL representation for module `\IBUFDS_INTERMDISABLE'.
Generating RTLIL representation for module `\IBUFDS_DIFF_OUT'.
Generating RTLIL representation for module `\IBUFDS_DIFF_OUT_IBUFDISABLE'.
Generating RTLIL representation for module `\IBUFDS_DIFF_OUT_INTERMDISABLE'.
Generating RTLIL representation for module `\IBUFDSE3'.
Generating RTLIL representation for module `\IBUFDS_DPHY'.
Generating RTLIL representation for module `\IBUFGDS'.
Generating RTLIL representation for module `\IBUFGDS_DIFF_OUT'.
Generating RTLIL representation for module `\IOBUF_DCIEN'.
Generating RTLIL representation for module `\IOBUF_INTERMDISABLE'.
Generating RTLIL representation for module `\IOBUFE3'.
Generating RTLIL representation for module `\IOBUFDS'.
Generating RTLIL representation for module `\IOBUFDS_DCIEN'.
Generating RTLIL representation for module `\IOBUFDS_INTERMDISABLE'.
Generating RTLIL representation for module `\IOBUFDS_DIFF_OUT'.
Generating RTLIL representation for module `\IOBUFDS_DIFF_OUT_DCIEN'.
Generating RTLIL representation for module `\IOBUFDS_DIFF_OUT_INTERMDISABLE'.
Generating RTLIL representation for module `\IOBUFDSE3'.
Generating RTLIL representation for module `\OBUFDS'.
Generating RTLIL representation for module `\OBUFDS_DPHY'.
Generating RTLIL representation for module `\OBUFTDS'.
Generating RTLIL representation for module `\KEEPER'.
Generating RTLIL representation for module `\PULLDOWN'.
Generating RTLIL representation for module `\PULLUP'.
Generating RTLIL representation for module `\DCIRESET'.
Generating RTLIL representation for module `\HPIO_VREF'.
Generating RTLIL representation for module `\BUFGCE'.
Generating RTLIL representation for module `\BUFGCE_1'.
Generating RTLIL representation for module `\BUFGMUX'.
Generating RTLIL representation for module `\BUFGMUX_1'.
Generating RTLIL representation for module `\BUFGMUX_CTRL'.
Generating RTLIL representation for module `\BUFGMUX_VIRTEX4'.
Generating RTLIL representation for module `\BUFG_GT'.
Generating RTLIL representation for module `\BUFG_GT_SYNC'.
Generating RTLIL representation for module `\BUFG_PS'.
Generating RTLIL representation for module `\BUFGCE_DIV'.
Generating RTLIL representation for module `\BUFH'.
Generating RTLIL representation for module `\BUFIO2'.
Generating RTLIL representation for module `\BUFIO2_2CLK'.
Generating RTLIL representation for module `\BUFIO2FB'.
Generating RTLIL representation for module `\BUFPLL'.
Generating RTLIL representation for module `\BUFPLL_MCB'.
Generating RTLIL representation for module `\BUFIO'.
Generating RTLIL representation for module `\BUFIODQS'.
Generating RTLIL representation for module `\BUFR'.
Generating RTLIL representation for module `\BUFMR'.
Generating RTLIL representation for module `\BUFMRCE'.
Generating RTLIL representation for module `\DCM'.
Generating RTLIL representation for module `\DCM_SP'.
Generating RTLIL representation for module `\DCM_CLKGEN'.
Generating RTLIL representation for module `\DCM_ADV'.
Generating RTLIL representation for module `\DCM_BASE'.
Generating RTLIL representation for module `\DCM_PS'.
Generating RTLIL representation for module `\PMCD'.
Generating RTLIL representation for module `\PLL_ADV'.
Generating RTLIL representation for module `\PLL_BASE'.
Generating RTLIL representation for module `\MMCM_ADV'.
Generating RTLIL representation for module `\MMCM_BASE'.
Generating RTLIL representation for module `\MMCME2_ADV'.
Generating RTLIL representation for module `\MMCME2_BASE'.
Generating RTLIL representation for module `\PLLE2_ADV'.
Generating RTLIL representation for module `\PLLE2_BASE'.
Generating RTLIL representation for module `\MMCME3_ADV'.
Generating RTLIL representation for module `\MMCME3_BASE'.
Generating RTLIL representation for module `\PLLE3_ADV'.
Generating RTLIL representation for module `\PLLE3_BASE'.
Generating RTLIL representation for module `\MMCME4_ADV'.
Generating RTLIL representation for module `\MMCME4_BASE'.
Generating RTLIL representation for module `\PLLE4_ADV'.
Generating RTLIL representation for module `\PLLE4_BASE'.
Generating RTLIL representation for module `\BUFT'.
Generating RTLIL representation for module `\IN_FIFO'.
Generating RTLIL representation for module `\OUT_FIFO'.
Generating RTLIL representation for module `\HARD_SYNC'.
Generating RTLIL representation for module `\STARTUP_SPARTAN3'.
Generating RTLIL representation for module `\STARTUP_SPARTAN3E'.
Generating RTLIL representation for module `\STARTUP_SPARTAN3A'.
Generating RTLIL representation for module `\STARTUP_SPARTAN6'.
Generating RTLIL representation for module `\STARTUP_VIRTEX4'.
Generating RTLIL representation for module `\STARTUP_VIRTEX5'.
Generating RTLIL representation for module `\STARTUP_VIRTEX6'.
Generating RTLIL representation for module `\STARTUPE2'.
Generating RTLIL representation for module `\STARTUPE3'.
Generating RTLIL representation for module `\CAPTURE_SPARTAN3'.
Generating RTLIL representation for module `\CAPTURE_SPARTAN3A'.
Generating RTLIL representation for module `\CAPTURE_VIRTEX4'.
Generating RTLIL representation for module `\CAPTURE_VIRTEX5'.
Generating RTLIL representation for module `\CAPTURE_VIRTEX6'.
Generating RTLIL representation for module `\CAPTUREE2'.
Generating RTLIL representation for module `\ICAP_SPARTAN3A'.
Generating RTLIL representation for module `\ICAP_SPARTAN6'.
Generating RTLIL representation for module `\ICAP_VIRTEX4'.
Generating RTLIL representation for module `\ICAP_VIRTEX5'.
Generating RTLIL representation for module `\ICAP_VIRTEX6'.
Generating RTLIL representation for module `\ICAPE2'.
Generating RTLIL representation for module `\ICAPE3'.
Generating RTLIL representation for module `\BSCAN_SPARTAN3'.
Generating RTLIL representation for module `\BSCAN_SPARTAN3A'.
Generating RTLIL representation for module `\BSCAN_SPARTAN6'.
Generating RTLIL representation for module `\BSCAN_VIRTEX4'.
Generating RTLIL representation for module `\BSCAN_VIRTEX5'.
Generating RTLIL representation for module `\BSCAN_VIRTEX6'.
Generating RTLIL representation for module `\BSCANE2'.
Generating RTLIL representation for module `\DNA_PORT'.
Generating RTLIL representation for module `\DNA_PORTE2'.
Generating RTLIL representation for module `\FRAME_ECC_VIRTEX4'.
Generating RTLIL representation for module `\FRAME_ECC_VIRTEX5'.
Generating RTLIL representation for module `\FRAME_ECC_VIRTEX6'.
Generating RTLIL representation for module `\FRAME_ECCE2'.
Generating RTLIL representation for module `\FRAME_ECCE3'.
Generating RTLIL representation for module `\FRAME_ECCE4'.
Generating RTLIL representation for module `\USR_ACCESS_VIRTEX4'.
Generating RTLIL representation for module `\USR_ACCESS_VIRTEX5'.
Generating RTLIL representation for module `\USR_ACCESS_VIRTEX6'.
Generating RTLIL representation for module `\USR_ACCESSE2'.
Generating RTLIL representation for module `\POST_CRC_INTERNAL'.
Generating RTLIL representation for module `\SUSPEND_SYNC'.
Generating RTLIL representation for module `\KEY_CLEAR'.
Generating RTLIL representation for module `\MASTER_JTAG'.
Generating RTLIL representation for module `\SPI_ACCESS'.
Generating RTLIL representation for module `\EFUSE_USR'.
Generating RTLIL representation for module `\SYSMON'.
Generating RTLIL representation for module `\XADC'.
Generating RTLIL representation for module `\SYSMONE1'.
Generating RTLIL representation for module `\SYSMONE4'.
Generating RTLIL representation for module `\GTPA1_DUAL'.
Generating RTLIL representation for module `\GT11_CUSTOM'.
Generating RTLIL representation for module `\GT11_DUAL'.
Generating RTLIL representation for module `\GT11CLK'.
Generating RTLIL representation for module `\GT11CLK_MGT'.
Generating RTLIL representation for module `\GTP_DUAL'.
Generating RTLIL representation for module `\GTX_DUAL'.
Generating RTLIL representation for module `\CRC32'.
Generating RTLIL representation for module `\CRC64'.
Generating RTLIL representation for module `\GTHE1_QUAD'.
Generating RTLIL representation for module `\GTXE1'.
Generating RTLIL representation for module `\IBUFDS_GTXE1'.
Generating RTLIL representation for module `\IBUFDS_GTHE1'.
Generating RTLIL representation for module `\GTHE2_CHANNEL'.
Generating RTLIL representation for module `\GTHE2_COMMON'.
Generating RTLIL representation for module `\GTPE2_CHANNEL'.
Generating RTLIL representation for module `\GTPE2_COMMON'.
Generating RTLIL representation for module `\GTXE2_CHANNEL'.
Generating RTLIL representation for module `\GTXE2_COMMON'.
Generating RTLIL representation for module `\IBUFDS_GTE2'.
Generating RTLIL representation for module `\GTHE3_CHANNEL'.
Generating RTLIL representation for module `\GTHE3_COMMON'.
Generating RTLIL representation for module `\GTYE3_CHANNEL'.
Generating RTLIL representation for module `\GTYE3_COMMON'.
Generating RTLIL representation for module `\IBUFDS_GTE3'.
Generating RTLIL representation for module `\OBUFDS_GTE3'.
Generating RTLIL representation for module `\OBUFDS_GTE3_ADV'.
Generating RTLIL representation for module `\GTHE4_CHANNEL'.
Generating RTLIL representation for module `\GTHE4_COMMON'.
Generating RTLIL representation for module `\GTYE4_CHANNEL'.
Generating RTLIL representation for module `\GTYE4_COMMON'.
Generating RTLIL representation for module `\IBUFDS_GTE4'.
Generating RTLIL representation for module `\OBUFDS_GTE4'.
Generating RTLIL representation for module `\OBUFDS_GTE4_ADV'.
Generating RTLIL representation for module `\GTM_DUAL'.
Generating RTLIL representation for module `\IBUFDS_GTM'.
Generating RTLIL representation for module `\OBUFDS_GTM'.
Generating RTLIL representation for module `\OBUFDS_GTM_ADV'.
Generating RTLIL representation for module `\HSDAC'.
Generating RTLIL representation for module `\HSADC'.
Generating RTLIL representation for module `\RFDAC'.
Generating RTLIL representation for module `\RFADC'.
Generating RTLIL representation for module `\PCIE_A1'.
Generating RTLIL representation for module `\PCIE_EP'.
Generating RTLIL representation for module `\PCIE_2_0'.
Generating RTLIL representation for module `\PCIE_2_1'.
Generating RTLIL representation for module `\PCIE_3_0'.
Generating RTLIL representation for module `\PCIE_3_1'.
Generating RTLIL representation for module `\PCIE40E4'.
Generating RTLIL representation for module `\PCIE4CE4'.
Generating RTLIL representation for module `\EMAC'.
Generating RTLIL representation for module `\TEMAC'.
Generating RTLIL representation for module `\TEMAC_SINGLE'.
Generating RTLIL representation for module `\CMAC'.
Generating RTLIL representation for module `\CMACE4'.
Generating RTLIL representation for module `\MCB'.
Generating RTLIL representation for module `\HBM_REF_CLK'.
Generating RTLIL representation for module `\HBM_SNGLBLI_INTF_APB'.
Generating RTLIL representation for module `\HBM_SNGLBLI_INTF_AXI'.
Generating RTLIL representation for module `\HBM_ONE_STACK_INTF'.
Generating RTLIL representation for module `\HBM_TWO_STACK_INTF'.
Generating RTLIL representation for module `\PPC405_ADV'.
Generating RTLIL representation for module `\PPC440'.
Generating RTLIL representation for module `\PS7'.
Generating RTLIL representation for module `\PS8'.
Generating RTLIL representation for module `\ILKN'.
Generating RTLIL representation for module `\ILKNE4'.
Generating RTLIL representation for module `\VCU'.
Generating RTLIL representation for module `\FE'.
Successfully finished Verilog frontend.

4.3. Executing HIERARCHY pass (managing design hierarchy).

4.3.1. Analyzing design hierarchy..
Top module:  \cordic_vectoring
Used module:     \cordic_fsm
Used module:     \cordic_atan_rom

4.3.2. Analyzing design hierarchy..
Top module:  \cordic_vectoring
Used module:     \cordic_fsm
Used module:     \cordic_atan_rom
Removed 0 unused modules.

4.4. Executing PROC pass (convert processes to netlists).

4.4.1. Executing PROC_CLEAN pass (remove empty switches from decision trees).
Cleaned up 0 empty switches.

4.4.2. Executing PROC_RMDEAD pass (remove dead branches from decision trees).
Marked 1 switch rules as full_case in process $proc$/usr/bin/../share/yosys/xilinx/cells_sim.v:1986$954 in module RAM64M.
Marked 1 switch rules as full_case in process $proc$/usr/bin/../share/yosys/xilinx/cells_sim.v:1812$834 in module RAM32M.
Marked 1 switch rules as full_case in process $proc$/usr/bin/../share/yosys/xilinx/cells_sim.v:1716$781 in module RAM128X1D.
Marked 1 switch rules as full_case in process $proc$/usr/bin/../share/yosys/xilinx/cells_sim.v:1611$744 in module RAM64X1D.
Marked 1 switch rules as full_case in process $proc$/usr/bin/../share/yosys/xilinx/cells_sim.v:1565$726 in module RAM32X1D_1.
Marked 1 switch rules as full_case in process $proc$/usr/bin/../share/yosys/xilinx/cells_sim.v:1506$696 in module RAM32X1D.
Marked 1 switch rules as full_case in process $proc$/usr/bin/../share/yosys/xilinx/cells_sim.v:815$645 in module FDPE_1.
Marked 1 switch rules as full_case in process $proc$/usr/bin/../share/yosys/xilinx/cells_sim.v:774$642 in module FDPE.
Marked 1 switch rules as full_case in process $proc$/usr/bin/../share/yosys/xilinx/cells_sim.v:736$627 in module FDCE_1.
Marked 1 switch rules as full_case in process $proc$/usr/bin/../share/yosys/xilinx/cells_sim.v:695$624 in module FDCE.
Marked 1 switch rules as full_case in process $proc$/usr/bin/../share/yosys/xilinx/cells_sim.v:592$609 in module FDSE_1.
Marked 1 switch rules as full_case in process $proc$/usr/bin/../share/yosys/xilinx/cells_sim.v:559$605 in module FDSE.
Marked 1 switch rules as full_case in process $proc$/usr/bin/../share/yosys/xilinx/cells_sim.v:527$587 in module FDRE_1.
Marked 1 switch rules as full_case in process $proc$/usr/bin/../share/yosys/xilinx/cells_sim.v:494$583 in module FDRE.
Marked 8 switch rules as full_case in process $proc$cordic.sv:68$20 in module cordic_vectoring.
Marked 1 switch rules as full_case in process $proc$cordic.sv:0$6 in module cordic_vectoring.
Marked 3 switch rules as full_case in process $proc$cordic_fsm.sv:0$3 in module cordic_fsm.
Marked 1 switch rules as full_case in process $proc$cordic_fsm.sv:16$2 in module cordic_fsm.
Removed 1 dead cases from process $proc$ROM.sv:0$1 in module cordic_atan_rom.
Marked 1 switch rules as full_case in process $proc$ROM.sv:0$1 in module cordic_atan_rom.
Removed a total of 1 dead cases.

4.4.3. Executing PROC_PRUNE pass (remove redundant assignments in processes).
Removed 1 redundant assignment.
Promoted 76 assignments to connections.

4.4.4. Executing PROC_INIT pass (extract init attributes).
Found init rule in `\SRLC32E.$proc$/usr/bin/../share/yosys/xilinx/cells_sim.v:2405$1083'.
  Set init value: \r = 0
Found init rule in `\SRLC16E.$proc$/usr/bin/../share/yosys/xilinx/cells_sim.v:2361$1076'.
  Set init value: \r = 16'0000000000000000
Found init rule in `\SRLC16.$proc$/usr/bin/../share/yosys/xilinx/cells_sim.v:2329$1069'.
  Set init value: \r = 16'0000000000000000
Found init rule in `\SRL16E.$proc$/usr/bin/../share/yosys/xilinx/cells_sim.v:2292$1066'.
  Set init value: \r = 16'0000000000000000
Found init rule in `\SRL16.$proc$/usr/bin/../share/yosys/xilinx/cells_sim.v:2264$1059'.
  Set init value: \r = 16'0000000000000000
Found init rule in `\RAM64M.$proc$/usr/bin/../share/yosys/xilinx/cells_sim.v:1980$1032'.
  Set init value: \mem_d = 64'0000000000000000000000000000000000000000000000000000000000000000
Found init rule in `\RAM64M.$proc$/usr/bin/../share/yosys/xilinx/cells_sim.v:1979$1031'.
  Set init value: \mem_c = 64'0000000000000000000000000000000000000000000000000000000000000000
Found init rule in `\RAM64M.$proc$/usr/bin/../share/yosys/xilinx/cells_sim.v:1978$1030'.
  Set init value: \mem_b = 64'0000000000000000000000000000000000000000000000000000000000000000
Found init rule in `\RAM64M.$proc$/usr/bin/../share/yosys/xilinx/cells_sim.v:1977$1029'.
  Set init value: \mem_a = 64'0000000000000000000000000000000000000000000000000000000000000000
Found init rule in `\RAM32M.$proc$/usr/bin/../share/yosys/xilinx/cells_sim.v:1806$932'.
  Set init value: \mem_d = 64'0000000000000000000000000000000000000000000000000000000000000000
Found init rule in `\RAM32M.$proc$/usr/bin/../share/yosys/xilinx/cells_sim.v:1805$931'.
  Set init value: \mem_c = 64'0000000000000000000000000000000000000000000000000000000000000000
Found init rule in `\RAM32M.$proc$/usr/bin/../share/yosys/xilinx/cells_sim.v:1804$930'.
  Set init value: \mem_b = 64'0000000000000000000000000000000000000000000000000000000000000000
Found init rule in `\RAM32M.$proc$/usr/bin/../share/yosys/xilinx/cells_sim.v:1803$929'.
  Set init value: \mem_a = 64'0000000000000000000000000000000000000000000000000000000000000000
Found init rule in `\RAM128X1D.$proc$/usr/bin/../share/yosys/xilinx/cells_sim.v:1712$811'.
  Set init value: \mem = 128'00000000000000000000000000000000000000000000000000000000000000000000000000000000000000000000000000000000000000000000000000000000
Found init rule in `\RAM64X1D.$proc$/usr/bin/../share/yosys/xilinx/cells_sim.v:1607$774'.
  Set init value: \mem = 64'0000000000000000000000000000000000000000000000000000000000000000
Found init rule in `\RAM32X1D_1.$proc$/usr/bin/../share/yosys/xilinx/cells_sim.v:1561$738'.
  Set init value: \mem = 0
Found init rule in `\RAM32X1D.$proc$/usr/bin/../share/yosys/xilinx/cells_sim.v:1502$720'.
  Set init value: \mem = 0
Found init rule in `\FDPE_1.$proc$/usr/bin/../share/yosys/xilinx/cells_sim.v:0$648'.
  Set init value: \Q = 1'1
Found init rule in `\FDPE.$proc$/usr/bin/../share/yosys/xilinx/cells_sim.v:0$644'.
  Set init value: \Q = 1'1
Found init rule in `\FDCE_1.$proc$/usr/bin/../share/yosys/xilinx/cells_sim.v:0$630'.
  Set init value: \Q = 1'0
Found init rule in `\FDCE.$proc$/usr/bin/../share/yosys/xilinx/cells_sim.v:0$626'.
  Set init value: \Q = 1'0
Found init rule in `\FDSE_1.$proc$/usr/bin/../share/yosys/xilinx/cells_sim.v:0$612'.
  Set init value: \Q = 1'1
Found init rule in `\FDSE.$proc$/usr/bin/../share/yosys/xilinx/cells_sim.v:0$608'.
  Set init value: \Q = 1'1
Found init rule in `\FDRE_1.$proc$/usr/bin/../share/yosys/xilinx/cells_sim.v:0$590'.
  Set init value: \Q = 1'0
Found init rule in `\FDRE.$proc$/usr/bin/../share/yosys/xilinx/cells_sim.v:0$586'.
  Set init value: \Q = 1'0

4.4.5. Executing PROC_ARST pass (detect async resets in processes).
Found async reset \PRE in `\FDPE_1.$proc$/usr/bin/../share/yosys/xilinx/cells_sim.v:815$645'.
Found async reset \PRE in `\FDPE.$proc$/usr/bin/../share/yosys/xilinx/cells_sim.v:774$642'.
Found async reset \CLR in `\FDCE_1.$proc$/usr/bin/../share/yosys/xilinx/cells_sim.v:736$627'.
Found async reset \CLR in `\FDCE.$proc$/usr/bin/../share/yosys/xilinx/cells_sim.v:695$624'.

4.4.6. Executing PROC_ROM pass (convert switches to ROMs).
Converted 1 switch.
<suppressed ~34 debug messages>

4.4.7. Executing PROC_MUX pass (convert decision trees to multiplexers).
Creating decoders for process `\SRLC32E.$proc$/usr/bin/../share/yosys/xilinx/cells_sim.v:2405$1083'.
Creating decoders for process `\SRLC32E.$proc$/usr/bin/../share/yosys/xilinx/cells_sim.v:2413$1082'.
     1/1: $0\r[31:0]
Creating decoders for process `\SRLC16E.$proc$/usr/bin/../share/yosys/xilinx/cells_sim.v:2361$1076'.
Creating decoders for process `\SRLC16E.$proc$/usr/bin/../share/yosys/xilinx/cells_sim.v:2369$1075'.
     1/1: $0\r[15:0]
Creating decoders for process `\SRLC16.$proc$/usr/bin/../share/yosys/xilinx/cells_sim.v:2329$1069'.
Creating decoders for process `\SRLC16.$proc$/usr/bin/../share/yosys/xilinx/cells_sim.v:2332$1068'.
Creating decoders for process `\SRL16E.$proc$/usr/bin/../share/yosys/xilinx/cells_sim.v:2292$1066'.
Creating decoders for process `\SRL16E.$proc$/usr/bin/../share/yosys/xilinx/cells_sim.v:2299$1065'.
     1/1: $0\r[15:0]
Creating decoders for process `\SRL16.$proc$/usr/bin/../share/yosys/xilinx/cells_sim.v:2264$1059'.
Creating decoders for process `\SRL16.$proc$/usr/bin/../share/yosys/xilinx/cells_sim.v:2266$1058'.
Creating decoders for process `\RAM64M.$proc$/usr/bin/../share/yosys/xilinx/cells_sim.v:1980$1032'.
Creating decoders for process `\RAM64M.$proc$/usr/bin/../share/yosys/xilinx/cells_sim.v:1979$1031'.
Creating decoders for process `\RAM64M.$proc$/usr/bin/../share/yosys/xilinx/cells_sim.v:1978$1030'.
Creating decoders for process `\RAM64M.$proc$/usr/bin/../share/yosys/xilinx/cells_sim.v:1977$1029'.
Creating decoders for process `\RAM64M.$proc$/usr/bin/../share/yosys/xilinx/cells_sim.v:1986$954'.
     1/8: $1$lookahead\mem_d$953[63:0]$970
     2/8: $1$bitselwrite$pos$/usr/bin/../share/yosys/xilinx/cells_sim.v:1991$944[5:0]$966
     3/8: $1$lookahead\mem_c$952[63:0]$969
     4/8: $1$bitselwrite$pos$/usr/bin/../share/yosys/xilinx/cells_sim.v:1990$943[5:0]$965
     5/8: $1$lookahead\mem_b$951[63:0]$968
     6/8: $1$bitselwrite$pos$/usr/bin/../share/yosys/xilinx/cells_sim.v:1989$942[5:0]$964
     7/8: $1$lookahead\mem_a$950[63:0]$967
     8/8: $1$bitselwrite$pos$/usr/bin/../share/yosys/xilinx/cells_sim.v:1988$941[5:0]$963
Creating decoders for process `\RAM32M.$proc$/usr/bin/../share/yosys/xilinx/cells_sim.v:1806$932'.
Creating decoders for process `\RAM32M.$proc$/usr/bin/../share/yosys/xilinx/cells_sim.v:1805$931'.
Creating decoders for process `\RAM32M.$proc$/usr/bin/../share/yosys/xilinx/cells_sim.v:1804$930'.
Creating decoders for process `\RAM32M.$proc$/usr/bin/../share/yosys/xilinx/cells_sim.v:1803$929'.
Creating decoders for process `\RAM32M.$proc$/usr/bin/../share/yosys/xilinx/cells_sim.v:1812$834'.
     1/8: $1$lookahead\mem_d$833[63:0]$850
     2/8: $1$bitselwrite$pos$/usr/bin/../share/yosys/xilinx/cells_sim.v:1817$816[31:0]$846
     3/8: $1$lookahead\mem_c$832[63:0]$849
     4/8: $1$bitselwrite$pos$/usr/bin/../share/yosys/xilinx/cells_sim.v:1816$815[31:0]$845
     5/8: $1$lookahead\mem_b$831[63:0]$848
     6/8: $1$bitselwrite$pos$/usr/bin/../share/yosys/xilinx/cells_sim.v:1815$814[31:0]$844
     7/8: $1$lookahead\mem_a$830[63:0]$847
     8/8: $1$bitselwrite$pos$/usr/bin/../share/yosys/xilinx/cells_sim.v:1814$813[31:0]$843
Creating decoders for process `\RAM128X1D.$proc$/usr/bin/../share/yosys/xilinx/cells_sim.v:1712$811'.
Creating decoders for process `\RAM128X1D.$proc$/usr/bin/../share/yosys/xilinx/cells_sim.v:1716$781'.
     1/2: $1$lookahead\mem$780[127:0]$785
     2/2: $1$bitselwrite$pos$/usr/bin/../share/yosys/xilinx/cells_sim.v:1716$776[6:0]$784
Creating decoders for process `\RAM64X1D.$proc$/usr/bin/../share/yosys/xilinx/cells_sim.v:1607$774'.
Creating decoders for process `\RAM64X1D.$proc$/usr/bin/../share/yosys/xilinx/cells_sim.v:1611$744'.
     1/2: $1$lookahead\mem$743[63:0]$748
     2/2: $1$bitselwrite$pos$/usr/bin/../share/yosys/xilinx/cells_sim.v:1611$739[5:0]$747
Creating decoders for process `\RAM32X1D_1.$proc$/usr/bin/../share/yosys/xilinx/cells_sim.v:1561$738'.
Creating decoders for process `\RAM32X1D_1.$proc$/usr/bin/../share/yosys/xilinx/cells_sim.v:1565$726'.
     1/2: $1$lookahead\mem$725[31:0]$730
     2/2: $1$bitselwrite$pos$/usr/bin/../share/yosys/xilinx/cells_sim.v:1565$721[4:0]$729
Creating decoders for process `\RAM32X1D.$proc$/usr/bin/../share/yosys/xilinx/cells_sim.v:1502$720'.
Creating decoders for process `\RAM32X1D.$proc$/usr/bin/../share/yosys/xilinx/cells_sim.v:1506$696'.
     1/2: $1$lookahead\mem$695[31:0]$700
     2/2: $1$bitselwrite$pos$/usr/bin/../share/yosys/xilinx/cells_sim.v:1506$691[4:0]$699
Creating decoders for process `\FDPE_1.$proc$/usr/bin/../share/yosys/xilinx/cells_sim.v:0$648'.
Creating decoders for process `\FDPE_1.$proc$/usr/bin/../share/yosys/xilinx/cells_sim.v:815$645'.
     1/1: $0\Q[0:0]
Creating decoders for process `\FDPE.$proc$/usr/bin/../share/yosys/xilinx/cells_sim.v:0$644'.
Creating decoders for process `\FDPE.$proc$/usr/bin/../share/yosys/xilinx/cells_sim.v:774$642'.
     1/1: $0\Q[0:0]
Creating decoders for process `\FDCE_1.$proc$/usr/bin/../share/yosys/xilinx/cells_sim.v:0$630'.
Creating decoders for process `\FDCE_1.$proc$/usr/bin/../share/yosys/xilinx/cells_sim.v:736$627'.
     1/1: $0\Q[0:0]
Creating decoders for process `\FDCE.$proc$/usr/bin/../share/yosys/xilinx/cells_sim.v:0$626'.
Creating decoders for process `\FDCE.$proc$/usr/bin/../share/yosys/xilinx/cells_sim.v:695$624'.
     1/1: $0\Q[0:0]
Creating decoders for process `\FDSE_1.$proc$/usr/bin/../share/yosys/xilinx/cells_sim.v:0$612'.
Creating decoders for process `\FDSE_1.$proc$/usr/bin/../share/yosys/xilinx/cells_sim.v:592$609'.
     1/1: $0\Q[0:0]
Creating decoders for process `\FDSE.$proc$/usr/bin/../share/yosys/xilinx/cells_sim.v:0$608'.
Creating decoders for process `\FDSE.$proc$/usr/bin/../share/yosys/xilinx/cells_sim.v:559$605'.
     1/1: $0\Q[0:0]
Creating decoders for process `\FDRE_1.$proc$/usr/bin/../share/yosys/xilinx/cells_sim.v:0$590'.
Creating decoders for process `\FDRE_1.$proc$/usr/bin/../share/yosys/xilinx/cells_sim.v:527$587'.
     1/1: $0\Q[0:0]
Creating decoders for process `\FDRE.$proc$/usr/bin/../share/yosys/xilinx/cells_sim.v:0$586'.
Creating decoders for process `\FDRE.$proc$/usr/bin/../share/yosys/xilinx/cells_sim.v:494$583'.
     1/1: $0\Q[0:0]
Creating decoders for process `\cordic_vectoring.$proc$cordic.sv:68$20'.
     1/17: $6\saturate_s16$func$cordic.sv:95$4.$result[15:0]$38
     2/17: $5\saturate_s16$func$cordic.sv:95$4.$result[15:0]$36
     3/17: $4\saturate_s16$func$cordic.sv:95$4.$result[15:0]$33
     4/17: $4\saturate_s16$func$cordic.sv:95$4.value[33:0]$34
     5/17: $3\saturate_s16$func$cordic.sv:95$4.value[33:0]$32
     6/17: $3\saturate_s16$func$cordic.sv:95$4.$result[15:0]$31
     7/17: $2\saturate_s16$func$cordic.sv:95$4.value[33:0]$26
     8/17: $2\saturate_s16$func$cordic.sv:95$4.$result[15:0]$25
     9/17: $1\saturate_s16$func$cordic.sv:95$4.value[33:0]$24
    10/17: $1\saturate_s16$func$cordic.sv:95$4.$result[15:0]$23
    11/17: $0\iter[3:0]
    12/17: $0\z_reg[17:0]
    13/17: $0\y_reg[17:0]
    14/17: $0\x_reg[17:0]
    15/17: $0\y_residual[17:0]
    16/17: $0\phi[17:0]
    17/17: $0\r[15:0]
Creating decoders for process `\cordic_vectoring.$proc$cordic.sv:0$6'.
     1/3: $1\z_next[17:0]
     2/3: $1\y_next[17:0]
     3/3: $1\x_next[17:0]
Creating decoders for process `\cordic_fsm.$proc$cordic_fsm.sv:0$3'.
     1/10: $3\next_state[1:0]
     2/10: $2\result_en[0:0]
     3/10: $2\next_state[1:0]
     4/10: $2\load[0:0]
     5/10: $1\next_state[1:0]
     6/10: $1\load[0:0]
     7/10: $1\done[0:0]
     8/10: $1\busy[0:0]
     9/10: $1\result_en[0:0]
    10/10: $1\iter_en[0:0]
Creating decoders for process `\cordic_fsm.$proc$cordic_fsm.sv:16$2'.
     1/1: $0\state[1:0]
Creating decoders for process `\cordic_atan_rom.$proc$ROM.sv:0$1'.
     1/1: $1\angle[15:0]

4.4.8. Executing PROC_DLATCH pass (convert process syncs to latches).
No latch inferred for signal `\cordic_vectoring.\x_next' from process `\cordic_vectoring.$proc$cordic.sv:0$6'.
No latch inferred for signal `\cordic_vectoring.\y_next' from process `\cordic_vectoring.$proc$cordic.sv:0$6'.
No latch inferred for signal `\cordic_vectoring.\z_next' from process `\cordic_vectoring.$proc$cordic.sv:0$6'.
No latch inferred for signal `\cordic_vectoring.\r_scaled' from process `\cordic_vectoring.$proc$cordic.sv:0$6'.
No latch inferred for signal `\cordic_fsm.\load' from process `\cordic_fsm.$proc$cordic_fsm.sv:0$3'.
No latch inferred for signal `\cordic_fsm.\iter_en' from process `\cordic_fsm.$proc$cordic_fsm.sv:0$3'.
No latch inferred for signal `\cordic_fsm.\result_en' from process `\cordic_fsm.$proc$cordic_fsm.sv:0$3'.
No latch inferred for signal `\cordic_fsm.\busy' from process `\cordic_fsm.$proc$cordic_fsm.sv:0$3'.
No latch inferred for signal `\cordic_fsm.\done' from process `\cordic_fsm.$proc$cordic_fsm.sv:0$3'.
No latch inferred for signal `\cordic_fsm.\next_state' from process `\cordic_fsm.$proc$cordic_fsm.sv:0$3'.
No latch inferred for signal `\cordic_atan_rom.\angle' from process `\cordic_atan_rom.$proc$ROM.sv:0$1'.

4.4.9. Executing PROC_DFF pass (convert process syncs to FFs).
Creating register for signal `\SRLC32E.\r' using process `\SRLC32E.$proc$/usr/bin/../share/yosys/xilinx/cells_sim.v:2413$1082'.
  created $dff cell `$procdff$1494' with positive edge clock.
Creating register for signal `\SRLC16E.\r' using process `\SRLC16E.$proc$/usr/bin/../share/yosys/xilinx/cells_sim.v:2369$1075'.
  created $dff cell `$procdff$1495' with positive edge clock.
Creating register for signal `\SRLC16.\r' using process `\SRLC16.$proc$/usr/bin/../share/yosys/xilinx/cells_sim.v:2332$1068'.
  created $dff cell `$procdff$1496' with positive edge clock.
Creating register for signal `\SRL16E.\r' using process `\SRL16E.$proc$/usr/bin/../share/yosys/xilinx/cells_sim.v:2299$1065'.
  created $dff cell `$procdff$1497' with positive edge clock.
Creating register for signal `\SRL16.\r' using process `\SRL16.$proc$/usr/bin/../share/yosys/xilinx/cells_sim.v:2266$1058'.
  created $dff cell `$procdff$1498' with positive edge clock.
Creating register for signal `\RAM64M.\mem_a' using process `\RAM64M.$proc$/usr/bin/../share/yosys/xilinx/cells_sim.v:1986$954'.
  created $dff cell `$procdff$1499' with positive edge clock.
Creating register for signal `\RAM64M.\mem_b' using process `\RAM64M.$proc$/usr/bin/../share/yosys/xilinx/cells_sim.v:1986$954'.
  created $dff cell `$procdff$1500' with positive edge clock.
Creating register for signal `\RAM64M.\mem_c' using process `\RAM64M.$proc$/usr/bin/../share/yosys/xilinx/cells_sim.v:1986$954'.
  created $dff cell `$procdff$1501' with positive edge clock.
Creating register for signal `\RAM64M.\mem_d' using process `\RAM64M.$proc$/usr/bin/../share/yosys/xilinx/cells_sim.v:1986$954'.
  created $dff cell `$procdff$1502' with positive edge clock.
Creating register for signal `\RAM64M.$bitselwrite$pos$/usr/bin/../share/yosys/xilinx/cells_sim.v:1988$941' using process `\RAM64M.$proc$/usr/bin/../share/yosys/xilinx/cells_sim.v:1986$954'.
  created $dff cell `$procdff$1503' with positive edge clock.
Creating register for signal `\RAM64M.$bitselwrite$pos$/usr/bin/../share/yosys/xilinx/cells_sim.v:1989$942' using process `\RAM64M.$proc$/usr/bin/../share/yosys/xilinx/cells_sim.v:1986$954'.
  created $dff cell `$procdff$1504' with positive edge clock.
Creating register for signal `\RAM64M.$bitselwrite$pos$/usr/bin/../share/yosys/xilinx/cells_sim.v:1990$943' using process `\RAM64M.$proc$/usr/bin/../share/yosys/xilinx/cells_sim.v:1986$954'.
  created $dff cell `$procdff$1505' with positive edge clock.
Creating register for signal `\RAM64M.$bitselwrite$pos$/usr/bin/../share/yosys/xilinx/cells_sim.v:1991$944' using process `\RAM64M.$proc$/usr/bin/../share/yosys/xilinx/cells_sim.v:1986$954'.
  created $dff cell `$procdff$1506' with positive edge clock.
Creating register for signal `\RAM64M.$lookahead\mem_a$950' using process `\RAM64M.$proc$/usr/bin/../share/yosys/xilinx/cells_sim.v:1986$954'.
  created $dff cell `$procdff$1507' with positive edge clock.
Creating register for signal `\RAM64M.$lookahead\mem_b$951' using process `\RAM64M.$proc$/usr/bin/../share/yosys/xilinx/cells_sim.v:1986$954'.
  created $dff cell `$procdff$1508' with positive edge clock.
Creating register for signal `\RAM64M.$lookahead\mem_c$952' using process `\RAM64M.$proc$/usr/bin/../share/yosys/xilinx/cells_sim.v:1986$954'.
  created $dff cell `$procdff$1509' with positive edge clock.
Creating register for signal `\RAM64M.$lookahead\mem_d$953' using process `\RAM64M.$proc$/usr/bin/../share/yosys/xilinx/cells_sim.v:1986$954'.
  created $dff cell `$procdff$1510' with positive edge clock.
Creating register for signal `\RAM32M.\mem_a' using process `\RAM32M.$proc$/usr/bin/../share/yosys/xilinx/cells_sim.v:1812$834'.
  created $dff cell `$procdff$1511' with positive edge clock.
Creating register for signal `\RAM32M.\mem_b' using process `\RAM32M.$proc$/usr/bin/../share/yosys/xilinx/cells_sim.v:1812$834'.
  created $dff cell `$procdff$1512' with positive edge clock.
Creating register for signal `\RAM32M.\mem_c' using process `\RAM32M.$proc$/usr/bin/../share/yosys/xilinx/cells_sim.v:1812$834'.
  created $dff cell `$procdff$1513' with positive edge clock.
Creating register for signal `\RAM32M.\mem_d' using process `\RAM32M.$proc$/usr/bin/../share/yosys/xilinx/cells_sim.v:1812$834'.
  created $dff cell `$procdff$1514' with positive edge clock.
Creating register for signal `\RAM32M.$bitselwrite$pos$/usr/bin/../share/yosys/xilinx/cells_sim.v:1814$813' using process `\RAM32M.$proc$/usr/bin/../share/yosys/xilinx/cells_sim.v:1812$834'.
  created $dff cell `$procdff$1515' with positive edge clock.
Creating register for signal `\RAM32M.$bitselwrite$pos$/usr/bin/../share/yosys/xilinx/cells_sim.v:1815$814' using process `\RAM32M.$proc$/usr/bin/../share/yosys/xilinx/cells_sim.v:1812$834'.
  created $dff cell `$procdff$1516' with positive edge clock.
Creating register for signal `\RAM32M.$bitselwrite$pos$/usr/bin/../share/yosys/xilinx/cells_sim.v:1816$815' using process `\RAM32M.$proc$/usr/bin/../share/yosys/xilinx/cells_sim.v:1812$834'.
  created $dff cell `$procdff$1517' with positive edge clock.
Creating register for signal `\RAM32M.$bitselwrite$pos$/usr/bin/../share/yosys/xilinx/cells_sim.v:1817$816' using process `\RAM32M.$proc$/usr/bin/../share/yosys/xilinx/cells_sim.v:1812$834'.
  created $dff cell `$procdff$1518' with positive edge clock.
Creating register for signal `\RAM32M.$lookahead\mem_a$830' using process `\RAM32M.$proc$/usr/bin/../share/yosys/xilinx/cells_sim.v:1812$834'.
  created $dff cell `$procdff$1519' with positive edge clock.
Creating register for signal `\RAM32M.$lookahead\mem_b$831' using process `\RAM32M.$proc$/usr/bin/../share/yosys/xilinx/cells_sim.v:1812$834'.
  created $dff cell `$procdff$1520' with positive edge clock.
Creating register for signal `\RAM32M.$lookahead\mem_c$832' using process `\RAM32M.$proc$/usr/bin/../share/yosys/xilinx/cells_sim.v:1812$834'.
  created $dff cell `$procdff$1521' with positive edge clock.
Creating register for signal `\RAM32M.$lookahead\mem_d$833' using process `\RAM32M.$proc$/usr/bin/../share/yosys/xilinx/cells_sim.v:1812$834'.
  created $dff cell `$procdff$1522' with positive edge clock.
Creating register for signal `\RAM128X1D.\mem' using process `\RAM128X1D.$proc$/usr/bin/../share/yosys/xilinx/cells_sim.v:1716$781'.
  created $dff cell `$procdff$1523' with positive edge clock.
Creating register for signal `\RAM128X1D.$bitselwrite$pos$/usr/bin/../share/yosys/xilinx/cells_sim.v:1716$776' using process `\RAM128X1D.$proc$/usr/bin/../share/yosys/xilinx/cells_sim.v:1716$781'.
  created $dff cell `$procdff$1524' with positive edge clock.
Creating register for signal `\RAM128X1D.$lookahead\mem$780' using process `\RAM128X1D.$proc$/usr/bin/../share/yosys/xilinx/cells_sim.v:1716$781'.
  created $dff cell `$procdff$1525' with positive edge clock.
Creating register for signal `\RAM64X1D.\mem' using process `\RAM64X1D.$proc$/usr/bin/../share/yosys/xilinx/cells_sim.v:1611$744'.
  created $dff cell `$procdff$1526' with positive edge clock.
Creating register for signal `\RAM64X1D.$bitselwrite$pos$/usr/bin/../share/yosys/xilinx/cells_sim.v:1611$739' using process `\RAM64X1D.$proc$/usr/bin/../share/yosys/xilinx/cells_sim.v:1611$744'.
  created $dff cell `$procdff$1527' with positive edge clock.
Creating register for signal `\RAM64X1D.$lookahead\mem$743' using process `\RAM64X1D.$proc$/usr/bin/../share/yosys/xilinx/cells_sim.v:1611$744'.
  created $dff cell `$procdff$1528' with positive edge clock.
Creating register for signal `\RAM32X1D_1.\mem' using process `\RAM32X1D_1.$proc$/usr/bin/../share/yosys/xilinx/cells_sim.v:1565$726'.
  created $dff cell `$procdff$1529' with negative edge clock.
Creating register for signal `\RAM32X1D_1.$bitselwrite$pos$/usr/bin/../share/yosys/xilinx/cells_sim.v:1565$721' using process `\RAM32X1D_1.$proc$/usr/bin/../share/yosys/xilinx/cells_sim.v:1565$726'.
  created $dff cell `$procdff$1530' with negative edge clock.
Creating register for signal `\RAM32X1D_1.$lookahead\mem$725' using process `\RAM32X1D_1.$proc$/usr/bin/../share/yosys/xilinx/cells_sim.v:1565$726'.
  created $dff cell `$procdff$1531' with negative edge clock.
Creating register for signal `\RAM32X1D.\mem' using process `\RAM32X1D.$proc$/usr/bin/../share/yosys/xilinx/cells_sim.v:1506$696'.
  created $dff cell `$procdff$1532' with positive edge clock.
Creating register for signal `\RAM32X1D.$bitselwrite$pos$/usr/bin/../share/yosys/xilinx/cells_sim.v:1506$691' using process `\RAM32X1D.$proc$/usr/bin/../share/yosys/xilinx/cells_sim.v:1506$696'.
  created $dff cell `$procdff$1533' with positive edge clock.
Creating register for signal `\RAM32X1D.$lookahead\mem$695' using process `\RAM32X1D.$proc$/usr/bin/../share/yosys/xilinx/cells_sim.v:1506$696'.
  created $dff cell `$procdff$1534' with positive edge clock.
Creating register for signal `\FDPE_1.\Q' using process `\FDPE_1.$proc$/usr/bin/../share/yosys/xilinx/cells_sim.v:815$645'.
  created $adff cell `$procdff$1537' with negative edge clock and positive level reset.
Creating register for signal `\FDPE.\Q' using process `\FDPE.$proc$/usr/bin/../share/yosys/xilinx/cells_sim.v:774$642'.
  created $adff cell `$procdff$1540' with positive edge clock and positive level reset.
Creating register for signal `\FDCE_1.\Q' using process `\FDCE_1.$proc$/usr/bin/../share/yosys/xilinx/cells_sim.v:736$627'.
  created $adff cell `$procdff$1543' with negative edge clock and positive level reset.
Creating register for signal `\FDCE.\Q' using process `\FDCE.$proc$/usr/bin/../share/yosys/xilinx/cells_sim.v:695$624'.
  created $adff cell `$procdff$1546' with positive edge clock and positive level reset.
Creating register for signal `\FDSE_1.\Q' using process `\FDSE_1.$proc$/usr/bin/../share/yosys/xilinx/cells_sim.v:592$609'.
  created $dff cell `$procdff$1547' with negative edge clock.
Creating register for signal `\FDSE.\Q' using process `\FDSE.$proc$/usr/bin/../share/yosys/xilinx/cells_sim.v:559$605'.
  created $dff cell `$procdff$1548' with positive edge clock.
Creating register for signal `\FDRE_1.\Q' using process `\FDRE_1.$proc$/usr/bin/../share/yosys/xilinx/cells_sim.v:527$587'.
  created $dff cell `$procdff$1549' with negative edge clock.
Creating register for signal `\FDRE.\Q' using process `\FDRE.$proc$/usr/bin/../share/yosys/xilinx/cells_sim.v:494$583'.
  created $dff cell `$procdff$1550' with positive edge clock.
Creating register for signal `\cordic_vectoring.\r' using process `\cordic_vectoring.$proc$cordic.sv:68$20'.
  created $dff cell `$procdff$1551' with positive edge clock.
Creating register for signal `\cordic_vectoring.\phi' using process `\cordic_vectoring.$proc$cordic.sv:68$20'.
  created $dff cell `$procdff$1552' with positive edge clock.
Creating register for signal `\cordic_vectoring.\y_residual' using process `\cordic_vectoring.$proc$cordic.sv:68$20'.
  created $dff cell `$procdff$1553' with positive edge clock.
Creating register for signal `\cordic_vectoring.\x_reg' using process `\cordic_vectoring.$proc$cordic.sv:68$20'.
  created $dff cell `$procdff$1554' with positive edge clock.
Creating register for signal `\cordic_vectoring.\y_reg' using process `\cordic_vectoring.$proc$cordic.sv:68$20'.
  created $dff cell `$procdff$1555' with positive edge clock.
Creating register for signal `\cordic_vectoring.\z_reg' using process `\cordic_vectoring.$proc$cordic.sv:68$20'.
  created $dff cell `$procdff$1556' with positive edge clock.
Creating register for signal `\cordic_vectoring.\iter' using process `\cordic_vectoring.$proc$cordic.sv:68$20'.
  created $dff cell `$procdff$1557' with positive edge clock.
Creating register for signal `\cordic_vectoring.\saturate_s16$func$cordic.sv:95$4.$result' using process `\cordic_vectoring.$proc$cordic.sv:68$20'.
  created $dff cell `$procdff$1558' with positive edge clock.
Creating register for signal `\cordic_vectoring.\saturate_s16$func$cordic.sv:95$4.value' using process `\cordic_vectoring.$proc$cordic.sv:68$20'.
  created $dff cell `$procdff$1559' with positive edge clock.
Creating register for signal `\cordic_fsm.\state' using process `\cordic_fsm.$proc$cordic_fsm.sv:16$2'.
  created $dff cell `$procdff$1560' with positive edge clock.

4.4.10. Executing PROC_MEMWR pass (convert process memory writes to cells).

4.4.11. Executing PROC_CLEAN pass (remove empty switches from decision trees).
Removing empty process `SRLC32E.$proc$/usr/bin/../share/yosys/xilinx/cells_sim.v:2405$1083'.
Found and cleaned up 1 empty switch in `\SRLC32E.$proc$/usr/bin/../share/yosys/xilinx/cells_sim.v:2413$1082'.
Removing empty process `SRLC32E.$proc$/usr/bin/../share/yosys/xilinx/cells_sim.v:2413$1082'.
Removing empty process `SRLC16E.$proc$/usr/bin/../share/yosys/xilinx/cells_sim.v:2361$1076'.
Found and cleaned up 1 empty switch in `\SRLC16E.$proc$/usr/bin/../share/yosys/xilinx/cells_sim.v:2369$1075'.
Removing empty process `SRLC16E.$proc$/usr/bin/../share/yosys/xilinx/cells_sim.v:2369$1075'.
Removing empty process `SRLC16.$proc$/usr/bin/../share/yosys/xilinx/cells_sim.v:2329$1069'.
Removing empty process `SRLC16.$proc$/usr/bin/../share/yosys/xilinx/cells_sim.v:2332$1068'.
Removing empty process `SRL16E.$proc$/usr/bin/../share/yosys/xilinx/cells_sim.v:2292$1066'.
Found and cleaned up 1 empty switch in `\SRL16E.$proc$/usr/bin/../share/yosys/xilinx/cells_sim.v:2299$1065'.
Removing empty process `SRL16E.$proc$/usr/bin/../share/yosys/xilinx/cells_sim.v:2299$1065'.
Removing empty process `SRL16.$proc$/usr/bin/../share/yosys/xilinx/cells_sim.v:2264$1059'.
Removing empty process `SRL16.$proc$/usr/bin/../share/yosys/xilinx/cells_sim.v:2266$1058'.
Removing empty process `RAM64M.$proc$/usr/bin/../share/yosys/xilinx/cells_sim.v:1980$1032'.
Removing empty process `RAM64M.$proc$/usr/bin/../share/yosys/xilinx/cells_sim.v:1979$1031'.
Removing empty process `RAM64M.$proc$/usr/bin/../share/yosys/xilinx/cells_sim.v:1978$1030'.
Removing empty process `RAM64M.$proc$/usr/bin/../share/yosys/xilinx/cells_sim.v:1977$1029'.
Found and cleaned up 1 empty switch in `\RAM64M.$proc$/usr/bin/../share/yosys/xilinx/cells_sim.v:1986$954'.
Removing empty process `RAM64M.$proc$/usr/bin/../share/yosys/xilinx/cells_sim.v:1986$954'.
Removing empty process `RAM32M.$proc$/usr/bin/../share/yosys/xilinx/cells_sim.v:1806$932'.
Removing empty process `RAM32M.$proc$/usr/bin/../share/yosys/xilinx/cells_sim.v:1805$931'.
Removing empty process `RAM32M.$proc$/usr/bin/../share/yosys/xilinx/cells_sim.v:1804$930'.
Removing empty process `RAM32M.$proc$/usr/bin/../share/yosys/xilinx/cells_sim.v:1803$929'.
Found and cleaned up 1 empty switch in `\RAM32M.$proc$/usr/bin/../share/yosys/xilinx/cells_sim.v:1812$834'.
Removing empty process `RAM32M.$proc$/usr/bin/../share/yosys/xilinx/cells_sim.v:1812$834'.
Removing empty process `RAM128X1D.$proc$/usr/bin/../share/yosys/xilinx/cells_sim.v:1712$811'.
Found and cleaned up 1 empty switch in `\RAM128X1D.$proc$/usr/bin/../share/yosys/xilinx/cells_sim.v:1716$781'.
Removing empty process `RAM128X1D.$proc$/usr/bin/../share/yosys/xilinx/cells_sim.v:1716$781'.
Removing empty process `RAM64X1D.$proc$/usr/bin/../share/yosys/xilinx/cells_sim.v:1607$774'.
Found and cleaned up 1 empty switch in `\RAM64X1D.$proc$/usr/bin/../share/yosys/xilinx/cells_sim.v:1611$744'.
Removing empty process `RAM64X1D.$proc$/usr/bin/../share/yosys/xilinx/cells_sim.v:1611$744'.
Removing empty process `RAM32X1D_1.$proc$/usr/bin/../share/yosys/xilinx/cells_sim.v:1561$738'.
Found and cleaned up 1 empty switch in `\RAM32X1D_1.$proc$/usr/bin/../share/yosys/xilinx/cells_sim.v:1565$726'.
Removing empty process `RAM32X1D_1.$proc$/usr/bin/../share/yosys/xilinx/cells_sim.v:1565$726'.
Removing empty process `RAM32X1D.$proc$/usr/bin/../share/yosys/xilinx/cells_sim.v:1502$720'.
Found and cleaned up 1 empty switch in `\RAM32X1D.$proc$/usr/bin/../share/yosys/xilinx/cells_sim.v:1506$696'.
Removing empty process `RAM32X1D.$proc$/usr/bin/../share/yosys/xilinx/cells_sim.v:1506$696'.
Removing empty process `FDPE_1.$proc$/usr/bin/../share/yosys/xilinx/cells_sim.v:0$648'.
Found and cleaned up 1 empty switch in `\FDPE_1.$proc$/usr/bin/../share/yosys/xilinx/cells_sim.v:815$645'.
Removing empty process `FDPE_1.$proc$/usr/bin/../share/yosys/xilinx/cells_sim.v:815$645'.
Removing empty process `FDPE.$proc$/usr/bin/../share/yosys/xilinx/cells_sim.v:0$644'.
Found and cleaned up 1 empty switch in `\FDPE.$proc$/usr/bin/../share/yosys/xilinx/cells_sim.v:774$642'.
Removing empty process `FDPE.$proc$/usr/bin/../share/yosys/xilinx/cells_sim.v:774$642'.
Removing empty process `FDCE_1.$proc$/usr/bin/../share/yosys/xilinx/cells_sim.v:0$630'.
Found and cleaned up 1 empty switch in `\FDCE_1.$proc$/usr/bin/../share/yosys/xilinx/cells_sim.v:736$627'.
Removing empty process `FDCE_1.$proc$/usr/bin/../share/yosys/xilinx/cells_sim.v:736$627'.
Removing empty process `FDCE.$proc$/usr/bin/../share/yosys/xilinx/cells_sim.v:0$626'.
Found and cleaned up 1 empty switch in `\FDCE.$proc$/usr/bin/../share/yosys/xilinx/cells_sim.v:695$624'.
Removing empty process `FDCE.$proc$/usr/bin/../share/yosys/xilinx/cells_sim.v:695$624'.
Removing empty process `FDSE_1.$proc$/usr/bin/../share/yosys/xilinx/cells_sim.v:0$612'.
Found and cleaned up 2 empty switches in `\FDSE_1.$proc$/usr/bin/../share/yosys/xilinx/cells_sim.v:592$609'.
Removing empty process `FDSE_1.$proc$/usr/bin/../share/yosys/xilinx/cells_sim.v:592$609'.
Removing empty process `FDSE.$proc$/usr/bin/../share/yosys/xilinx/cells_sim.v:0$608'.
Found and cleaned up 2 empty switches in `\FDSE.$proc$/usr/bin/../share/yosys/xilinx/cells_sim.v:559$605'.
Removing empty process `FDSE.$proc$/usr/bin/../share/yosys/xilinx/cells_sim.v:559$605'.
Removing empty process `FDRE_1.$proc$/usr/bin/../share/yosys/xilinx/cells_sim.v:0$590'.
Found and cleaned up 2 empty switches in `\FDRE_1.$proc$/usr/bin/../share/yosys/xilinx/cells_sim.v:527$587'.
Removing empty process `FDRE_1.$proc$/usr/bin/../share/yosys/xilinx/cells_sim.v:527$587'.
Removing empty process `FDRE.$proc$/usr/bin/../share/yosys/xilinx/cells_sim.v:0$586'.
Found and cleaned up 2 empty switches in `\FDRE.$proc$/usr/bin/../share/yosys/xilinx/cells_sim.v:494$583'.
Removing empty process `FDRE.$proc$/usr/bin/../share/yosys/xilinx/cells_sim.v:494$583'.
Found and cleaned up 8 empty switches in `\cordic_vectoring.$proc$cordic.sv:68$20'.
Removing empty process `cordic_vectoring.$proc$cordic.sv:68$20'.
Found and cleaned up 1 empty switch in `\cordic_vectoring.$proc$cordic.sv:0$6'.
Removing empty process `cordic_vectoring.$proc$cordic.sv:0$6'.
Found and cleaned up 3 empty switches in `\cordic_fsm.$proc$cordic_fsm.sv:0$3'.
Removing empty process `cordic_fsm.$proc$cordic_fsm.sv:0$3'.
Found and cleaned up 1 empty switch in `\cordic_fsm.$proc$cordic_fsm.sv:16$2'.
Removing empty process `cordic_fsm.$proc$cordic_fsm.sv:16$2'.
Found and cleaned up 1 empty switch in `\cordic_atan_rom.$proc$ROM.sv:0$1'.
Removing empty process `cordic_atan_rom.$proc$ROM.sv:0$1'.
Cleaned up 35 empty switches.

4.4.12. Executing OPT_EXPR pass (perform const folding).
Optimizing module cordic_vectoring.
<suppressed ~1 debug messages>
Optimizing module cordic_fsm.
<suppressed ~4 debug messages>
Optimizing module cordic_atan_rom.

4.5. Executing TRIBUF pass.

4.6. Executing DEMINOUT pass (demote inout ports to input or output).

4.7. Executing OPT_EXPR pass (perform const folding).
Optimizing module cordic_vectoring.
Optimizing module cordic_fsm.
Optimizing module cordic_atan_rom.

4.8. Executing OPT_CLEAN pass (remove unused cells and wires).
Finding unused cells or wires in module \cordic_vectoring..
Finding unused cells or wires in module \cordic_fsm..
Finding unused cells or wires in module \cordic_atan_rom..
Removed 22 unused cells and 147 unused wires.
<suppressed ~26 debug messages>

4.9. Executing CHECK pass (checking for obvious problems).
Checking module cordic_atan_rom...
Checking module cordic_fsm...
Checking module cordic_vectoring...
Found and reported 0 problems.

4.10. Executing OPT pass (performing simple optimizations).

4.10.1. Executing OPT_EXPR pass (perform const folding).
Optimizing module cordic_atan_rom.
Optimizing module cordic_fsm.
Optimizing module cordic_vectoring.

4.10.2. Executing OPT_MERGE pass (detect identical cells).
Finding identical cells in module `\cordic_atan_rom'.
Finding identical cells in module `\cordic_fsm'.
<suppressed ~24 debug messages>
Finding identical cells in module `\cordic_vectoring'.
<suppressed ~6 debug messages>
Removed a total of 10 cells.

4.10.3. Executing OPT_MUXTREE pass (detect dead branches in mux trees).
Running muxtree optimizer on module \cordic_atan_rom..
  Creating internal representation of mux trees.
  No muxes found in this module.
Running muxtree optimizer on module \cordic_fsm..
  Creating internal representation of mux trees.
  Evaluating internal representation of mux trees.
  Analyzing evaluation results.
    dead port 2/2 on $mux $procmux$1455.
    dead port 2/2 on $mux $procmux$1463.
    dead port 2/2 on $mux $procmux$1440.
    dead port 2/2 on $mux $procmux$1447.
Running muxtree optimizer on module \cordic_vectoring..
  Creating internal representation of mux trees.
  Evaluating internal representation of mux trees.
  Analyzing evaluation results.
    dead port 1/2 on $mux $procmux$1252.
    dead port 2/2 on $mux $procmux$1254.
    dead port 2/2 on $mux $procmux$1256.
    dead port 1/2 on $mux $procmux$1259.
    dead port 1/2 on $mux $procmux$1262.
    dead port 2/2 on $mux $procmux$1269.
    dead port 2/2 on $mux $procmux$1271.
    dead port 1/2 on $mux $procmux$1274.
    dead port 1/2 on $mux $procmux$1277.
Removed 13 multiplexer ports.
<suppressed ~16 debug messages>

4.10.4. Executing OPT_REDUCE pass (consolidate $*mux and $reduce_* inputs).
  Optimizing cells in module \cordic_atan_rom.
  Optimizing cells in module \cordic_fsm.
  Optimizing cells in module \cordic_vectoring.
Performed a total of 0 changes.

4.10.5. Executing OPT_MERGE pass (detect identical cells).
Finding identical cells in module `\cordic_atan_rom'.
Finding identical cells in module `\cordic_fsm'.
<suppressed ~3 debug messages>
Finding identical cells in module `\cordic_vectoring'.
Removed a total of 1 cells.

4.10.6. Executing OPT_DFF pass (perform DFF optimizations).

4.10.7. Executing OPT_CLEAN pass (remove unused cells and wires).
Finding unused cells or wires in module \cordic_atan_rom..
Finding unused cells or wires in module \cordic_fsm..
Finding unused cells or wires in module \cordic_vectoring..
Removed 0 unused cells and 23 unused wires.
<suppressed ~2 debug messages>

4.10.8. Executing OPT_EXPR pass (perform const folding).
Optimizing module cordic_atan_rom.
Optimizing module cordic_fsm.
Optimizing module cordic_vectoring.

4.10.9. Rerunning OPT passes. (Maybe there is more to do..)

4.10.10. Executing OPT_MUXTREE pass (detect dead branches in mux trees).
Running muxtree optimizer on module \cordic_atan_rom..
  Creating internal representation of mux trees.
  No muxes found in this module.
Running muxtree optimizer on module \cordic_fsm..
  Creating internal representation of mux trees.
  Evaluating internal representation of mux trees.
  Analyzing evaluation results.
Running muxtree optimizer on module \cordic_vectoring..
  Creating internal representation of mux trees.
  Evaluating internal representation of mux trees.
  Analyzing evaluation results.
Removed 0 multiplexer ports.
<suppressed ~15 debug messages>

4.10.11. Executing OPT_REDUCE pass (consolidate $*mux and $reduce_* inputs).
  Optimizing cells in module \cordic_atan_rom.
  Optimizing cells in module \cordic_fsm.
  Optimizing cells in module \cordic_vectoring.
Performed a total of 0 changes.

4.10.12. Executing OPT_MERGE pass (detect identical cells).
Finding identical cells in module `\cordic_atan_rom'.
Finding identical cells in module `\cordic_fsm'.
Finding identical cells in module `\cordic_vectoring'.
Removed a total of 0 cells.

4.10.13. Executing OPT_DFF pass (perform DFF optimizations).

4.10.14. Executing OPT_CLEAN pass (remove unused cells and wires).
Finding unused cells or wires in module \cordic_atan_rom..
Finding unused cells or wires in module \cordic_fsm..
Finding unused cells or wires in module \cordic_vectoring..

4.10.15. Executing OPT_EXPR pass (perform const folding).
Optimizing module cordic_atan_rom.
Optimizing module cordic_fsm.
Optimizing module cordic_vectoring.

4.10.16. Finished OPT passes. (There is nothing left to do.)

4.11. Executing FSM pass (extract and optimize FSM).

4.11.1. Executing FSM_DETECT pass (finding FSMs in design).
Found FSM state register cordic_fsm.state.

4.11.2. Executing FSM_EXTRACT pass (extracting FSM from design).
Extracting FSM `\state' from module `\cordic_fsm'.
  found $dff cell for state register: $procdff$1560
  root of input selection tree: $0\state[1:0]
  found reset state: 2'00 (guessed from mux tree)
  found ctrl input: \rst
  found ctrl input: $procmux$1441_CMP
  found ctrl input: $procmux$1456_CMP
  found state code: 2'00
  found ctrl input: \iter_last
  found state code: 2'10
  found ctrl input: \start
  found state code: 2'01
  found ctrl output: $procmux$1441_CMP
  found ctrl output: $procmux$1456_CMP
  found ctrl output: $procmux$1477_CMP
  ctrl inputs: { \iter_last \start \rst }
  ctrl outputs: { $procmux$1477_CMP $procmux$1456_CMP $procmux$1441_CMP $0\state[1:0] }
  transition:       2'00 3'-00 ->       2'00 5'01000
  transition:       2'00 3'-10 ->       2'01 5'01001
  transition:       2'00 3'--1 ->       2'00 5'01000
  transition:       2'10 3'--0 ->       2'00 5'10000
  transition:       2'10 3'--1 ->       2'00 5'10000
  transition:       2'01 3'0-0 ->       2'01 5'00101
  transition:       2'01 3'1-0 ->       2'10 5'00110
  transition:       2'01 3'--1 ->       2'00 5'00100

4.11.3. Executing FSM_OPT pass (simple optimizations of FSMs).
Optimizing FSM `$fsm$\state$1561' from module `\cordic_fsm'.
  Merging pattern 3'--0 and 3'--1 from group (1 0 5'10000).
  Merging pattern 3'--1 and 3'--0 from group (1 0 5'10000).

4.11.4. Executing OPT_CLEAN pass (remove unused cells and wires).
Finding unused cells or wires in module \cordic_atan_rom..
Finding unused cells or wires in module \cordic_fsm..
Finding unused cells or wires in module \cordic_vectoring..
Removed 8 unused cells and 8 unused wires.
<suppressed ~10 debug messages>

4.11.5. Executing FSM_OPT pass (simple optimizations of FSMs).
Optimizing FSM `$fsm$\state$1561' from module `\cordic_fsm'.
  Removing unused output signal $0\state[1:0] [0].
  Removing unused output signal $0\state[1:0] [1].

4.11.6. Executing FSM_RECODE pass (re-assigning FSM state encoding).
Recoding FSM `$fsm$\state$1561' from module `\cordic_fsm' using `auto' encoding:
  mapping auto encoding to `one-hot` for this FSM.
  00 -> --1
  10 -> -1-
  01 -> 1--

4.11.7. Executing FSM_INFO pass (dumping all available information on FSM cells).

FSM `$fsm$\state$1561' from module `cordic_fsm':
-------------------------------------

  Information on FSM $fsm$\state$1561 (\state):

  Number of input signals:    3
  Number of output signals:   3
  Number of state bits:       3

  Input signals:
    0: \rst
    1: \start
    2: \iter_last

  Output signals:
    0: $procmux$1441_CMP
    1: $procmux$1456_CMP
    2: $procmux$1477_CMP

  State encoding:
    0:      3'--1  <RESET STATE>
    1:      3'-1-
    2:      3'1--

  Transition Table (state_in, ctrl_in, state_out, ctrl_out):
      0:     0 3'-00   ->     0 3'010
      1:     0 3'--1   ->     0 3'010
      2:     0 3'-10   ->     2 3'010
      3:     1 3'---   ->     0 3'100
      4:     2 3'--1   ->     0 3'001
      5:     2 3'1-0   ->     1 3'001
      6:     2 3'0-0   ->     2 3'001

-------------------------------------

4.11.8. Executing FSM_MAP pass (mapping FSMs to basic logic).
Mapping FSM `$fsm$\state$1561' from module `\cordic_fsm'.

4.12. Executing OPT pass (performing simple optimizations).

4.12.1. Executing OPT_EXPR pass (perform const folding).
Optimizing module cordic_atan_rom.
Optimizing module cordic_fsm.
<suppressed ~3 debug messages>
Optimizing module cordic_vectoring.

4.12.2. Executing OPT_MERGE pass (detect identical cells).
Finding identical cells in module `\cordic_atan_rom'.
Finding identical cells in module `\cordic_fsm'.
Finding identical cells in module `\cordic_vectoring'.
Removed a total of 0 cells.

4.12.3. Executing OPT_MUXTREE pass (detect dead branches in mux trees).
Running muxtree optimizer on module \cordic_atan_rom..
  Creating internal representation of mux trees.
  No muxes found in this module.
Running muxtree optimizer on module \cordic_fsm..
  Creating internal representation of mux trees.
  Evaluating internal representation of mux trees.
  Analyzing evaluation results.
Running muxtree optimizer on module \cordic_vectoring..
  Creating internal representation of mux trees.
  Evaluating internal representation of mux trees.
  Analyzing evaluation results.
Removed 0 multiplexer ports.
<suppressed ~14 debug messages>

4.12.4. Executing OPT_REDUCE pass (consolidate $*mux and $reduce_* inputs).
  Optimizing cells in module \cordic_atan_rom.
  Optimizing cells in module \cordic_fsm.
  Optimizing cells in module \cordic_vectoring.
Performed a total of 0 changes.

4.12.5. Executing OPT_MERGE pass (detect identical cells).
Finding identical cells in module `\cordic_atan_rom'.
Finding identical cells in module `\cordic_fsm'.
Finding identical cells in module `\cordic_vectoring'.
Removed a total of 0 cells.

4.12.6. Executing OPT_DFF pass (perform DFF optimizations).
Adding SRST signal on $procdff$1557 ($dff) from module cordic_vectoring (D = $procmux$1343_Y, Q = \iter, rval = 4'0000).
Adding EN signal on $auto$ff.cc:266:slice$1590 ($sdff) from module cordic_vectoring (D = $add$cordic.sv:99$39_Y, Q = \iter).
Adding SRST signal on $procdff$1556 ($dff) from module cordic_vectoring (D = $procmux$1361_Y, Q = \z_reg, rval = 18'000000000000000000).
Adding EN signal on $auto$ff.cc:266:slice$1598 ($sdff) from module cordic_vectoring (D = $procmux$1361_Y, Q = \z_reg).
Adding SRST signal on $procdff$1555 ($dff) from module cordic_vectoring (D = $procmux$1373_Y, Q = \y_reg, rval = 18'000000000000000000).
Adding EN signal on $auto$ff.cc:266:slice$1602 ($sdff) from module cordic_vectoring (D = $procmux$1373_Y, Q = \y_reg).
Adding SRST signal on $procdff$1554 ($dff) from module cordic_vectoring (D = $procmux$1385_Y, Q = \x_reg, rval = 18'000000000000000000).
Adding EN signal on $auto$ff.cc:266:slice$1606 ($sdff) from module cordic_vectoring (D = $procmux$1385_Y, Q = \x_reg).
Adding SRST signal on $procdff$1553 ($dff) from module cordic_vectoring (D = $procmux$1397_Y, Q = \y_residual, rval = 18'000000000000000000).
Adding EN signal on $auto$ff.cc:266:slice$1610 ($sdff) from module cordic_vectoring (D = \y_next, Q = \y_residual).
Adding SRST signal on $procdff$1552 ($dff) from module cordic_vectoring (D = $procmux$1409_Y, Q = \phi, rval = 18'000000000000000000).
Adding EN signal on $auto$ff.cc:266:slice$1616 ($sdff) from module cordic_vectoring (D = \z_next, Q = \phi).
Adding SRST signal on $procdff$1551 ($dff) from module cordic_vectoring (D = $procmux$1421_Y, Q = \r, rval = 16'0000000000000000).
Adding EN signal on $auto$ff.cc:266:slice$1622 ($sdff) from module cordic_vectoring (D = $5\saturate_s16$func$cordic.sv:95$4.$result[15:0]$36, Q = \r).

4.12.7. Executing OPT_CLEAN pass (remove unused cells and wires).
Finding unused cells or wires in module \cordic_atan_rom..
Finding unused cells or wires in module \cordic_fsm..
Finding unused cells or wires in module \cordic_vectoring..
Removed 19 unused cells and 26 unused wires.
<suppressed ~21 debug messages>

4.12.8. Executing OPT_EXPR pass (perform const folding).
Optimizing module cordic_atan_rom.
Optimizing module cordic_fsm.
Optimizing module cordic_vectoring.
<suppressed ~3 debug messages>

4.12.9. Rerunning OPT passes. (Maybe there is more to do..)

4.12.10. Executing OPT_MUXTREE pass (detect dead branches in mux trees).
Running muxtree optimizer on module \cordic_atan_rom..
  Creating internal representation of mux trees.
  No muxes found in this module.
Running muxtree optimizer on module \cordic_fsm..
  Creating internal representation of mux trees.
  Evaluating internal representation of mux trees.
  Analyzing evaluation results.
Running muxtree optimizer on module \cordic_vectoring..
  Creating internal representation of mux trees.
  Evaluating internal representation of mux trees.
  Analyzing evaluation results.
Removed 0 multiplexer ports.
<suppressed ~11 debug messages>

4.12.11. Executing OPT_REDUCE pass (consolidate $*mux and $reduce_* inputs).
  Optimizing cells in module \cordic_atan_rom.
  Optimizing cells in module \cordic_fsm.
  Optimizing cells in module \cordic_vectoring.
Performed a total of 0 changes.

4.12.12. Executing OPT_MERGE pass (detect identical cells).
Finding identical cells in module `\cordic_atan_rom'.
Finding identical cells in module `\cordic_fsm'.
Finding identical cells in module `\cordic_vectoring'.
<suppressed ~18 debug messages>
Removed a total of 6 cells.

4.12.13. Executing OPT_DFF pass (perform DFF optimizations).

4.12.14. Executing OPT_CLEAN pass (remove unused cells and wires).
Finding unused cells or wires in module \cordic_atan_rom..
Finding unused cells or wires in module \cordic_fsm..
Finding unused cells or wires in module \cordic_vectoring..
Removed 0 unused cells and 6 unused wires.
<suppressed ~1 debug messages>

4.12.15. Executing OPT_EXPR pass (perform const folding).
Optimizing module cordic_atan_rom.
Optimizing module cordic_fsm.
Optimizing module cordic_vectoring.

4.12.16. Rerunning OPT passes. (Maybe there is more to do..)

4.12.17. Executing OPT_MUXTREE pass (detect dead branches in mux trees).
Running muxtree optimizer on module \cordic_atan_rom..
  Creating internal representation of mux trees.
  No muxes found in this module.
Running muxtree optimizer on module \cordic_fsm..
  Creating internal representation of mux trees.
  Evaluating internal representation of mux trees.
  Analyzing evaluation results.
Running muxtree optimizer on module \cordic_vectoring..
  Creating internal representation of mux trees.
  Evaluating internal representation of mux trees.
  Analyzing evaluation results.
Removed 0 multiplexer ports.
<suppressed ~11 debug messages>

4.12.18. Executing OPT_REDUCE pass (consolidate $*mux and $reduce_* inputs).
  Optimizing cells in module \cordic_atan_rom.
  Optimizing cells in module \cordic_fsm.
  Optimizing cells in module \cordic_vectoring.
Performed a total of 0 changes.

4.12.19. Executing OPT_MERGE pass (detect identical cells).
Finding identical cells in module `\cordic_atan_rom'.
Finding identical cells in module `\cordic_fsm'.
Finding identical cells in module `\cordic_vectoring'.
Removed a total of 0 cells.

4.12.20. Executing OPT_DFF pass (perform DFF optimizations).

4.12.21. Executing OPT_CLEAN pass (remove unused cells and wires).
Finding unused cells or wires in module \cordic_atan_rom..
Finding unused cells or wires in module \cordic_fsm..
Finding unused cells or wires in module \cordic_vectoring..

4.12.22. Executing OPT_EXPR pass (perform const folding).
Optimizing module cordic_atan_rom.
Optimizing module cordic_fsm.
Optimizing module cordic_vectoring.

4.12.23. Finished OPT passes. (There is nothing left to do.)

4.13. Executing WREDUCE pass (reducing word size of cells).
Removed top 28 address bits (of 32) from memory init port cordic_atan_rom.$auto$mem.cc:328:emit$1139 ($auto$proc_rom.cc:155:do_switch$1137).
Removed top 31 bits (of 32) from port B of cell cordic_vectoring.$ge$cordic.sv:53$7 ($ge).
Removed top 2 bits (of 18) from port B of cell cordic_vectoring.$add$cordic.sv:56$12 ($add).
Removed top 2 bits (of 18) from port B of cell cordic_vectoring.$sub$cordic.sv:60$17 ($sub).
Removed top 1 bits (of 16) from port B of cell cordic_vectoring.$mul$cordic.sv:65$18 ($mul).
Removed top 1 bits (of 34) from port Y of cell cordic_vectoring.$mul$cordic.sv:65$18 ($mul).
Removed top 31 bits (of 32) from port B of cell cordic_vectoring.$lt$cordic.sv:80$27 ($lt).
Removed top 31 bits (of 32) from port B of cell cordic_vectoring.$ge$cordic.sv:83$30 ($ge).
Removed top 15 bits (of 34) from port A of cell cordic_vectoring.$gt$cordic.sv:43$35 ($gt).
Removed top 18 bits (of 34) from port B of cell cordic_vectoring.$gt$cordic.sv:43$35 ($gt).
Removed top 15 bits (of 34) from port A of cell cordic_vectoring.$lt$cordic.sv:45$37 ($lt).
Removed top 18 bits (of 34) from port B of cell cordic_vectoring.$lt$cordic.sv:45$37 ($lt).

4.14. Executing PEEPOPT pass (run peephole optimizers).

4.15. Executing OPT_CLEAN pass (remove unused cells and wires).
Finding unused cells or wires in module \cordic_atan_rom..
Finding unused cells or wires in module \cordic_fsm..
Finding unused cells or wires in module \cordic_vectoring..

4.16. Executing PMUX2SHIFTX pass.

4.17. Executing MEMORY_DFF pass (merging $dff cells to $memrd).
Checking read port `$auto$proc_rom.cc:155:do_switch$1137'[0] in module `\cordic_atan_rom': no output FF found.
Checking read port address `$auto$proc_rom.cc:155:do_switch$1137'[0] in module `\cordic_atan_rom': no address FF found.

4.18. Executing TECHMAP pass (map to technology primitives).

4.18.1. Executing Verilog-2005 frontend: /usr/bin/../share/yosys/mul2dsp.v
Parsing Verilog input from `/usr/bin/../share/yosys/mul2dsp.v' to AST representation.
Generating RTLIL representation for module `\_80_mul'.
Generating RTLIL representation for module `\_90_soft_mul'.
Successfully finished Verilog frontend.

4.18.2. Executing Verilog-2005 frontend: /usr/bin/../share/yosys/xilinx/xc7_dsp_map.v
Parsing Verilog input from `/usr/bin/../share/yosys/xilinx/xc7_dsp_map.v' to AST representation.
Generating RTLIL representation for module `\$__MUL25X18'.
Successfully finished Verilog frontend.

4.18.3. Continuing TECHMAP pass.
Using template $paramod$b99cdef6dce6bd0c5aa5faf1fc7d73e3be5e2953\_80_mul for cells of type $mul.
Using template $paramod$e164568f5ea281a1987c588260db38ae6a6d6c82\$__MUL25X18 for cells of type $__MUL25X18.
No more expansions possible.
<suppressed ~106 debug messages>

4.19. Executing OPT_EXPR pass (perform const folding).

4.20. Executing WREDUCE pass (reducing word size of cells).

4.21. Executing XILINX_DSP pass (pack resources into DSPs).
Analysing cordic_vectoring.$mul$cordic.sv:65$18 for Xilinx DSP packing.

<suppressed ~13 debug messages>

4.22. Executing TECHMAP pass (map to technology primitives).

4.22.1. Executing Verilog-2005 frontend: /usr/bin/../share/yosys/cmp2lut.v
Parsing Verilog input from `/usr/bin/../share/yosys/cmp2lut.v' to AST representation.
Generating RTLIL representation for module `\_90_lut_cmp_'.
Successfully finished Verilog frontend.

4.22.2. Executing Verilog-2005 frontend: /usr/bin/../share/yosys/cmp2lcu.v
Parsing Verilog input from `/usr/bin/../share/yosys/cmp2lcu.v' to AST representation.
Generating RTLIL representation for module `\_80_lcu_cmp_'.
Generating RTLIL representation for module `\$__CMP2LCU'.
Successfully finished Verilog frontend.

4.22.3. Continuing TECHMAP pass.
Using template $paramod$18e48fc349dc22ff45848dde7f7182918979f4e9\_80_lcu_cmp_ for cells of type $ge.
Using template $paramod$de6f98ecb71b965beed714d92f4f279e336ebef5\_80_lcu_cmp_ for cells of type $lt.
Using template $paramod$e2816181b0962f8915fdd8457843d4374dbd5f14\_80_lcu_cmp_ for cells of type $ge.
Using template $paramod$f955204df5066743a547c618f921b047f9104dbd\_80_lcu_cmp_ for cells of type $gt.
Using template $paramod$8a006377ca6118f9d557d52575331358ae7f5949\_80_lcu_cmp_ for cells of type $lt.
Using template $paramod$9333f73cdc87fafecd72eaa2c9df2074bc36f820\$__CMP2LCU for cells of type $__CMP2LCU.
Using template $paramod$e5d5be087bfa20a78e672994368d0e6c46c98c71\_80_lcu_cmp_ for cells of type $gt.
Using template $paramod$54fed2e5f4558f18aef4bee4777f1d53eecaf6d4\$__CMP2LCU for cells of type $__CMP2LCU.
Using template $paramod$cbb4ad591cabf5b70cfd8d9291639718e06a348a\$__CMP2LCU for cells of type $__CMP2LCU.
Using template $paramod$9fb31e0e54d8061ba86431ace497e97ced2d0bc5\_80_lcu_cmp_ for cells of type $gt.
Using template $paramod$fe0a00d18172cc0bdbfd91484c37c0f9508a4d3b\$__CMP2LCU for cells of type $__CMP2LCU.
Using template $paramod$5d30bc099f1c71025db20fd8eb492d9e1d821d32\$__CMP2LCU for cells of type $__CMP2LCU.
Using template $paramod$9816587badb35b47d56cba3da150849ec2c257c2\$__CMP2LCU for cells of type $__CMP2LCU.
Using template $paramod$11cfe9b15e4f5e36373e62a6b96ee328744e6169\$__CMP2LCU for cells of type $__CMP2LCU.
Using template $paramod$761289da31a5068fbb5737bca79649e4fb97431e\$__CMP2LCU for cells of type $__CMP2LCU.
Using template $paramod$b7ee88b39489d9fd4e2ec393a165f1dee72d4da9\$__CMP2LCU for cells of type $__CMP2LCU.
Using template $paramod$e5e0c83a276d31185839e91c2c593a7246dd306c\$__CMP2LCU for cells of type $__CMP2LCU.
Using template $paramod$4debdceffd61cc1cb889ca4a4c764609c9cab92b\$__CMP2LCU for cells of type $__CMP2LCU.
Using template $paramod$dd8714aa1fbf4e1e2615088d85dab4eaa3766182\$__CMP2LCU for cells of type $__CMP2LCU.
Using template $paramod$b25aac6548b14bdb1d4027b921b3a609355d5680\$__CMP2LCU for cells of type $__CMP2LCU.
Using template $paramod$4964f910878cc640bc131f1e07a6ab054c67e93e\$__CMP2LCU for cells of type $__CMP2LCU.
Using template $paramod$f34c3e7789e298a12084a681b969d96459878594\$__CMP2LCU for cells of type $__CMP2LCU.
Using template $paramod$634ce36181e6c715f554e423aac6026b337299e2\$__CMP2LCU for cells of type $__CMP2LCU.
Using template $paramod$5360bb5f1b16e9e07a0fd33e6fafb67e683871f6\$__CMP2LCU for cells of type $__CMP2LCU.
Using template $paramod$7f4a4c4651d8e51142a51f5cd66473bac608541e\$__CMP2LCU for cells of type $__CMP2LCU.
Using template $paramod$03b8608e89cbf9a066fd46447455b0cd722f002e\$__CMP2LCU for cells of type $__CMP2LCU.
Using template $paramod$a2d038c26a918ece53fcc78f1784db53db9f9d8f\$__CMP2LCU for cells of type $__CMP2LCU.
Using template $paramod$0f2f0a1326da8deee11f05d7a9e06e20ec53a267\$__CMP2LCU for cells of type $__CMP2LCU.
Using template $paramod$8d37c8db37e339fba73a2c9d398e35431ff04043\$__CMP2LCU for cells of type $__CMP2LCU.
Using template $paramod$9b48c13f6ee139ffd868f987a3c23519dd687b87\$__CMP2LCU for cells of type $__CMP2LCU.
Using template $paramod$90903e73f244ae3c7476abfd40d83740e6ae8129\$__CMP2LCU for cells of type $__CMP2LCU.
Using template $paramod$44f66768811bf5cbd17bd98d557bf551eaa4f78f\$__CMP2LCU for cells of type $__CMP2LCU.
Using template $paramod$2821ba9b50e8d82ba0b73920b9ea43079ba2c868\$__CMP2LCU for cells of type $__CMP2LCU.
Using template $paramod$75954e9c41784658cd6a06ace0838016e230a5b8\$__CMP2LCU for cells of type $__CMP2LCU.
Using template $paramod$62cf0aed4f1287d05405733bd8c0de7f1a790d8a\$__CMP2LCU for cells of type $__CMP2LCU.
Using template $paramod$3a8f8c07f5b4b3fcf659a96ae985ab2055ac80f3\$__CMP2LCU for cells of type $__CMP2LCU.
Using template $paramod$209d3a30ba0959620530e5dcd91c9f830095755d\$__CMP2LCU for cells of type $__CMP2LCU.
Using template $paramod$bf6ab8d9adf11ea0d1d884954f9f9fbe6a3e4b65\$__CMP2LCU for cells of type $__CMP2LCU.
Using template $paramod$fd342de385f66a0635048998e9b9c0391a792140\$__CMP2LCU for cells of type $__CMP2LCU.
Using template $paramod$98166957ac12eea64cd6583be54bb675ddb81494\$__CMP2LCU for cells of type $__CMP2LCU.
Using template $paramod$6bddb54293ff19b3a46d71829186f88e7d7d79e7\$__CMP2LCU for cells of type $__CMP2LCU.
Using template $paramod$0dfd26f5d1684064a9dd8600ad1bbe809d029c09\$__CMP2LCU for cells of type $__CMP2LCU.
Using template $paramod$748ae5db15cd2546273cde8892fe181e80f63285\$__CMP2LCU for cells of type $__CMP2LCU.
Using template $paramod$e6cd69aac0e4320a4866942756fb31fcd5ff34f4\$__CMP2LCU for cells of type $__CMP2LCU.
Using template $paramod$561a9b977b6bb53998d6a59827bb207f04d976c1\$__CMP2LCU for cells of type $__CMP2LCU.
Using template $paramod$22bfd65c24b1b718339332685cd809baa3d53e15\$__CMP2LCU for cells of type $__CMP2LCU.
Using template $paramod$422ef83d950eac127977b984c2d7dc2d7b4a3edf\$__CMP2LCU for cells of type $__CMP2LCU.
Using template $paramod$2eee70f9b1f4b60a4d6c582facf68c41abc557ef\$__CMP2LCU for cells of type $__CMP2LCU.
Using template $paramod$7745148fd3ad1cdb0ce4a254281542f8ddbd7a68\$__CMP2LCU for cells of type $__CMP2LCU.
Using template $paramod$befe0c0d9ea1dabbf9289f94adb6119b6815c19d\$__CMP2LCU for cells of type $__CMP2LCU.
Using template $paramod$6858efa0209737e26b688e00afe52c402bd4ad17\$__CMP2LCU for cells of type $__CMP2LCU.
Using template $paramod$c1f8c06748c8de19f72b2f0c4117821928719538\$__CMP2LCU for cells of type $__CMP2LCU.
Using template $paramod$952714636aa8dbcb68c23f2781df8c6ac55ea043\$__CMP2LCU for cells of type $__CMP2LCU.
Using template $paramod$eda0048f16aadd592242010c874221187b310446\$__CMP2LCU for cells of type $__CMP2LCU.
Using template $paramod$ec5f95f9dce56865576df386f29795b51d339c68\$__CMP2LCU for cells of type $__CMP2LCU.
Using template $paramod$113e565e3695f455e75433453bcdfae3219de0b6\$__CMP2LCU for cells of type $__CMP2LCU.
Using template $paramod$a9bf96b5066c178171e722af65a0a1b96240d8fa\$__CMP2LCU for cells of type $__CMP2LCU.
Using template $paramod$199c7a1cece3dafa64e024be0ba06916794caceb\$__CMP2LCU for cells of type $__CMP2LCU.
Using template $paramod$e4e1cccd656ba5c410a500b00f0db8aa29e00168\$__CMP2LCU for cells of type $__CMP2LCU.
Using template $paramod$316f26711b72417234a01da6f8ffa69598ec7bb8\$__CMP2LCU for cells of type $__CMP2LCU.
Using template $paramod$c523b3fa2391a2e743032897ad7c591f9a6fad3d\$__CMP2LCU for cells of type $__CMP2LCU.
Using template $paramod$84e1b4bd11ac1d7a058dec3622bd5a793bef66b2\$__CMP2LCU for cells of type $__CMP2LCU.
Using template $paramod$dc1067b445325caf02ef4be3acee81b3312a8cf5\$__CMP2LCU for cells of type $__CMP2LCU.
Using template $paramod$2a9c24bceb9b4665b81e41de32861a3fb68b3a39\$__CMP2LCU for cells of type $__CMP2LCU.
Using template $paramod$cbc1a3f8cd55bc859368f75f0ddb3170133ae662\$__CMP2LCU for cells of type $__CMP2LCU.
Using template $paramod$45ce9a85215e92eca66749a09daeb257bef74a3d\$__CMP2LCU for cells of type $__CMP2LCU.
Using template $paramod$504ffbfeb6d4f5c4e9bee46e25e37ce2d4fb5971\$__CMP2LCU for cells of type $__CMP2LCU.
Using template $paramod$f59f29012dbcbc5feea5256d4dc3bdac9daf32c7\$__CMP2LCU for cells of type $__CMP2LCU.
Using template $paramod$7fad4de89fe75bfe805269236ef4e3634777be6e\$__CMP2LCU for cells of type $__CMP2LCU.
Using template $paramod$967f74975042bd569ff7b927bd0deb9af866806e\$__CMP2LCU for cells of type $__CMP2LCU.
Using template $paramod$6883f5326dfbbb314bebc6c0e58824f13f1fe370\$__CMP2LCU for cells of type $__CMP2LCU.
Using template $paramod$df55c4b7114595092bb2fcec82038ff1f4a5c526\$__CMP2LCU for cells of type $__CMP2LCU.
Using template $paramod$8896e2b96c917f2d4453cfaef8779b0a9be6766a\$__CMP2LCU for cells of type $__CMP2LCU.
Using template $paramod$dbad9ee1d49682839c30aac655d2c104b53bca89\$__CMP2LCU for cells of type $__CMP2LCU.
Using template $paramod$dd030be97b597df7b66c352fc3b1ca9e827c0805\$__CMP2LCU for cells of type $__CMP2LCU.
Using template $paramod$57298bba4be40241cfff97351aca68aeaed20b8e\$__CMP2LCU for cells of type $__CMP2LCU.
Using template $paramod$b44c4072001c32cad79b4eb40c655ff22fc1d72a\$__CMP2LCU for cells of type $__CMP2LCU.
Using template $paramod$1946b1b73f6d9679150ab3d2ba89d843b9f9b3cb\$__CMP2LCU for cells of type $__CMP2LCU.
Using template $paramod$95d5d82d7a884039834fff929a280d7f7a3337ff\$__CMP2LCU for cells of type $__CMP2LCU.
Using template $paramod$390ab4ef0c72481bc59512356a5b66a8053f39e7\$__CMP2LCU for cells of type $__CMP2LCU.
Using template $paramod$78a5cabd10aee6a6f399802f17f0425d580a8bf6\$__CMP2LCU for cells of type $__CMP2LCU.
Using template $paramod$ca10b6db39ea827eac59fdee7b63fd2c6051849d\$__CMP2LCU for cells of type $__CMP2LCU.
Using template $paramod$de199e22b9b462475999aa8cdb912e3e6fb8ea28\$__CMP2LCU for cells of type $__CMP2LCU.
Using template $paramod$b8e4db794982e2075af37c6e2562eea1af380b95\$__CMP2LCU for cells of type $__CMP2LCU.
Using template $paramod$d38ad95e6c046c39d9325409a27296c71dddd89e\$__CMP2LCU for cells of type $__CMP2LCU.
Using template $paramod$a4eae6f8f1018a8fd15404aacfac4fa8ce1569de\$__CMP2LCU for cells of type $__CMP2LCU.
Using template $paramod$c18e0477cdcc3388607dc61644381a75d0b2837b\$__CMP2LCU for cells of type $__CMP2LCU.
Using template $paramod$4c95377ff6ae38dbe825cdcc9284e373824e02b9\$__CMP2LCU for cells of type $__CMP2LCU.
Using template $paramod$e39ba25e755f3f2a516a083a5b84977f49e67d57\$__CMP2LCU for cells of type $__CMP2LCU.
Using template $paramod$e1786feb41cb0b192b3d02d17f0390edee59f05c\$__CMP2LCU for cells of type $__CMP2LCU.
Using template $paramod$f186e92d42eb9518f18f7d4918378bba943c0f39\$__CMP2LCU for cells of type $__CMP2LCU.
Using template $paramod$f2c50c1eaee0df06526511f9757181e598707c0b\$__CMP2LCU for cells of type $__CMP2LCU.
Using template $paramod$aa136a0190f06218ccf4ac072432a08d01ec61d0\$__CMP2LCU for cells of type $__CMP2LCU.
Using template $paramod$744f8587d2b840338007e5161c19b050533b7fec\$__CMP2LCU for cells of type $__CMP2LCU.
Using template $paramod$42b9a2776b52cfc40aa2b6f9fa11a70a9d780506\$__CMP2LCU for cells of type $__CMP2LCU.
Using template $paramod$76811e0a5d9b9952f56deb3104a7177f3e8f37e8\$__CMP2LCU for cells of type $__CMP2LCU.
Using template $paramod$0cedfb49e1d8bb960790bbfc68ee2bd67213b691\$__CMP2LCU for cells of type $__CMP2LCU.
Using template $paramod$7edd034a38474cdd032e7f61b026681270f8093b\$__CMP2LCU for cells of type $__CMP2LCU.
Using template $paramod$a447c56442ca9d37cc5eb68f878ad5838f75426c\$__CMP2LCU for cells of type $__CMP2LCU.
Using template $paramod$295ffa2716aea37566449ed1727c23f1ed71ad09\$__CMP2LCU for cells of type $__CMP2LCU.
Using template $paramod$960bc14dbe650791cf5b3d5bb93952d0a200e15d\$__CMP2LCU for cells of type $__CMP2LCU.
Using template $paramod$fdd8f4bd0ca4585e8a8aeca762c228a3052f2996\$__CMP2LCU for cells of type $__CMP2LCU.
Using template $paramod$49cf7b4d4fdd85263cdc03b641c01dbf6a611714\$__CMP2LCU for cells of type $__CMP2LCU.
Using template $paramod$595a92826cf5dbaac4bdf1a90c7a46615bb32169\$__CMP2LCU for cells of type $__CMP2LCU.
Using template $paramod$e17390efcf08401d6b75681c0ed9dd5bf5978869\$__CMP2LCU for cells of type $__CMP2LCU.
Using template $paramod$7b88711f845dfc09377d715b7a9c74320e40c2c0\$__CMP2LCU for cells of type $__CMP2LCU.
Using template $paramod$3aafdb1f6afe4ed746261c6e208ee57915faa21a\$__CMP2LCU for cells of type $__CMP2LCU.
Using template $paramod$e8fabc6e1c0f64766043a4ae5796558e617e1735\$__CMP2LCU for cells of type $__CMP2LCU.
Using template $paramod$2b3540b162e3525bb6354e3f4ad1aa68297fa53b\$__CMP2LCU for cells of type $__CMP2LCU.
Using template $paramod$4ce2245e8851dae8be6f0fe9d9462b6a054cf607\$__CMP2LCU for cells of type $__CMP2LCU.
Using template $paramod$30379b6a50896cc0073e762394c3e02944b42c0f\$__CMP2LCU for cells of type $__CMP2LCU.
No more expansions possible.
<suppressed ~2866 debug messages>

4.23. Executing ALUMACC pass (create $alu and $macc cells).
Extracting $alu and $macc cells in module cordic_atan_rom:
  created 0 $alu and 0 $macc cells.
Extracting $alu and $macc cells in module cordic_fsm:
  created 0 $alu and 0 $macc cells.
Extracting $alu and $macc cells in module cordic_vectoring:
  creating $macc model for $add$cordic.sv:56$12 ($add).
  creating $macc model for $add$cordic.sv:59$16 ($add).
  creating $macc model for $add$cordic.sv:99$39 ($add).
  creating $macc model for $add$cordic.sv:54$9 ($add).
  creating $macc model for $neg$cordic.sv:81$28 ($neg).
  creating $macc model for $neg$cordic.sv:82$29 ($neg).
  creating $macc model for $sub$cordic.sv:55$11 ($sub).
  creating $macc model for $sub$cordic.sv:58$14 ($sub).
  creating $macc model for $sub$cordic.sv:60$17 ($sub).
  creating $alu model for $macc $sub$cordic.sv:60$17.
  creating $alu model for $macc $sub$cordic.sv:58$14.
  creating $alu model for $macc $sub$cordic.sv:55$11.
  creating $alu model for $macc $neg$cordic.sv:82$29.
  creating $alu model for $macc $neg$cordic.sv:81$28.
  creating $alu model for $macc $add$cordic.sv:54$9.
  creating $alu model for $macc $add$cordic.sv:99$39.
  creating $alu model for $macc $add$cordic.sv:59$16.
  creating $alu model for $macc $add$cordic.sv:56$12.
  creating $alu cell for $add$cordic.sv:56$12: $auto$alumacc.cc:495:replace_alu$2270
  creating $alu cell for $add$cordic.sv:99$39: $auto$alumacc.cc:495:replace_alu$2273
  creating $alu cell for $neg$cordic.sv:81$28: $auto$alumacc.cc:495:replace_alu$2276
  creating $alu cell for $neg$cordic.sv:82$29: $auto$alumacc.cc:495:replace_alu$2279
  creating $alu cell for $add$cordic.sv:59$16: $auto$alumacc.cc:495:replace_alu$2282
  creating $alu cell for $sub$cordic.sv:55$11: $auto$alumacc.cc:495:replace_alu$2285
  creating $alu cell for $add$cordic.sv:54$9: $auto$alumacc.cc:495:replace_alu$2288
  creating $alu cell for $sub$cordic.sv:58$14: $auto$alumacc.cc:495:replace_alu$2291
  creating $alu cell for $sub$cordic.sv:60$17: $auto$alumacc.cc:495:replace_alu$2294
  created 9 $alu and 0 $macc cells.

4.24. Executing SHARE pass (SAT-based resource sharing).
Found 2 cells in module cordic_vectoring that may be considered for resource sharing.
  Analyzing resource sharing options for $sshr$cordic.sv:55$10 ($sshr):
    Cell is always active. Therefore no sharing is possible.
  Analyzing resource sharing options for $sshr$cordic.sv:54$8 ($sshr):
    Cell is always active. Therefore no sharing is possible.

4.25. Executing OPT pass (performing simple optimizations).

4.25.1. Executing OPT_EXPR pass (perform const folding).
Optimizing module cordic_atan_rom.
Optimizing module cordic_fsm.
Optimizing module cordic_vectoring.
<suppressed ~352 debug messages>

4.25.2. Executing OPT_MERGE pass (detect identical cells).
Finding identical cells in module `\cordic_atan_rom'.
Finding identical cells in module `\cordic_fsm'.
Finding identical cells in module `\cordic_vectoring'.
<suppressed ~108 debug messages>
Removed a total of 36 cells.

4.25.3. Executing OPT_MUXTREE pass (detect dead branches in mux trees).
Running muxtree optimizer on module \cordic_atan_rom..
  Creating internal representation of mux trees.
  No muxes found in this module.
Running muxtree optimizer on module \cordic_fsm..
  Creating internal representation of mux trees.
  Evaluating internal representation of mux trees.
  Analyzing evaluation results.
Running muxtree optimizer on module \cordic_vectoring..
  Creating internal representation of mux trees.
  Evaluating internal representation of mux trees.
  Analyzing evaluation results.
Removed 0 multiplexer ports.
<suppressed ~11 debug messages>

4.25.4. Executing OPT_REDUCE pass (consolidate $*mux and $reduce_* inputs).
  Optimizing cells in module \cordic_atan_rom.
  Optimizing cells in module \cordic_fsm.
  Optimizing cells in module \cordic_vectoring.
Performed a total of 0 changes.

4.25.5. Executing OPT_MERGE pass (detect identical cells).
Finding identical cells in module `\cordic_atan_rom'.
Finding identical cells in module `\cordic_fsm'.
Finding identical cells in module `\cordic_vectoring'.
Removed a total of 0 cells.

4.25.6. Executing OPT_DFF pass (perform DFF optimizations).

4.25.7. Executing OPT_CLEAN pass (remove unused cells and wires).
Finding unused cells or wires in module \cordic_atan_rom..
Finding unused cells or wires in module \cordic_fsm..
Finding unused cells or wires in module \cordic_vectoring..
Removed 0 unused cells and 1306 unused wires.
<suppressed ~1 debug messages>

4.25.8. Executing OPT_EXPR pass (perform const folding).
Optimizing module cordic_atan_rom.
Optimizing module cordic_fsm.
Optimizing module cordic_vectoring.

4.25.9. Rerunning OPT passes. (Maybe there is more to do..)

4.25.10. Executing OPT_MUXTREE pass (detect dead branches in mux trees).
Running muxtree optimizer on module \cordic_atan_rom..
  Creating internal representation of mux trees.
  No muxes found in this module.
Running muxtree optimizer on module \cordic_fsm..
  Creating internal representation of mux trees.
  Evaluating internal representation of mux trees.
  Analyzing evaluation results.
Running muxtree optimizer on module \cordic_vectoring..
  Creating internal representation of mux trees.
  Evaluating internal representation of mux trees.
  Analyzing evaluation results.
Removed 0 multiplexer ports.
<suppressed ~11 debug messages>

4.25.11. Executing OPT_REDUCE pass (consolidate $*mux and $reduce_* inputs).
  Optimizing cells in module \cordic_atan_rom.
  Optimizing cells in module \cordic_fsm.
  Optimizing cells in module \cordic_vectoring.
Performed a total of 0 changes.

4.25.12. Executing OPT_MERGE pass (detect identical cells).
Finding identical cells in module `\cordic_atan_rom'.
Finding identical cells in module `\cordic_fsm'.
Finding identical cells in module `\cordic_vectoring'.
Removed a total of 0 cells.

4.25.13. Executing OPT_DFF pass (perform DFF optimizations).

4.25.14. Executing OPT_CLEAN pass (remove unused cells and wires).
Finding unused cells or wires in module \cordic_atan_rom..
Finding unused cells or wires in module \cordic_fsm..
Finding unused cells or wires in module \cordic_vectoring..

4.25.15. Executing OPT_EXPR pass (perform const folding).
Optimizing module cordic_atan_rom.
Optimizing module cordic_fsm.
Optimizing module cordic_vectoring.

4.25.16. Finished OPT passes. (There is nothing left to do.)

4.26. Executing MEMORY pass.

4.26.1. Executing OPT_MEM pass (optimize memories).
cordic_atan_rom.$auto$proc_rom.cc:155:do_switch$1137: removing const-0 lane 14
cordic_atan_rom.$auto$proc_rom.cc:155:do_switch$1137: removing const-0 lane 15
Performed a total of 1 transformations.

4.26.2. Executing OPT_MEM_PRIORITY pass (removing unnecessary memory write priority relations).
Performed a total of 0 transformations.

4.26.3. Executing OPT_MEM_FEEDBACK pass (finding memory read-to-write feedback paths).

4.26.4. Executing MEMORY_BMUX2ROM pass (converting muxes to ROMs).

4.26.5. Executing MEMORY_DFF pass (merging $dff cells to $memrd).
Checking read port `$auto$proc_rom.cc:155:do_switch$1137'[0] in module `\cordic_atan_rom': no output FF found.
Checking read port address `$auto$proc_rom.cc:155:do_switch$1137'[0] in module `\cordic_atan_rom': no address FF found.

4.26.6. Executing OPT_CLEAN pass (remove unused cells and wires).
Finding unused cells or wires in module \cordic_atan_rom..
Finding unused cells or wires in module \cordic_fsm..
Finding unused cells or wires in module \cordic_vectoring..

4.26.7. Executing MEMORY_SHARE pass (consolidating $memrd/$memwr cells).

4.26.8. Executing OPT_MEM_WIDEN pass (optimize memories where all ports are wide).
Performed a total of 0 transformations.

4.26.9. Executing OPT_CLEAN pass (remove unused cells and wires).
Finding unused cells or wires in module \cordic_atan_rom..
Finding unused cells or wires in module \cordic_fsm..
Finding unused cells or wires in module \cordic_vectoring..

4.26.10. Executing MEMORY_COLLECT pass (generating $mem cells).

4.27. Executing OPT_CLEAN pass (remove unused cells and wires).
Finding unused cells or wires in module \cordic_atan_rom..
Finding unused cells or wires in module \cordic_fsm..
Finding unused cells or wires in module \cordic_vectoring..

4.28. Executing MEMORY_LIBMAP pass (mapping memories to cells).
using FF mapping for memory cordic_atan_rom.$auto$proc_rom.cc:155:do_switch$1137
<suppressed ~46 debug messages>

4.29. Executing TECHMAP pass (map to technology primitives).

4.29.1. Executing Verilog-2005 frontend: /usr/bin/../share/yosys/xilinx/lutrams_xc5v_map.v
Parsing Verilog input from `/usr/bin/../share/yosys/xilinx/lutrams_xc5v_map.v' to AST representation.
Generating RTLIL representation for module `\$__XILINX_LUTRAM_SP_'.
Generating RTLIL representation for module `\$__XILINX_LUTRAM_DP_'.
Generating RTLIL representation for module `\$__XILINX_LUTRAM_QP_'.
Generating RTLIL representation for module `\$__XILINX_LUTRAM_OP_'.
Generating RTLIL representation for module `\$__XILINX_LUTRAM_SDP_'.
Generating RTLIL representation for module `\$__XILINX_LUTRAM_64X8SW_'.
Generating RTLIL representation for module `\$__XILINX_LUTRAM_32X16DR8_'.
Successfully finished Verilog frontend.

4.29.2. Continuing TECHMAP pass.
No more expansions possible.
<suppressed ~9 debug messages>

4.30. Executing TECHMAP pass (map to technology primitives).

4.30.1. Executing Verilog-2005 frontend: /usr/bin/../share/yosys/xilinx/brams_xc6v_map.v
Parsing Verilog input from `/usr/bin/../share/yosys/xilinx/brams_xc6v_map.v' to AST representation.
Generating RTLIL representation for module `\$__XILINX_BLOCKRAM_TDP_'.
Generating RTLIL representation for module `\$__XILINX_BLOCKRAM_SDP_'.
Successfully finished Verilog frontend.

4.30.2. Continuing TECHMAP pass.
No more expansions possible.
<suppressed ~4 debug messages>

4.31. Executing OPT pass (performing simple optimizations).

4.31.1. Executing OPT_EXPR pass (perform const folding).
Optimizing module cordic_atan_rom.
Optimizing module cordic_fsm.
<suppressed ~6 debug messages>
Optimizing module cordic_vectoring.
<suppressed ~3 debug messages>

4.31.2. Executing OPT_MERGE pass (detect identical cells).
Finding identical cells in module `\cordic_atan_rom'.
Finding identical cells in module `\cordic_fsm'.
Finding identical cells in module `\cordic_vectoring'.
Removed a total of 0 cells.

4.31.3. Executing OPT_DFF pass (perform DFF optimizations).

4.31.4. Executing OPT_CLEAN pass (remove unused cells and wires).
Finding unused cells or wires in module \cordic_atan_rom..
Finding unused cells or wires in module \cordic_fsm..
Finding unused cells or wires in module \cordic_vectoring..
Removed 0 unused cells and 5 unused wires.
<suppressed ~2 debug messages>

4.31.5. Finished fast OPT passes.

4.32. Executing MEMORY_MAP pass (converting memories to logic and flip-flops).
Mapping memory $auto$proc_rom.cc:155:do_switch$1137 in module \cordic_atan_rom:
  created 16 $dff cells and 0 static cells of width 14.
  read interface: 0 $dff and 15 $mux cells.
  write interface: 0 write mux blocks.

4.33. Executing OPT pass (performing simple optimizations).

4.33.1. Executing OPT_EXPR pass (perform const folding).
Optimizing module cordic_atan_rom.
Optimizing module cordic_fsm.
Optimizing module cordic_vectoring.

4.33.2. Executing OPT_MERGE pass (detect identical cells).
Finding identical cells in module `\cordic_atan_rom'.
Finding identical cells in module `\cordic_fsm'.
Finding identical cells in module `\cordic_vectoring'.
Removed a total of 0 cells.

4.33.3. Executing OPT_MUXTREE pass (detect dead branches in mux trees).
Running muxtree optimizer on module \cordic_atan_rom..
  Creating internal representation of mux trees.
  Evaluating internal representation of mux trees.
  Analyzing evaluation results.
Running muxtree optimizer on module \cordic_fsm..
  Creating internal representation of mux trees.
  No muxes found in this module.
Running muxtree optimizer on module \cordic_vectoring..
  Creating internal representation of mux trees.
  Evaluating internal representation of mux trees.
  Analyzing evaluation results.
Removed 0 multiplexer ports.
<suppressed ~8 debug messages>

4.33.4. Executing OPT_REDUCE pass (consolidate $*mux and $reduce_* inputs).
  Optimizing cells in module \cordic_atan_rom.
    Consolidated identical input bits for $mux cell $memory$auto$proc_rom.cc:155:do_switch$1137$rdmux[0][3][6]$2811:
      Old ports: A=14'00000000000100, B=14'00000000000010, Y=$memory$auto$proc_rom.cc:155:do_switch$1137$rdmux[0][2][3]$a$2791
      New ports: A=2'10, B=2'01, Y=$memory$auto$proc_rom.cc:155:do_switch$1137$rdmux[0][2][3]$a$2791 [2:1]
      New connections: { $memory$auto$proc_rom.cc:155:do_switch$1137$rdmux[0][2][3]$a$2791 [13:3] $memory$auto$proc_rom.cc:155:do_switch$1137$rdmux[0][2][3]$a$2791 [0] } = 12'000000000000
    Consolidated identical input bits for $mux cell $memory$auto$proc_rom.cc:155:do_switch$1137$rdmux[0][3][5]$2808:
      Old ports: A=14'00000000010000, B=14'00000000001000, Y=$memory$auto$proc_rom.cc:155:do_switch$1137$rdmux[0][2][2]$b$2789
      New ports: A=2'10, B=2'01, Y=$memory$auto$proc_rom.cc:155:do_switch$1137$rdmux[0][2][2]$b$2789 [4:3]
      New connections: { $memory$auto$proc_rom.cc:155:do_switch$1137$rdmux[0][2][2]$b$2789 [13:5] $memory$auto$proc_rom.cc:155:do_switch$1137$rdmux[0][2][2]$b$2789 [2:0] } = 12'000000000000
    Consolidated identical input bits for $mux cell $memory$auto$proc_rom.cc:155:do_switch$1137$rdmux[0][3][4]$2805:
      Old ports: A=14'00000001000000, B=14'00000000100000, Y=$memory$auto$proc_rom.cc:155:do_switch$1137$rdmux[0][2][2]$a$2788
      New ports: A=2'10, B=2'01, Y=$memory$auto$proc_rom.cc:155:do_switch$1137$rdmux[0][2][2]$a$2788 [6:5]
      New connections: { $memory$auto$proc_rom.cc:155:do_switch$1137$rdmux[0][2][2]$a$2788 [13:7] $memory$auto$proc_rom.cc:155:do_switch$1137$rdmux[0][2][2]$a$2788 [4:0] } = 12'000000000000
    Consolidated identical input bits for $mux cell $memory$auto$proc_rom.cc:155:do_switch$1137$rdmux[0][3][3]$2802:
      Old ports: A=14'00000100000000, B=14'00000010000000, Y=$memory$auto$proc_rom.cc:155:do_switch$1137$rdmux[0][2][1]$b$2786
      New ports: A=2'10, B=2'01, Y=$memory$auto$proc_rom.cc:155:do_switch$1137$rdmux[0][2][1]$b$2786 [8:7]
      New connections: { $memory$auto$proc_rom.cc:155:do_switch$1137$rdmux[0][2][1]$b$2786 [13:9] $memory$auto$proc_rom.cc:155:do_switch$1137$rdmux[0][2][1]$b$2786 [6:0] } = 12'000000000000
    Consolidated identical input bits for $mux cell $memory$auto$proc_rom.cc:155:do_switch$1137$rdmux[0][3][2]$2799:
      Old ports: A=14'00001111111111, B=14'00001000000000, Y=$memory$auto$proc_rom.cc:155:do_switch$1137$rdmux[0][2][1]$a$2785
      New ports: A=1'1, B=1'0, Y=$memory$auto$proc_rom.cc:155:do_switch$1137$rdmux[0][2][1]$a$2785 [0]
      New connections: $memory$auto$proc_rom.cc:155:do_switch$1137$rdmux[0][2][1]$a$2785 [13:1] = { 5'00001 $memory$auto$proc_rom.cc:155:do_switch$1137$rdmux[0][2][1]$a$2785 [0] $memory$auto$proc_rom.cc:155:do_switch$1137$rdmux[0][2][1]$a$2785 [0] $memory$auto$proc_rom.cc:155:do_switch$1137$rdmux[0][2][1]$a$2785 [0] $memory$auto$proc_rom.cc:155:do_switch$1137$rdmux[0][2][1]$a$2785 [0] $memory$auto$proc_rom.cc:155:do_switch$1137$rdmux[0][2][1]$a$2785 [0] $memory$auto$proc_rom.cc:155:do_switch$1137$rdmux[0][2][1]$a$2785 [0] $memory$auto$proc_rom.cc:155:do_switch$1137$rdmux[0][2][1]$a$2785 [0] $memory$auto$proc_rom.cc:155:do_switch$1137$rdmux[0][2][1]$a$2785 [0] }
    Consolidated identical input bits for $mux cell $memory$auto$proc_rom.cc:155:do_switch$1137$rdmux[0][3][1]$2796:
      Old ports: A=14'00111110101110, B=14'00011111110101, Y=$memory$auto$proc_rom.cc:155:do_switch$1137$rdmux[0][2][0]$b$2783
      New ports: A=2'10, B=2'01, Y=$memory$auto$proc_rom.cc:155:do_switch$1137$rdmux[0][2][0]$b$2783 [1:0]
      New connections: $memory$auto$proc_rom.cc:155:do_switch$1137$rdmux[0][2][0]$b$2783 [13:2] = { 2'00 $memory$auto$proc_rom.cc:155:do_switch$1137$rdmux[0][2][0]$b$2783 [1] 4'1111 $memory$auto$proc_rom.cc:155:do_switch$1137$rdmux[0][2][0]$b$2783 [0] 1'1 $memory$auto$proc_rom.cc:155:do_switch$1137$rdmux[0][2][0]$b$2783 [0] $memory$auto$proc_rom.cc:155:do_switch$1137$rdmux[0][2][0]$b$2783 [1] 1'1 }
    Consolidated identical input bits for $mux cell $memory$auto$proc_rom.cc:155:do_switch$1137$rdmux[0][3][0]$2793:
      Old ports: A=14'11001001000100, B=14'01110110101100, Y=$memory$auto$proc_rom.cc:155:do_switch$1137$rdmux[0][2][0]$a$2782
      New ports: A=2'10, B=2'01, Y={ $memory$auto$proc_rom.cc:155:do_switch$1137$rdmux[0][2][0]$a$2782 [6] $memory$auto$proc_rom.cc:155:do_switch$1137$rdmux[0][2][0]$a$2782 [3] }
      New connections: { $memory$auto$proc_rom.cc:155:do_switch$1137$rdmux[0][2][0]$a$2782 [13:7] $memory$auto$proc_rom.cc:155:do_switch$1137$rdmux[0][2][0]$a$2782 [5:4] $memory$auto$proc_rom.cc:155:do_switch$1137$rdmux[0][2][0]$a$2782 [2:0] } = { $memory$auto$proc_rom.cc:155:do_switch$1137$rdmux[0][2][0]$a$2782 [6] 1'1 $memory$auto$proc_rom.cc:155:do_switch$1137$rdmux[0][2][0]$a$2782 [3] $memory$auto$proc_rom.cc:155:do_switch$1137$rdmux[0][2][0]$a$2782 [3] $memory$auto$proc_rom.cc:155:do_switch$1137$rdmux[0][2][0]$a$2782 [6] $memory$auto$proc_rom.cc:155:do_switch$1137$rdmux[0][2][0]$a$2782 [3] $memory$auto$proc_rom.cc:155:do_switch$1137$rdmux[0][2][0]$a$2782 [3] $memory$auto$proc_rom.cc:155:do_switch$1137$rdmux[0][2][0]$a$2782 [3] 4'0100 }
    Consolidated identical input bits for $mux cell $memory$auto$proc_rom.cc:155:do_switch$1137$rdmux[0][3][7]$2814:
      Old ports: A=14'00000000000001, B=14'00000000000000, Y=$memory$auto$proc_rom.cc:155:do_switch$1137$rdmux[0][2][3]$b$2792
      New ports: A=1'1, B=1'0, Y=$memory$auto$proc_rom.cc:155:do_switch$1137$rdmux[0][2][3]$b$2792 [0]
      New connections: $memory$auto$proc_rom.cc:155:do_switch$1137$rdmux[0][2][3]$b$2792 [13:1] = 13'0000000000000
  Optimizing cells in module \cordic_atan_rom.
    Consolidated identical input bits for $mux cell $memory$auto$proc_rom.cc:155:do_switch$1137$rdmux[0][2][3]$2790:
      Old ports: A=$memory$auto$proc_rom.cc:155:do_switch$1137$rdmux[0][2][3]$a$2791, B=$memory$auto$proc_rom.cc:155:do_switch$1137$rdmux[0][2][3]$b$2792, Y=$memory$auto$proc_rom.cc:155:do_switch$1137$rdmux[0][1][1]$b$2780
      New ports: A={ $memory$auto$proc_rom.cc:155:do_switch$1137$rdmux[0][2][3]$a$2791 [2:1] 1'0 }, B={ 2'00 $memory$auto$proc_rom.cc:155:do_switch$1137$rdmux[0][2][3]$b$2792 [0] }, Y=$memory$auto$proc_rom.cc:155:do_switch$1137$rdmux[0][1][1]$b$2780 [2:0]
      New connections: $memory$auto$proc_rom.cc:155:do_switch$1137$rdmux[0][1][1]$b$2780 [13:3] = 11'00000000000
    Consolidated identical input bits for $mux cell $memory$auto$proc_rom.cc:155:do_switch$1137$rdmux[0][2][2]$2787:
      Old ports: A=$memory$auto$proc_rom.cc:155:do_switch$1137$rdmux[0][2][2]$a$2788, B=$memory$auto$proc_rom.cc:155:do_switch$1137$rdmux[0][2][2]$b$2789, Y=$memory$auto$proc_rom.cc:155:do_switch$1137$rdmux[0][1][1]$a$2779
      New ports: A={ $memory$auto$proc_rom.cc:155:do_switch$1137$rdmux[0][2][2]$a$2788 [6:5] 2'00 }, B={ 2'00 $memory$auto$proc_rom.cc:155:do_switch$1137$rdmux[0][2][2]$b$2789 [4:3] }, Y=$memory$auto$proc_rom.cc:155:do_switch$1137$rdmux[0][1][1]$a$2779 [6:3]
      New connections: { $memory$auto$proc_rom.cc:155:do_switch$1137$rdmux[0][1][1]$a$2779 [13:7] $memory$auto$proc_rom.cc:155:do_switch$1137$rdmux[0][1][1]$a$2779 [2:0] } = 10'0000000000
    Consolidated identical input bits for $mux cell $memory$auto$proc_rom.cc:155:do_switch$1137$rdmux[0][2][1]$2784:
      Old ports: A=$memory$auto$proc_rom.cc:155:do_switch$1137$rdmux[0][2][1]$a$2785, B=$memory$auto$proc_rom.cc:155:do_switch$1137$rdmux[0][2][1]$b$2786, Y=$memory$auto$proc_rom.cc:155:do_switch$1137$rdmux[0][1][0]$b$2777
      New ports: A={ 1'1 $memory$auto$proc_rom.cc:155:do_switch$1137$rdmux[0][2][1]$a$2785 [0] $memory$auto$proc_rom.cc:155:do_switch$1137$rdmux[0][2][1]$a$2785 [0] $memory$auto$proc_rom.cc:155:do_switch$1137$rdmux[0][2][1]$a$2785 [0] }, B={ 1'0 $memory$auto$proc_rom.cc:155:do_switch$1137$rdmux[0][2][1]$b$2786 [8:7] 1'0 }, Y={ $memory$auto$proc_rom.cc:155:do_switch$1137$rdmux[0][1][0]$b$2777 [9:7] $memory$auto$proc_rom.cc:155:do_switch$1137$rdmux[0][1][0]$b$2777 [0] }
      New connections: { $memory$auto$proc_rom.cc:155:do_switch$1137$rdmux[0][1][0]$b$2777 [13:10] $memory$auto$proc_rom.cc:155:do_switch$1137$rdmux[0][1][0]$b$2777 [6:1] } = { 4'0000 $memory$auto$proc_rom.cc:155:do_switch$1137$rdmux[0][1][0]$b$2777 [0] $memory$auto$proc_rom.cc:155:do_switch$1137$rdmux[0][1][0]$b$2777 [0] $memory$auto$proc_rom.cc:155:do_switch$1137$rdmux[0][1][0]$b$2777 [0] $memory$auto$proc_rom.cc:155:do_switch$1137$rdmux[0][1][0]$b$2777 [0] $memory$auto$proc_rom.cc:155:do_switch$1137$rdmux[0][1][0]$b$2777 [0] $memory$auto$proc_rom.cc:155:do_switch$1137$rdmux[0][1][0]$b$2777 [0] }
    Consolidated identical input bits for $mux cell $memory$auto$proc_rom.cc:155:do_switch$1137$rdmux[0][2][0]$2781:
      Old ports: A=$memory$auto$proc_rom.cc:155:do_switch$1137$rdmux[0][2][0]$a$2782, B=$memory$auto$proc_rom.cc:155:do_switch$1137$rdmux[0][2][0]$b$2783, Y=$memory$auto$proc_rom.cc:155:do_switch$1137$rdmux[0][1][0]$a$2776
      New ports: A={ $memory$auto$proc_rom.cc:155:do_switch$1137$rdmux[0][2][0]$a$2782 [6] 1'1 $memory$auto$proc_rom.cc:155:do_switch$1137$rdmux[0][2][0]$a$2782 [6] $memory$auto$proc_rom.cc:155:do_switch$1137$rdmux[0][2][0]$a$2782 [6] $memory$auto$proc_rom.cc:155:do_switch$1137$rdmux[0][2][0]$a$2782 [3] $memory$auto$proc_rom.cc:155:do_switch$1137$rdmux[0][2][0]$a$2782 [3] 2'00 }, B={ 3'001 $memory$auto$proc_rom.cc:155:do_switch$1137$rdmux[0][2][0]$b$2783 [0] 1'1 $memory$auto$proc_rom.cc:155:do_switch$1137$rdmux[0][2][0]$b$2783 [1] $memory$auto$proc_rom.cc:155:do_switch$1137$rdmux[0][2][0]$b$2783 [1:0] }, Y={ $memory$auto$proc_rom.cc:155:do_switch$1137$rdmux[0][1][0]$a$2776 [13:12] $memory$auto$proc_rom.cc:155:do_switch$1137$rdmux[0][1][0]$a$2776 [9] $memory$auto$proc_rom.cc:155:do_switch$1137$rdmux[0][1][0]$a$2776 [6:5] $memory$auto$proc_rom.cc:155:do_switch$1137$rdmux[0][1][0]$a$2776 [3] $memory$auto$proc_rom.cc:155:do_switch$1137$rdmux[0][1][0]$a$2776 [1:0] }
      New connections: { $memory$auto$proc_rom.cc:155:do_switch$1137$rdmux[0][1][0]$a$2776 [11:10] $memory$auto$proc_rom.cc:155:do_switch$1137$rdmux[0][1][0]$a$2776 [8:7] $memory$auto$proc_rom.cc:155:do_switch$1137$rdmux[0][1][0]$a$2776 [4] $memory$auto$proc_rom.cc:155:do_switch$1137$rdmux[0][1][0]$a$2776 [2] } = { $memory$auto$proc_rom.cc:155:do_switch$1137$rdmux[0][1][0]$a$2776 [3] $memory$auto$proc_rom.cc:155:do_switch$1137$rdmux[0][1][0]$a$2776 [5] $memory$auto$proc_rom.cc:155:do_switch$1137$rdmux[0][1][0]$a$2776 [5] $memory$auto$proc_rom.cc:155:do_switch$1137$rdmux[0][1][0]$a$2776 [5] $memory$auto$proc_rom.cc:155:do_switch$1137$rdmux[0][1][0]$a$2776 [0] 1'1 }
  Optimizing cells in module \cordic_atan_rom.
    Consolidated identical input bits for $mux cell $memory$auto$proc_rom.cc:155:do_switch$1137$rdmux[0][1][1]$2778:
      Old ports: A=$memory$auto$proc_rom.cc:155:do_switch$1137$rdmux[0][1][1]$a$2779, B=$memory$auto$proc_rom.cc:155:do_switch$1137$rdmux[0][1][1]$b$2780, Y=$memory$auto$proc_rom.cc:155:do_switch$1137$rdmux[0][0][0]$b$2774
      New ports: A={ $memory$auto$proc_rom.cc:155:do_switch$1137$rdmux[0][1][1]$a$2779 [6:3] 3'000 }, B={ 4'0000 $memory$auto$proc_rom.cc:155:do_switch$1137$rdmux[0][1][1]$b$2780 [2:0] }, Y=$memory$auto$proc_rom.cc:155:do_switch$1137$rdmux[0][0][0]$b$2774 [6:0]
      New connections: $memory$auto$proc_rom.cc:155:do_switch$1137$rdmux[0][0][0]$b$2774 [13:7] = 7'0000000
    Consolidated identical input bits for $mux cell $memory$auto$proc_rom.cc:155:do_switch$1137$rdmux[0][1][0]$2775:
      Old ports: A=$memory$auto$proc_rom.cc:155:do_switch$1137$rdmux[0][1][0]$a$2776, B=$memory$auto$proc_rom.cc:155:do_switch$1137$rdmux[0][1][0]$b$2777, Y=$memory$auto$proc_rom.cc:155:do_switch$1137$rdmux[0][0][0]$a$2773
      New ports: A={ $memory$auto$proc_rom.cc:155:do_switch$1137$rdmux[0][1][0]$a$2776 [13:12] $memory$auto$proc_rom.cc:155:do_switch$1137$rdmux[0][1][0]$a$2776 [3] $memory$auto$proc_rom.cc:155:do_switch$1137$rdmux[0][1][0]$a$2776 [5] $memory$auto$proc_rom.cc:155:do_switch$1137$rdmux[0][1][0]$a$2776 [9] $memory$auto$proc_rom.cc:155:do_switch$1137$rdmux[0][1][0]$a$2776 [5] $memory$auto$proc_rom.cc:155:do_switch$1137$rdmux[0][1][0]$a$2776 [5] $memory$auto$proc_rom.cc:155:do_switch$1137$rdmux[0][1][0]$a$2776 [6:5] $memory$auto$proc_rom.cc:155:do_switch$1137$rdmux[0][1][0]$a$2776 [3] 1'1 $memory$auto$proc_rom.cc:155:do_switch$1137$rdmux[0][1][0]$a$2776 [1:0] }, B={ 4'0000 $memory$auto$proc_rom.cc:155:do_switch$1137$rdmux[0][1][0]$b$2777 [9:7] $memory$auto$proc_rom.cc:155:do_switch$1137$rdmux[0][1][0]$b$2777 [0] $memory$auto$proc_rom.cc:155:do_switch$1137$rdmux[0][1][0]$b$2777 [0] $memory$auto$proc_rom.cc:155:do_switch$1137$rdmux[0][1][0]$b$2777 [0] $memory$auto$proc_rom.cc:155:do_switch$1137$rdmux[0][1][0]$b$2777 [0] $memory$auto$proc_rom.cc:155:do_switch$1137$rdmux[0][1][0]$b$2777 [0] $memory$auto$proc_rom.cc:155:do_switch$1137$rdmux[0][1][0]$b$2777 [0] }, Y={ $memory$auto$proc_rom.cc:155:do_switch$1137$rdmux[0][0][0]$a$2773 [13:5] $memory$auto$proc_rom.cc:155:do_switch$1137$rdmux[0][0][0]$a$2773 [3:0] }
      New connections: $memory$auto$proc_rom.cc:155:do_switch$1137$rdmux[0][0][0]$a$2773 [4] = $memory$auto$proc_rom.cc:155:do_switch$1137$rdmux[0][0][0]$a$2773 [0]
  Optimizing cells in module \cordic_atan_rom.
  Optimizing cells in module \cordic_fsm.
  Optimizing cells in module \cordic_vectoring.
    Consolidated identical input bits for $mux cell $procmux$1357:
      Old ports: A=18'110011011011110000, B=18'001100100100010000, Y=$procmux$1357_Y
      New ports: A=2'01, B=2'10, Y={ $procmux$1357_Y [8] $procmux$1357_Y [5] }
      New connections: { $procmux$1357_Y [17:9] $procmux$1357_Y [7:6] $procmux$1357_Y [4:0] } = { $procmux$1357_Y [5] $procmux$1357_Y [5] $procmux$1357_Y [8] $procmux$1357_Y [8] $procmux$1357_Y [5] $procmux$1357_Y [5] $procmux$1357_Y [8] $procmux$1357_Y [5] $procmux$1357_Y [5] $procmux$1357_Y [5] $procmux$1357_Y [5] 5'10000 }
  Optimizing cells in module \cordic_vectoring.
    Consolidated identical input bits for $mux cell $procmux$1359:
      Old ports: A=18'000000000000000000, B=$procmux$1357_Y, Y=$procmux$1359_Y
      New ports: A=3'000, B={ $procmux$1357_Y [8] $procmux$1357_Y [5] 1'1 }, Y={ $procmux$1359_Y [8] $procmux$1359_Y [5:4] }
      New connections: { $procmux$1359_Y [17:9] $procmux$1359_Y [7:6] $procmux$1359_Y [3:0] } = { $procmux$1359_Y [5] $procmux$1359_Y [5] $procmux$1359_Y [8] $procmux$1359_Y [8] $procmux$1359_Y [5] $procmux$1359_Y [5] $procmux$1359_Y [8] $procmux$1359_Y [5] $procmux$1359_Y [5] $procmux$1359_Y [5] $procmux$1359_Y [5] 4'0000 }
  Optimizing cells in module \cordic_vectoring.
Performed a total of 16 changes.

4.33.5. Executing OPT_MERGE pass (detect identical cells).
Finding identical cells in module `\cordic_atan_rom'.
<suppressed ~18 debug messages>
Finding identical cells in module `\cordic_fsm'.
Finding identical cells in module `\cordic_vectoring'.
Removed a total of 6 cells.

4.33.6. Executing OPT_SHARE pass.
    Found cells that share an operand and can be merged by moving the $mux $procmux$1427 in front of them:
        $auto$alumacc.cc:495:replace_alu$2270
        $auto$alumacc.cc:495:replace_alu$2294

    Found cells that share an operand and can be merged by moving the $mux $procmux$1430 in front of them:
        $auto$alumacc.cc:495:replace_alu$2285
        $auto$alumacc.cc:495:replace_alu$2282

    Found cells that share an operand and can be merged by moving the $mux $procmux$1433 in front of them:
        $auto$alumacc.cc:495:replace_alu$2288
        $auto$alumacc.cc:495:replace_alu$2291

4.33.7. Executing OPT_DFF pass (perform DFF optimizations).

4.33.8. Executing OPT_CLEAN pass (remove unused cells and wires).
Finding unused cells or wires in module \cordic_atan_rom..
Finding unused cells or wires in module \cordic_fsm..
Finding unused cells or wires in module \cordic_vectoring..
Removed 0 unused cells and 40 unused wires.
<suppressed ~2 debug messages>

4.33.9. Executing OPT_EXPR pass (perform const folding).
Optimizing module cordic_atan_rom.
<suppressed ~1 debug messages>
Optimizing module cordic_fsm.
Optimizing module cordic_vectoring.
<suppressed ~3 debug messages>

4.33.10. Rerunning OPT passes. (Maybe there is more to do..)

4.33.11. Executing OPT_MUXTREE pass (detect dead branches in mux trees).
Running muxtree optimizer on module \cordic_atan_rom..
  Creating internal representation of mux trees.
  Evaluating internal representation of mux trees.
  Analyzing evaluation results.
Running muxtree optimizer on module \cordic_fsm..
  Creating internal representation of mux trees.
  No muxes found in this module.
Running muxtree optimizer on module \cordic_vectoring..
  Creating internal representation of mux trees.
  Evaluating internal representation of mux trees.
  Analyzing evaluation results.
Removed 0 multiplexer ports.
<suppressed ~9 debug messages>

4.33.12. Executing OPT_REDUCE pass (consolidate $*mux and $reduce_* inputs).
  Optimizing cells in module \cordic_atan_rom.
  Optimizing cells in module \cordic_fsm.
  Optimizing cells in module \cordic_vectoring.
Performed a total of 0 changes.

4.33.13. Executing OPT_MERGE pass (detect identical cells).
Finding identical cells in module `\cordic_atan_rom'.
Finding identical cells in module `\cordic_fsm'.
Finding identical cells in module `\cordic_vectoring'.
Removed a total of 0 cells.

4.33.14. Executing OPT_SHARE pass.

4.33.15. Executing OPT_DFF pass (perform DFF optimizations).

4.33.16. Executing OPT_CLEAN pass (remove unused cells and wires).
Finding unused cells or wires in module \cordic_atan_rom..
Finding unused cells or wires in module \cordic_fsm..
Finding unused cells or wires in module \cordic_vectoring..
Removed 0 unused cells and 3 unused wires.
<suppressed ~1 debug messages>

4.33.17. Executing OPT_EXPR pass (perform const folding).
Optimizing module cordic_atan_rom.
Optimizing module cordic_fsm.
Optimizing module cordic_vectoring.

4.33.18. Rerunning OPT passes. (Maybe there is more to do..)

4.33.19. Executing OPT_MUXTREE pass (detect dead branches in mux trees).
Running muxtree optimizer on module \cordic_atan_rom..
  Creating internal representation of mux trees.
  Evaluating internal representation of mux trees.
  Analyzing evaluation results.
Running muxtree optimizer on module \cordic_fsm..
  Creating internal representation of mux trees.
  No muxes found in this module.
Running muxtree optimizer on module \cordic_vectoring..
  Creating internal representation of mux trees.
  Evaluating internal representation of mux trees.
  Analyzing evaluation results.
Removed 0 multiplexer ports.
<suppressed ~9 debug messages>

4.33.20. Executing OPT_REDUCE pass (consolidate $*mux and $reduce_* inputs).
  Optimizing cells in module \cordic_atan_rom.
  Optimizing cells in module \cordic_fsm.
  Optimizing cells in module \cordic_vectoring.
Performed a total of 0 changes.

4.33.21. Executing OPT_MERGE pass (detect identical cells).
Finding identical cells in module `\cordic_atan_rom'.
Finding identical cells in module `\cordic_fsm'.
Finding identical cells in module `\cordic_vectoring'.
Removed a total of 0 cells.

4.33.22. Executing OPT_SHARE pass.

4.33.23. Executing OPT_DFF pass (perform DFF optimizations).

4.33.24. Executing OPT_CLEAN pass (remove unused cells and wires).
Finding unused cells or wires in module \cordic_atan_rom..
Finding unused cells or wires in module \cordic_fsm..
Finding unused cells or wires in module \cordic_vectoring..

4.33.25. Executing OPT_EXPR pass (perform const folding).
Optimizing module cordic_atan_rom.
Optimizing module cordic_fsm.
Optimizing module cordic_vectoring.

4.33.26. Finished OPT passes. (There is nothing left to do.)

4.34. Executing XILINX_SRL pass (Xilinx shift register extraction).

4.35. Executing TECHMAP pass (map to technology primitives).

4.35.1. Executing Verilog-2005 frontend: /usr/bin/../share/yosys/techmap.v
Parsing Verilog input from `/usr/bin/../share/yosys/techmap.v' to AST representation.
Generating RTLIL representation for module `\_90_simplemap_bool_ops'.
Generating RTLIL representation for module `\_90_simplemap_reduce_ops'.
Generating RTLIL representation for module `\_90_simplemap_logic_ops'.
Generating RTLIL representation for module `\_90_simplemap_compare_ops'.
Generating RTLIL representation for module `\_90_simplemap_various'.
Generating RTLIL representation for module `\_90_simplemap_registers'.
Generating RTLIL representation for module `\_90_shift_ops_shr_shl_sshl_sshr'.
Generating RTLIL representation for module `\_90_shift_shiftx'.
Generating RTLIL representation for module `\_90_fa'.
Generating RTLIL representation for module `\_90_lcu_brent_kung'.
Generating RTLIL representation for module `\_90_alu'.
Generating RTLIL representation for module `\_90_macc'.
Generating RTLIL representation for module `\_90_alumacc'.
Generating RTLIL representation for module `\$__div_mod_u'.
Generating RTLIL representation for module `\$__div_mod_trunc'.
Generating RTLIL representation for module `\_90_div'.
Generating RTLIL representation for module `\_90_mod'.
Generating RTLIL representation for module `\$__div_mod_floor'.
Generating RTLIL representation for module `\_90_divfloor'.
Generating RTLIL representation for module `\_90_modfloor'.
Generating RTLIL representation for module `\_90_pow'.
Generating RTLIL representation for module `\_90_pmux'.
Generating RTLIL representation for module `\_90_demux'.
Generating RTLIL representation for module `\_90_lut'.
Successfully finished Verilog frontend.

4.35.2. Executing Verilog-2005 frontend: /usr/bin/../share/yosys/xilinx/arith_map.v
Parsing Verilog input from `/usr/bin/../share/yosys/xilinx/arith_map.v' to AST representation.
Generating RTLIL representation for module `\_80_xilinx_lcu'.
Generating RTLIL representation for module `\_80_xilinx_alu'.
Successfully finished Verilog frontend.

4.35.3. Continuing TECHMAP pass.
Using extmapper simplemap for cells of type $reduce_or.
Using extmapper simplemap for cells of type $not.
Using extmapper simplemap for cells of type $eq.
Using template $paramod$constmap:90f88508342378ea184e655842e40680e0966bd9$paramod$6abc96b7a8c1c3da2d208f70cc1394420170d22c\_90_shift_ops_shr_shl_sshl_sshr for cells of type $sshr.
Using template $paramod$f6953b23f5709573fda351cb53e918525b776894\_80_xilinx_alu for cells of type $alu.
Using template $paramod$674141544fade965cf052b5e9d5b65813fc4e151\_80_xilinx_alu for cells of type $alu.
Using template $paramod$296f978e3d35dbecc086a5eb43cf7675e932766b\_80_xilinx_alu for cells of type $alu.
Using extmapper simplemap for cells of type $and.
Using template $paramod$8e4b89c63c48f4b8e6cc6840a7525a633840262c\_80_xilinx_alu for cells of type $alu.
Running "alumacc" on wrapper $extern:wrap:$neg:A_SIGNED=1:A_WIDTH=18:Y_WIDTH=18:394426c56d1a028ba8fdd5469b163e04011def47.
Using template $extern:wrap:$neg:A_SIGNED=1:A_WIDTH=18:Y_WIDTH=18:394426c56d1a028ba8fdd5469b163e04011def47 for cells of type $extern:wrap:$neg:A_SIGNED=1:A_WIDTH=18:Y_WIDTH=18:394426c56d1a028ba8fdd5469b163e04011def47.
Using extmapper simplemap for cells of type $reduce_and.
Using extmapper simplemap for cells of type $reduce_bool.
Using extmapper simplemap for cells of type $sdffe.
Using extmapper simplemap for cells of type $or.
Using template $paramod\_80_xilinx_lcu\WIDTH=s32'00000000000000000000000000000011 for cells of type $lcu.
Using template $paramod\_80_xilinx_lcu\WIDTH=s32'00000000000000000000000000000100 for cells of type $lcu.
Using extmapper simplemap for cells of type $pos.
Using extmapper simplemap for cells of type $xor.
Using extmapper simplemap for cells of type $logic_not.
Using extmapper simplemap for cells of type $dff.
No more expansions possible.
<suppressed ~812 debug messages>

4.36. Executing OPT pass (performing simple optimizations).

4.36.1. Executing OPT_EXPR pass (perform const folding).
Optimizing module cordic_atan_rom.
<suppressed ~1 debug messages>
Optimizing module cordic_fsm.
<suppressed ~4 debug messages>
Optimizing module cordic_vectoring.
<suppressed ~264 debug messages>

4.36.2. Executing OPT_MERGE pass (detect identical cells).
Finding identical cells in module `\cordic_atan_rom'.
<suppressed ~33 debug messages>
Finding identical cells in module `\cordic_fsm'.
Finding identical cells in module `\cordic_vectoring'.
<suppressed ~135 debug messages>
Removed a total of 56 cells.

4.36.3. Executing OPT_DFF pass (perform DFF optimizations).

4.36.4. Executing OPT_CLEAN pass (remove unused cells and wires).
Finding unused cells or wires in module \cordic_atan_rom..
Finding unused cells or wires in module \cordic_fsm..
Finding unused cells or wires in module \cordic_vectoring..
Removed 36 unused cells and 277 unused wires.
<suppressed ~39 debug messages>

4.36.5. Finished fast OPT passes.

4.37. Executing IOPADMAP pass (mapping inputs/outputs to IO-PAD cells).
Mapping port cordic_vectoring.busy using OBUF.
Mapping port cordic_vectoring.clk using IBUF.
Mapping port cordic_vectoring.done using OBUF.
Mapping port cordic_vectoring.phi using OBUF.
Mapping port cordic_vectoring.r using OBUF.
Mapping port cordic_vectoring.rst using IBUF.
Mapping port cordic_vectoring.start using IBUF.
Mapping port cordic_vectoring.x_in using IBUF.
Mapping port cordic_vectoring.y_in using IBUF.
Mapping port cordic_vectoring.y_residual using OBUF.

4.38. Executing TECHMAP pass (map to technology primitives).

4.38.1. Executing Verilog-2005 frontend: /usr/bin/../share/yosys/techmap.v
Parsing Verilog input from `/usr/bin/../share/yosys/techmap.v' to AST representation.
Generating RTLIL representation for module `\_90_simplemap_bool_ops'.
Generating RTLIL representation for module `\_90_simplemap_reduce_ops'.
Generating RTLIL representation for module `\_90_simplemap_logic_ops'.
Generating RTLIL representation for module `\_90_simplemap_compare_ops'.
Generating RTLIL representation for module `\_90_simplemap_various'.
Generating RTLIL representation for module `\_90_simplemap_registers'.
Generating RTLIL representation for module `\_90_shift_ops_shr_shl_sshl_sshr'.
Generating RTLIL representation for module `\_90_shift_shiftx'.
Generating RTLIL representation for module `\_90_fa'.
Generating RTLIL representation for module `\_90_lcu_brent_kung'.
Generating RTLIL representation for module `\_90_alu'.
Generating RTLIL representation for module `\_90_macc'.
Generating RTLIL representation for module `\_90_alumacc'.
Generating RTLIL representation for module `\$__div_mod_u'.
Generating RTLIL representation for module `\$__div_mod_trunc'.
Generating RTLIL representation for module `\_90_div'.
Generating RTLIL representation for module `\_90_mod'.
Generating RTLIL representation for module `\$__div_mod_floor'.
Generating RTLIL representation for module `\_90_divfloor'.
Generating RTLIL representation for module `\_90_modfloor'.
Generating RTLIL representation for module `\_90_pow'.
Generating RTLIL representation for module `\_90_pmux'.
Generating RTLIL representation for module `\_90_demux'.
Generating RTLIL representation for module `\_90_lut'.
Successfully finished Verilog frontend.

4.38.2. Executing Verilog-2005 frontend: /usr/bin/../share/yosys/xilinx/cells_map.v
Parsing Verilog input from `/usr/bin/../share/yosys/xilinx/cells_map.v' to AST representation.
Generating RTLIL representation for module `\$__SHREG_'.
Generating RTLIL representation for module `\$__XILINX_SHREG_'.
Generating RTLIL representation for module `\$__XILINX_MUXF78'.
Successfully finished Verilog frontend.

4.38.3. Continuing TECHMAP pass.
No more expansions possible.
<suppressed ~78 debug messages>

4.39. Executing DFFLEGALIZE pass (convert FFs to types supported by the target).

4.40. Executing OPT_EXPR pass (perform const folding).
Optimizing module cordic_atan_rom.
<suppressed ~1 debug messages>
Optimizing module cordic_fsm.
Optimizing module cordic_vectoring.

4.41. Executing ABC pass (technology mapping using ABC).

4.41.1. Extracting gate netlist of module `\cordic_atan_rom' to `<abc-temp-dir>/input.blif'..
Extracted 43 gates and 49 wires to a netlist network with 4 inputs and 14 outputs.

4.41.1.1. Executing ABC.
Running ABC command: "<yosys-exe-dir>/yosys-abc" -s -f <abc-temp-dir>/abc.script 2>&1
ABC: ABC command line: "source <abc-temp-dir>/abc.script".
ABC: 
ABC: + read_blif <abc-temp-dir>/input.blif 
ABC: + read_lut <abc-temp-dir>/lutdefs.txt 
ABC: + strash 
ABC: + &get -n 
ABC: + &fraig -x 
ABC: + &put 
ABC: + scorr 
ABC: Warning: The network is combinational (run "fraig" or "fraig_sweep").
ABC: + dc2 
ABC: + dretime 
ABC: + strash 
ABC: + dch -f 
ABC: + if 
ABC: + mfs2 
ABC: + write_blif <abc-temp-dir>/output.blif 

4.41.1.2. Re-integrating ABC results.
ABC RESULTS:              $lut cells:       14
ABC RESULTS:        internal signals:       31
ABC RESULTS:           input signals:        4
ABC RESULTS:          output signals:       14
Removing temp directory.

4.41.2. Extracting gate netlist of module `\cordic_fsm' to `<abc-temp-dir>/input.blif'..
Extracted 19 gates and 25 wires to a netlist network with 6 inputs and 5 outputs.

4.41.2.1. Executing ABC.
Running ABC command: "<yosys-exe-dir>/yosys-abc" -s -f <abc-temp-dir>/abc.script 2>&1
ABC: ABC command line: "source <abc-temp-dir>/abc.script".
ABC: 
ABC: + read_blif <abc-temp-dir>/input.blif 
ABC: + read_lut <abc-temp-dir>/lutdefs.txt 
ABC: + strash 
ABC: + &get -n 
ABC: + &fraig -x 
ABC: + &put 
ABC: + scorr 
ABC: Warning: The network is combinational (run "fraig" or "fraig_sweep").
ABC: + dc2 
ABC: + dretime 
ABC: + strash 
ABC: + dch -f 
ABC: + if 
ABC: + mfs2 
ABC: + write_blif <abc-temp-dir>/output.blif 

4.41.2.2. Re-integrating ABC results.
ABC RESULTS:              $lut cells:        5
ABC RESULTS:        internal signals:       14
ABC RESULTS:           input signals:        6
ABC RESULTS:          output signals:        5
Removing temp directory.

4.41.3. Extracting gate netlist of module `\cordic_vectoring' to `<abc-temp-dir>/input.blif'..
Extracted 674 gates and 954 wires to a netlist network with 278 inputs and 256 outputs.

4.41.3.1. Executing ABC.
Running ABC command: "<yosys-exe-dir>/yosys-abc" -s -f <abc-temp-dir>/abc.script 2>&1
ABC: ABC command line: "source <abc-temp-dir>/abc.script".
ABC: 
ABC: + read_blif <abc-temp-dir>/input.blif 
ABC: + read_lut <abc-temp-dir>/lutdefs.txt 
ABC: + strash 
ABC: + &get -n 
ABC: + &fraig -x 
ABC: + &put 
ABC: + scorr 
ABC: Warning: The network is combinational (run "fraig" or "fraig_sweep").
ABC: + dc2 
ABC: + dretime 
ABC: + strash 
ABC: + dch -f 
ABC: + if 
ABC: + mfs2 
ABC: + write_blif <abc-temp-dir>/output.blif 

4.41.3.2. Re-integrating ABC results.
ABC RESULTS:              $lut cells:      325
ABC RESULTS:        internal signals:      420
ABC RESULTS:           input signals:      278
ABC RESULTS:          output signals:      256
Removing temp directory.
Removed 0 unused cells and 680 unused wires.

4.42. Executing TECHMAP pass (map to technology primitives).

4.42.1. Executing Verilog-2005 frontend: /usr/bin/../share/yosys/xilinx/ff_map.v
Parsing Verilog input from `/usr/bin/../share/yosys/xilinx/ff_map.v' to AST representation.
Generating RTLIL representation for module `\$_DFFE_NP0P_'.
Generating RTLIL representation for module `\$_DFFE_PP0P_'.
Generating RTLIL representation for module `\$_DFFE_NP1P_'.
Generating RTLIL representation for module `\$_DFFE_PP1P_'.
Generating RTLIL representation for module `\$_DFFSRE_NPPP_'.
Generating RTLIL representation for module `\$_DFFSRE_PPPP_'.
Generating RTLIL representation for module `\$_SDFFE_NP0P_'.
Generating RTLIL representation for module `\$_SDFFE_PP0P_'.
Generating RTLIL representation for module `\$_SDFFE_NP1P_'.
Generating RTLIL representation for module `\$_SDFFE_PP1P_'.
Generating RTLIL representation for module `\$_DLATCH_NP0_'.
Generating RTLIL representation for module `\$_DLATCH_PP0_'.
Generating RTLIL representation for module `\$_DLATCH_NP1_'.
Generating RTLIL representation for module `\$_DLATCH_PP1_'.
Generating RTLIL representation for module `\$_DLATCH_NPP_'.
Generating RTLIL representation for module `\$_DLATCH_PPP_'.
Successfully finished Verilog frontend.

4.42.2. Continuing TECHMAP pass.
Using template $paramod\$_SDFFE_PP0P_\_TECHMAP_WIREINIT_Q_=1'x for cells of type $_SDFFE_PP0P_.
No more expansions possible.
<suppressed ~142 debug messages>

4.43. Executing XILINX_SRL pass (Xilinx shift register extraction).

4.44. Executing TECHMAP pass (map to technology primitives).

4.44.1. Executing Verilog-2005 frontend: /usr/bin/../share/yosys/xilinx/lut_map.v
Parsing Verilog input from `/usr/bin/../share/yosys/xilinx/lut_map.v' to AST representation.
Generating RTLIL representation for module `\$lut'.
Successfully finished Verilog frontend.

4.44.2. Executing Verilog-2005 frontend: /usr/bin/../share/yosys/xilinx/cells_map.v
Parsing Verilog input from `/usr/bin/../share/yosys/xilinx/cells_map.v' to AST representation.
Generating RTLIL representation for module `\$__SHREG_'.
Generating RTLIL representation for module `\$__XILINX_SHREG_'.
Generating RTLIL representation for module `\$__XILINX_MUXF78'.
Successfully finished Verilog frontend.

4.44.3. Continuing TECHMAP pass.
Using template $paramod$56310ff701860d13f2863d5da88c08ae3780813d\$lut for cells of type $lut.
Using template $paramod$094232f1f514e716e12d4d9d2b195b7cb87faba3\$lut for cells of type $lut.
Using template $paramod$f54c0ffd7b041ca43eac7710ab19c0666d826c22\$lut for cells of type $lut.
Using template $paramod$2e42f4cdfa2b7be54cbecc74818d81b621a7793c\$lut for cells of type $lut.
Using template $paramod$f9c112f5fe2c17715d8c265f1ad593784a1e8114\$lut for cells of type $lut.
Using template $paramod$2d3ba667e1bb663616320ee027494ac84a318704\$lut for cells of type $lut.
Using template $paramod$446e7f592e70cd026e03e9ab8ab84556ce5f251b\$lut for cells of type $lut.
Using template $paramod$c2ac46cc89affc503a62a50029ded4f2400dcc89\$lut for cells of type $lut.
Using template $paramod\$lut\WIDTH=32'00000000000000000000000000000011\LUT=8'01011100 for cells of type $lut.
Using template $paramod$7ffeab24ba07f23d354ecc0be64ce86e4a497bc6\$lut for cells of type $lut.
Using template $paramod$0aed34e47c72b03b1a7c14ea83d3c720b5565286\$lut for cells of type $lut.
Using template $paramod$d2ef43814113ff73f9ebc73be6b7b228fcced45d\$lut for cells of type $lut.
Using template $paramod$af763bca85949884aefa417266a961f9c91132de\$lut for cells of type $lut.
Using template $paramod$6051bdb1976d279702edf946b6a84c27e46d7c66\$lut for cells of type $lut.
Using template $paramod$45d617c2ce0041e27b541f62b0fc3c3ce441a616\$lut for cells of type $lut.
Using template $paramod$ee19d45db61acb4c70d938b97483a4ed4b792645\$lut for cells of type $lut.
Using template $paramod$0f462d30e97e3a95497ed3ed4c5670bec4507088\$lut for cells of type $lut.
Using template $paramod$e84cbadb272cf6e7c0969270fa68324ae967d086\$lut for cells of type $lut.
Using template $paramod$a763c11a1ea21baad0b45b70400252a9e42cb1f9\$lut for cells of type $lut.
Using template $paramod$7bb6a37e65823eeb4b38c370fec30ab082759a14\$lut for cells of type $lut.
Using template $paramod\$lut\WIDTH=32'00000000000000000000000000000010\LUT=4'0001 for cells of type $lut.
Using template $paramod$94ac66a11090dca84889e55fcf03297912a5b7ec\$lut for cells of type $lut.
Using template $paramod$658b9ed803f0d3d335616d3858b53e0a2522f1e8\$lut for cells of type $lut.
Using template $paramod\$lut\WIDTH=32'00000000000000000000000000000011\LUT=8'11001010 for cells of type $lut.
Using template $paramod$6b0849254d6c87461fb93e37cc18f089f61eb912\$lut for cells of type $lut.
Using template $paramod$a4404e742e43b8bf8bde71df8b64cbe0c6ba02bd\$lut for cells of type $lut.
Using template $paramod\$lut\WIDTH=32'00000000000000000000000000000011\LUT=8'10101100 for cells of type $lut.
Using template $paramod$2e7a95e82db1d690ae9ba5d10f68b175fa2cb467\$lut for cells of type $lut.
Using template $paramod$ae9b8abdb4f811ce37985dd5106af9cd21223954\$lut for cells of type $lut.
Using template $paramod\$lut\WIDTH=32'00000000000000000000000000000010\LUT=4'0100 for cells of type $lut.
Using template $paramod\$lut\WIDTH=32'00000000000000000000000000000011\LUT=8'11110100 for cells of type $lut.
Using template $paramod\$lut\WIDTH=32'00000000000000000000000000000011\LUT=8'00001110 for cells of type $lut.
Using template $paramod\$lut\WIDTH=32'00000000000000000000000000000010\LUT=4'1110 for cells of type $lut.
Using template $paramod$571404c0889eaf57f492cb5e37f8acb5df5852f9\$lut for cells of type $lut.
Using template $paramod\$lut\WIDTH=32'00000000000000000000000000000011\LUT=8'01000000 for cells of type $lut.
Using template $paramod$33e58adf67c6b686a154c9ce8ebbc4b04b8cabc5\$lut for cells of type $lut.
Using template $paramod\$lut\WIDTH=32'00000000000000000000000000000010\LUT=4'0110 for cells of type $lut.
Using template $paramod$82f00acae8b5f8749433ed65e9029b0be1927ea3\$lut for cells of type $lut.
Using template $paramod$c362ad8dedc7d166ed978091aca319ab1e81a2d4\$lut for cells of type $lut.
Using template $paramod$9ae0f136c9ed34a2deb323e9b2a3a520eea61514\$lut for cells of type $lut.
Using template $paramod$a51d094f29a8ff6c5d7f7b3b7ee4074bcc78b464\$lut for cells of type $lut.
Using template $paramod$f5a66a09cf99617133e9c7900d74d95f706c8bb2\$lut for cells of type $lut.
Using template $paramod$fcdb63efc43d6f7e040fb7243432d6cdbf5eb9e9\$lut for cells of type $lut.
Using template $paramod$4e8850e0e7705f7b4d8b4a49a664e4cf63507c5a\$lut for cells of type $lut.
Using template $paramod\$lut\WIDTH=32'00000000000000000000000000000001\LUT=2'01 for cells of type $lut.
Using template $paramod$7a988de7554d6c5e09a742c0a2d36472e50c73b1\$lut for cells of type $lut.
Using template $paramod$a547ebbcb936a0942e18c1762283837f76f0003a\$lut for cells of type $lut.
Using template $paramod$56c6fc98268f6966dd23dcb4af9b8f5298fa7ead\$lut for cells of type $lut.
Using template $paramod$8f590874c5701190b9c94e4a5333fc3ea42bbdd9\$lut for cells of type $lut.
Using template $paramod$1a64f21ea15b05b7fc930804a66f6689ebbd6394\$lut for cells of type $lut.
Using template $paramod$626c3e5357c5f692a07c08ccf12fdd1b88fa9e71\$lut for cells of type $lut.
Using template $paramod$008e0dfa204470841106ec2dff380e023ba53848\$lut for cells of type $lut.
Using template $paramod$da908e93bffb4cfd3bd5498e2296e442a4d1317d\$lut for cells of type $lut.
Using template $paramod$6a34cd5b50e324824168b4186d0b04ba5e83b039\$lut for cells of type $lut.
Using template $paramod$821131537f5bd0b4836f5026076702f8fb1bcdf3\$lut for cells of type $lut.
Using template $paramod$536270849f160949735ff76e64a8905f88da9b50\$lut for cells of type $lut.
Using template $paramod$59e75a61b2e4a983c96d8aa2f40028bf6469834d\$lut for cells of type $lut.
Using template $paramod$ea62bcbebe053ced7a18045f4a0148b51165f1f7\$lut for cells of type $lut.
Using template $paramod$ede3ec7ca66f4b0d81af050565e7400b28750263\$lut for cells of type $lut.
Using template $paramod$ad80ff77bd76b6d505ad6a94227fe7f2565d3b10\$lut for cells of type $lut.
Using template $paramod$692927e279b3d5c42ee4aacb287247c0b34943ed\$lut for cells of type $lut.
Using template $paramod$b106756f6b267a83d3b83c2115d29066c7bf2753\$lut for cells of type $lut.
Using template $paramod$3306bedf204ba25638c3013a5d9db4518c3c6d54\$lut for cells of type $lut.
Using template $paramod$8f9df5f78689253601ffce03bdf088e63e08b4e7\$lut for cells of type $lut.
Using template $paramod$038ca4c6ac9297d52c7a4936ee408722ca99fb5c\$lut for cells of type $lut.
Using template $paramod$8c144d1ce3ecac8b6d83675f7ead41aafcbb9eb2\$lut for cells of type $lut.
Using template $paramod$780d1527c0c07299abf9948a2d30be4932651b5e\$lut for cells of type $lut.
Using template $paramod$650815287a0ea73742ac23cb8fb7c9996a057156\$lut for cells of type $lut.
Using template $paramod$126524f4c11f97791ac1c0c9229e67c9ed9db737\$lut for cells of type $lut.
Using template $paramod$79e00f2baed8e073ef3066f784250beac7ff7035\$lut for cells of type $lut.
Using template $paramod$c64b7517fc2f663fc967e3272ed8f33ff1184910\$lut for cells of type $lut.
Using template $paramod$8f81f0c38ae541f955ad17f9f86b131d06265ffa\$lut for cells of type $lut.
Using template $paramod$81c5bcf38da46ef1175da9b86dfbd25acb2bd174\$lut for cells of type $lut.
Using template $paramod$57216e43f7740bfc754414dbe254d2cda9a5e00c\$lut for cells of type $lut.
Using template $paramod$ca97a66a9cdffc2cf753adb97ad36ec7b8f5fe65\$lut for cells of type $lut.
Using template $paramod$af8bebe1cec4d74defd45caf7d2681f8fe6b0334\$lut for cells of type $lut.
Using template $paramod$793a021966cdb41f5d46ca3998cbe72648389254\$lut for cells of type $lut.
Using template $paramod$ca3349938a6a088eb802a0b523e57cea71bd74a4\$lut for cells of type $lut.
Using template $paramod$ca260995b172aa4c9c5dd2cfd96abcb790c4fdd6\$lut for cells of type $lut.
Using template $paramod$c45576938a9b58d891a9ccf0c10041ea33e86e1d\$lut for cells of type $lut.
Using template $paramod$9e2cd57dbcd4f821a9b1fe338a8e928b63c44bab\$lut for cells of type $lut.
Using template $paramod$83f50c93231e3645f8f4e5f5c1448d78b900ee9a\$lut for cells of type $lut.
Using template $paramod$e71acd1fd0d505c5322a040014ca4f2fbd36a053\$lut for cells of type $lut.
Using template $paramod$305781f2a412a490db09c180d20eea03d03d3632\$lut for cells of type $lut.
Using template $paramod$70a6524f23d9008fc7b7e774988e9f236640fcd9\$lut for cells of type $lut.
Using template $paramod$386c99260d6843c77f0d975879902c27de1a8b24\$lut for cells of type $lut.
Using template $paramod$6a968eca8f158fe750e63451c9710b03037f128a\$lut for cells of type $lut.
Using template $paramod$c46ee898423cf3b9f71679e3173a44933799fbd7\$lut for cells of type $lut.
Using template $paramod$d1167f9a44a0d06e504cdbb7d34d85f3f0788ff1\$lut for cells of type $lut.
Using template $paramod$b589a3e0201f1b8a1ca4bec7193219896e696c9f\$lut for cells of type $lut.
Using template $paramod$a9d84daecdbb63c0e5acd82ac973d29db07401bf\$lut for cells of type $lut.
Using template $paramod$b8a3a2c810cf35d37bfb408c289f54af0a5a1bad\$lut for cells of type $lut.
Using template $paramod$367bd2634b8d24ffcbcd638172c338f05051bf19\$lut for cells of type $lut.
Using template $paramod$e46bba18817578e7f70c4240c2f0cb94ab21895e\$lut for cells of type $lut.
Using template $paramod$cc1bcf858a2ae99357901024967ef5d4d0a9f731\$lut for cells of type $lut.
Using template $paramod$a76fed23ffa0670f98dfd534b00eb534e8e5bc4d\$lut for cells of type $lut.
Using template $paramod\$lut\WIDTH=32'00000000000000000000000000000010\LUT=4'1000 for cells of type $lut.
Using template $paramod$8d5273be6d4e381fb086b65222b8fc0ea5ac2206\$lut for cells of type $lut.
Using template $paramod$965f8f2fa1a796a6c51222eabb50fbd26e97d98b\$lut for cells of type $lut.
Using template $paramod$e6667d0c197fd5ccb3209821abbd71f1587c3cb9\$lut for cells of type $lut.
Using template $paramod$9d402491ebb4d24bca108c1481759cffa9839484\$lut for cells of type $lut.
Using template $paramod\$lut\WIDTH=32'00000000000000000000000000000011\LUT=8'00000001 for cells of type $lut.
Using template $paramod$20c44ea59bcc5005199bd247650bc57df9138fa8\$lut for cells of type $lut.
Using template $paramod$4613ac811d54a7344e5fa56d51722e82a64ecb8c\$lut for cells of type $lut.
Using template $paramod$c1f5e9ae961059d0f64577387b2567bcd4832b20\$lut for cells of type $lut.
Using template $paramod$453111cff761ac57957f9972d987be765170f931\$lut for cells of type $lut.
Using template $paramod$cc8f24d047e93731f042e1e169c2f399299abd39\$lut for cells of type $lut.
Using template $paramod$2de296c0f54c5ef532710b049108d6056e6152c5\$lut for cells of type $lut.
Using template $paramod$cd6c4b4da6d8737b72fd2dc8f5d83d8967445809\$lut for cells of type $lut.
Using template $paramod$703ccf7e28e948925491c67722d6b6745f4fbeb8\$lut for cells of type $lut.
Using template $paramod$ad3a97108c9f4d10f8acfa309b668b9455d3d733\$lut for cells of type $lut.
Using template $paramod$97e449d15b607612c49291044eca4e2c8b59088e\$lut for cells of type $lut.
No more expansions possible.
<suppressed ~2050 debug messages>

4.45. Executing XILINX_DFFOPT pass (optimize FF control signal usage).
Optimizing FFs in cordic_atan_rom.
Optimizing FFs in cordic_fsm.
Optimizing FFs in cordic_vectoring.
  Merging D + CE LUTs for $auto$ff.cc:266:slice$3444/z_reg (4 -> 6)
  Merging D + CE LUTs for $auto$ff.cc:266:slice$3443/z_reg (3 -> 5)
  Merging D + CE LUTs for $auto$ff.cc:266:slice$3440/z_reg (2 -> 4)
  Merging D + CE LUTs for $auto$ff.cc:266:slice$3441/z_reg (2 -> 4)
  Merging D + CE LUTs for $auto$ff.cc:266:slice$3442/z_reg (2 -> 4)
  Merging D + CE LUTs for $auto$ff.cc:266:slice$3445/z_reg (4 -> 6)
  Merging D + CE LUTs for $auto$ff.cc:266:slice$3446/z_reg (4 -> 6)
  Merging D + CE LUTs for $auto$ff.cc:266:slice$3447/z_reg (4 -> 6)
  Merging D + CE LUTs for $auto$ff.cc:266:slice$3448/z_reg (4 -> 6)
  Merging D + CE LUTs for $auto$ff.cc:266:slice$3449/z_reg (4 -> 6)
  Merging D + CE LUTs for $auto$ff.cc:266:slice$3450/z_reg (4 -> 6)
  Merging D + CE LUTs for $auto$ff.cc:266:slice$3451/z_reg (4 -> 6)
  Merging D + CE LUTs for $auto$ff.cc:266:slice$3452/z_reg (4 -> 6)
  Merging D + CE LUTs for $auto$ff.cc:266:slice$3453/z_reg (4 -> 6)
  Merging D + CE LUTs for $auto$ff.cc:266:slice$3454/z_reg (4 -> 6)
  Merging D + CE LUTs for $auto$ff.cc:266:slice$3455/z_reg (4 -> 6)
  Merging D + CE LUTs for $auto$ff.cc:266:slice$3456/z_reg (4 -> 6)
  Merging D + CE LUTs for $auto$ff.cc:266:slice$3439/z_reg (2 -> 4)

4.46. Executing OPT_LUT_INS pass (discard unused LUT inputs).
Optimizing LUTs in cordic_atan_rom.
Optimizing LUTs in cordic_fsm.
Optimizing LUTs in cordic_vectoring.
  Optimizing lut $abc$4406$auto$blifparse.cc:535:parse_blif$4659.genblk1.genblk1.genblk1.genblk1.genblk1.genblk1.genblk1.genblk1.genblk1.genblk1.lut0.genblk1.genblk1.genblk1.genblk1.genblk1.genblk1.genblk1.genblk1.genblk1.lut0 (6 -> 1)
  Optimizing lut $abc$4406$auto$blifparse.cc:535:parse_blif$4659.genblk1.genblk1.genblk1.genblk1.genblk1.genblk1.genblk1.genblk1.genblk1.genblk1.lut1.genblk1.genblk1.genblk1.genblk1.genblk1.genblk1.genblk1.genblk1.genblk1.lut0 (6 -> 5)
  Optimizing lut $abc$4406$auto$blifparse.cc:535:parse_blif$4650.genblk1.genblk1.genblk1.genblk1.genblk1.genblk1.genblk1.genblk1.genblk1.genblk1.lut1.genblk1.genblk1.genblk1.genblk1.genblk1.genblk1.genblk1.genblk1.genblk1.lut1 (6 -> 5)
  Optimizing lut $abc$4406$auto$blifparse.cc:535:parse_blif$4634.genblk1.genblk1.genblk1.genblk1.genblk1.genblk1.genblk1.genblk1.genblk1.genblk1.lut0.genblk1.genblk1.genblk1.genblk1.genblk1.genblk1.genblk1.genblk1.genblk1.lut0 (6 -> 1)
  Optimizing lut $abc$4406$auto$blifparse.cc:535:parse_blif$4634.genblk1.genblk1.genblk1.genblk1.genblk1.genblk1.genblk1.genblk1.genblk1.genblk1.lut0.genblk1.genblk1.genblk1.genblk1.genblk1.genblk1.genblk1.genblk1.genblk1.lut1 (6 -> 1)
  Optimizing lut $abc$4406$auto$blifparse.cc:535:parse_blif$4639.genblk1.genblk1.genblk1.genblk1.genblk1.genblk1.genblk1.genblk1.genblk1.genblk1.lut0.genblk1.genblk1.genblk1.genblk1.genblk1.genblk1.genblk1.genblk1.genblk1.lut1 (6 -> 1)
  Optimizing lut $abc$4406$auto$blifparse.cc:535:parse_blif$4518.genblk1.genblk1.genblk1.genblk1.genblk1.genblk1.genblk1.genblk1.genblk1.lut0 (6 -> 4)
  Optimizing lut $abc$4406$auto$blifparse.cc:535:parse_blif$4518.genblk1.genblk1.genblk1.genblk1.genblk1.genblk1.genblk1.genblk1.genblk1.lut1 (6 -> 4)
  Optimizing lut $abc$4406$auto$blifparse.cc:535:parse_blif$4636.genblk1.genblk1.genblk1.genblk1.genblk1.genblk1.genblk1.genblk1.genblk1.genblk1.lut1.genblk1.genblk1.genblk1.genblk1.genblk1.genblk1.genblk1.genblk1.genblk1.lut0 (6 -> 5)
  Optimizing lut $abc$4406$auto$blifparse.cc:535:parse_blif$4640.genblk1.genblk1.genblk1.genblk1.genblk1.genblk1.genblk1.genblk1.genblk1.genblk1.lut0.genblk1.genblk1.genblk1.genblk1.genblk1.genblk1.genblk1.genblk1.genblk1.lut1 (6 -> 1)
  Optimizing lut $abc$4406$auto$blifparse.cc:535:parse_blif$4637.genblk1.genblk1.genblk1.genblk1.genblk1.genblk1.genblk1.genblk1.genblk1.genblk1.lut1.genblk1.genblk1.genblk1.genblk1.genblk1.genblk1.genblk1.genblk1.genblk1.lut0 (6 -> 5)
  Optimizing lut $abc$4406$auto$blifparse.cc:535:parse_blif$4633.genblk1.genblk1.genblk1.genblk1.genblk1.genblk1.genblk1.genblk1.genblk1.genblk1.lut0.genblk1.genblk1.genblk1.genblk1.genblk1.genblk1.genblk1.genblk1.genblk1.lut1 (6 -> 1)
  Optimizing lut $abc$4406$auto$blifparse.cc:535:parse_blif$4519.genblk1.genblk1.genblk1.genblk1.genblk1.genblk1.genblk1.genblk1.genblk1.lut0 (6 -> 0)
  Optimizing lut $abc$4406$auto$blifparse.cc:535:parse_blif$4542.genblk1.genblk1.genblk1.genblk1.genblk1.genblk1.genblk1.genblk1.genblk1.lut0 (6 -> 5)
  Optimizing lut $abc$4406$auto$blifparse.cc:535:parse_blif$4511.genblk1.genblk1.genblk1.genblk1.genblk1.genblk1.genblk1.genblk1.genblk1.lut0 (6 -> 4)
  Optimizing lut $abc$4406$auto$blifparse.cc:535:parse_blif$4641.genblk1.genblk1.genblk1.genblk1.genblk1.genblk1.genblk1.genblk1.genblk1.genblk1.lut1.genblk1.genblk1.genblk1.genblk1.genblk1.genblk1.genblk1.genblk1.genblk1.lut0 (6 -> 5)
  Optimizing lut $abc$4406$auto$blifparse.cc:535:parse_blif$4589.genblk1.genblk1.genblk1.genblk1.genblk1.genblk1.genblk1.genblk1.genblk1.lut1 (6 -> 4)
  Optimizing lut $abc$4406$auto$blifparse.cc:535:parse_blif$4579.genblk1.genblk1.genblk1.genblk1.genblk1.genblk1.genblk1.genblk1.genblk1.lut0 (6 -> 0)
  Optimizing lut $abc$4406$auto$blifparse.cc:535:parse_blif$4644.genblk1.genblk1.genblk1.genblk1.genblk1.genblk1.genblk1.genblk1.genblk1.genblk1.lut0.genblk1.genblk1.genblk1.genblk1.genblk1.genblk1.genblk1.genblk1.genblk1.lut0 (6 -> 1)
  Optimizing lut $abc$4406$auto$blifparse.cc:535:parse_blif$4648.genblk1.genblk1.genblk1.genblk1.genblk1.genblk1.genblk1.genblk1.genblk1.genblk1.lut1.genblk1.genblk1.genblk1.genblk1.genblk1.genblk1.genblk1.genblk1.genblk1.lut1 (6 -> 5)
  Optimizing lut $abc$4406$auto$blifparse.cc:535:parse_blif$4648.genblk1.genblk1.genblk1.genblk1.genblk1.genblk1.genblk1.genblk1.genblk1.genblk1.lut1.genblk1.genblk1.genblk1.genblk1.genblk1.genblk1.genblk1.genblk1.genblk1.lut0 (6 -> 5)
  Optimizing lut $abc$4406$auto$blifparse.cc:535:parse_blif$4648.genblk1.genblk1.genblk1.genblk1.genblk1.genblk1.genblk1.genblk1.genblk1.genblk1.lut0.genblk1.genblk1.genblk1.genblk1.genblk1.genblk1.genblk1.genblk1.genblk1.lut0 (6 -> 1)
  Optimizing lut $abc$4406$auto$blifparse.cc:535:parse_blif$4532.genblk1.genblk1.genblk1.genblk1.genblk1.genblk1.genblk1.genblk1.genblk1.lut0 (6 -> 0)
  Optimizing lut $abc$4406$auto$blifparse.cc:535:parse_blif$4573.genblk1.genblk1.genblk1.genblk1.genblk1.genblk1.genblk1.genblk1.genblk1.lut0 (6 -> 4)
  Optimizing lut $abc$4406$auto$blifparse.cc:535:parse_blif$4560.genblk1.genblk1.genblk1.genblk1.genblk1.genblk1.genblk1.genblk1.genblk1.lut0 (6 -> 4)
  Optimizing lut $abc$4406$auto$blifparse.cc:535:parse_blif$4660.genblk1.genblk1.genblk1.genblk1.genblk1.genblk1.genblk1.genblk1.genblk1.genblk1.lut0.genblk1.genblk1.genblk1.genblk1.genblk1.genblk1.genblk1.genblk1.genblk1.lut0 (6 -> 1)
  Optimizing lut $abc$4406$auto$blifparse.cc:535:parse_blif$4663.genblk1.genblk1.genblk1.genblk1.genblk1.genblk1.genblk1.genblk1.genblk1.genblk1.lut0.genblk1.genblk1.genblk1.genblk1.genblk1.genblk1.genblk1.genblk1.genblk1.lut1 (6 -> 1)
  Optimizing lut $abc$4406$auto$blifparse.cc:535:parse_blif$4663.genblk1.genblk1.genblk1.genblk1.genblk1.genblk1.genblk1.genblk1.genblk1.genblk1.lut0.genblk1.genblk1.genblk1.genblk1.genblk1.genblk1.genblk1.genblk1.genblk1.lut0 (6 -> 1)
  Optimizing lut $abc$4406$auto$blifparse.cc:535:parse_blif$4663.genblk1.genblk1.genblk1.genblk1.genblk1.genblk1.genblk1.genblk1.genblk1.genblk1.lut1.genblk1.genblk1.genblk1.genblk1.genblk1.genblk1.genblk1.genblk1.genblk1.lut1 (6 -> 5)
  Optimizing lut $abc$4406$auto$blifparse.cc:535:parse_blif$4664.genblk1.genblk1.genblk1.genblk1.genblk1.genblk1.genblk1.genblk1.genblk1.genblk1.lut0.genblk1.genblk1.genblk1.genblk1.genblk1.genblk1.genblk1.genblk1.genblk1.lut0 (6 -> 1)
  Optimizing lut $abc$4406$auto$blifparse.cc:535:parse_blif$4664.genblk1.genblk1.genblk1.genblk1.genblk1.genblk1.genblk1.genblk1.genblk1.genblk1.lut1.genblk1.genblk1.genblk1.genblk1.genblk1.genblk1.genblk1.genblk1.genblk1.lut1 (6 -> 5)
  Optimizing lut $abc$4406$auto$blifparse.cc:535:parse_blif$4665.genblk1.genblk1.genblk1.genblk1.genblk1.genblk1.genblk1.genblk1.genblk1.genblk1.lut0.genblk1.genblk1.genblk1.genblk1.genblk1.genblk1.genblk1.genblk1.genblk1.lut0 (6 -> 2)
  Optimizing lut $abc$4406$auto$blifparse.cc:535:parse_blif$4667.genblk1.genblk1.genblk1.genblk1.genblk1.genblk1.genblk1.genblk1.genblk1.genblk1.lut1.genblk1.genblk1.genblk1.genblk1.genblk1.genblk1.genblk1.genblk1.genblk1.lut0 (6 -> 2)
  Optimizing lut $abc$4406$auto$blifparse.cc:535:parse_blif$4667.genblk1.genblk1.genblk1.genblk1.genblk1.genblk1.genblk1.genblk1.genblk1.genblk1.lut0.genblk1.genblk1.genblk1.genblk1.genblk1.genblk1.genblk1.genblk1.genblk1.lut0 (6 -> 2)
  Optimizing lut $abc$4406$auto$blifparse.cc:535:parse_blif$4668.genblk1.genblk1.genblk1.genblk1.genblk1.genblk1.genblk1.genblk1.genblk1.genblk1.lut1.genblk1.genblk1.genblk1.genblk1.genblk1.genblk1.genblk1.genblk1.genblk1.lut1 (6 -> 5)
  Optimizing lut $abc$4406$auto$blifparse.cc:535:parse_blif$4669.genblk1.genblk1.genblk1.genblk1.genblk1.genblk1.genblk1.genblk1.genblk1.genblk1.lut0.genblk1.genblk1.genblk1.genblk1.genblk1.genblk1.genblk1.genblk1.genblk1.lut1 (6 -> 5)
  Optimizing lut $abc$4406$auto$blifparse.cc:535:parse_blif$4513.genblk1.genblk1.genblk1.genblk1.genblk1.genblk1.genblk1.genblk1.genblk1.lut1 (6 -> 4)
  Optimizing lut $abc$4406$auto$blifparse.cc:535:parse_blif$4669.genblk1.genblk1.genblk1.genblk1.genblk1.genblk1.genblk1.genblk1.genblk1.genblk1.lut1.genblk1.genblk1.genblk1.genblk1.genblk1.genblk1.genblk1.genblk1.genblk1.lut1 (6 -> 5)
  Optimizing lut $abc$4406$auto$blifparse.cc:535:parse_blif$4670.genblk1.genblk1.genblk1.genblk1.genblk1.genblk1.genblk1.genblk1.genblk1.genblk1.lut0.genblk1.genblk1.genblk1.genblk1.genblk1.genblk1.genblk1.genblk1.genblk1.lut0 (6 -> 2)
  Optimizing lut $abc$4406$auto$blifparse.cc:535:parse_blif$4662.genblk1.genblk1.genblk1.genblk1.genblk1.genblk1.genblk1.genblk1.genblk1.genblk1.lut1.genblk1.genblk1.genblk1.genblk1.genblk1.genblk1.genblk1.genblk1.genblk1.lut0 (6 -> 5)
  Optimizing lut $abc$4406$auto$blifparse.cc:535:parse_blif$4575.genblk1.genblk1.genblk1.genblk1.genblk1.genblk1.genblk1.genblk1.genblk1.lut0 (6 -> 4)
  Optimizing lut $abc$4406$auto$blifparse.cc:535:parse_blif$4662.genblk1.genblk1.genblk1.genblk1.genblk1.genblk1.genblk1.genblk1.genblk1.genblk1.lut0.genblk1.genblk1.genblk1.genblk1.genblk1.genblk1.genblk1.genblk1.genblk1.lut1 (6 -> 1)
  Optimizing lut $abc$4406$auto$blifparse.cc:535:parse_blif$4570.genblk1.genblk1.genblk1.genblk1.genblk1.genblk1.genblk1.genblk1.genblk1.lut1 (6 -> 4)
  Optimizing lut $abc$4406$auto$blifparse.cc:535:parse_blif$4638.genblk1.genblk1.genblk1.genblk1.genblk1.genblk1.genblk1.genblk1.genblk1.genblk1.lut0.genblk1.genblk1.genblk1.genblk1.genblk1.genblk1.genblk1.genblk1.genblk1.lut0 (6 -> 1)
  Optimizing lut $abc$4406$auto$blifparse.cc:535:parse_blif$4523.genblk1.genblk1.genblk1.genblk1.genblk1.genblk1.genblk1.genblk1.genblk1.lut0 (6 -> 4)
  Optimizing lut $abc$4406$auto$blifparse.cc:535:parse_blif$4563.genblk1.genblk1.genblk1.genblk1.genblk1.genblk1.genblk1.genblk1.genblk1.lut1 (6 -> 4)
  Optimizing lut $abc$4406$auto$blifparse.cc:535:parse_blif$4650.genblk1.genblk1.genblk1.genblk1.genblk1.genblk1.genblk1.genblk1.genblk1.genblk1.lut0.genblk1.genblk1.genblk1.genblk1.genblk1.genblk1.genblk1.genblk1.genblk1.lut1 (6 -> 1)
  Optimizing lut $abc$4406$auto$blifparse.cc:535:parse_blif$4531.genblk1.genblk1.genblk1.genblk1.genblk1.genblk1.genblk1.genblk1.genblk1.lut0 (6 -> 4)
  Optimizing lut $abc$4406$auto$blifparse.cc:535:parse_blif$4639.genblk1.genblk1.genblk1.genblk1.genblk1.genblk1.genblk1.genblk1.genblk1.genblk1.lut1.genblk1.genblk1.genblk1.genblk1.genblk1.genblk1.genblk1.genblk1.genblk1.lut1 (6 -> 5)
  Optimizing lut $abc$4406$auto$blifparse.cc:535:parse_blif$4667.genblk1.genblk1.genblk1.genblk1.genblk1.genblk1.genblk1.genblk1.genblk1.genblk1.lut1.genblk1.genblk1.genblk1.genblk1.genblk1.genblk1.genblk1.genblk1.genblk1.lut1 (6 -> 5)
  Optimizing lut $abc$4406$auto$blifparse.cc:535:parse_blif$4665.genblk1.genblk1.genblk1.genblk1.genblk1.genblk1.genblk1.genblk1.genblk1.genblk1.lut0.genblk1.genblk1.genblk1.genblk1.genblk1.genblk1.genblk1.genblk1.genblk1.lut1 (6 -> 5)
  Optimizing lut $abc$4406$auto$blifparse.cc:535:parse_blif$4664.genblk1.genblk1.genblk1.genblk1.genblk1.genblk1.genblk1.genblk1.genblk1.genblk1.lut0.genblk1.genblk1.genblk1.genblk1.genblk1.genblk1.genblk1.genblk1.genblk1.lut1 (6 -> 1)
  Optimizing lut $abc$4406$auto$blifparse.cc:535:parse_blif$4660.genblk1.genblk1.genblk1.genblk1.genblk1.genblk1.genblk1.genblk1.genblk1.genblk1.lut0.genblk1.genblk1.genblk1.genblk1.genblk1.genblk1.genblk1.genblk1.genblk1.lut1 (6 -> 1)
  Optimizing lut $abc$4406$auto$blifparse.cc:535:parse_blif$4660.genblk1.genblk1.genblk1.genblk1.genblk1.genblk1.genblk1.genblk1.genblk1.genblk1.lut1.genblk1.genblk1.genblk1.genblk1.genblk1.genblk1.genblk1.genblk1.genblk1.lut1 (6 -> 5)
  Optimizing lut $abc$4406$auto$blifparse.cc:535:parse_blif$4657.genblk1.genblk1.genblk1.genblk1.genblk1.genblk1.genblk1.genblk1.genblk1.genblk1.lut1.genblk1.genblk1.genblk1.genblk1.genblk1.genblk1.genblk1.genblk1.genblk1.lut1 (6 -> 5)
  Optimizing lut $abc$4406$auto$blifparse.cc:535:parse_blif$4661.genblk1.genblk1.genblk1.genblk1.genblk1.genblk1.genblk1.genblk1.genblk1.genblk1.lut0.genblk1.genblk1.genblk1.genblk1.genblk1.genblk1.genblk1.genblk1.genblk1.lut0 (6 -> 1)
  Optimizing lut $abc$4406$auto$blifparse.cc:535:parse_blif$4633.genblk1.genblk1.genblk1.genblk1.genblk1.genblk1.genblk1.genblk1.genblk1.genblk1.lut0.genblk1.genblk1.genblk1.genblk1.genblk1.genblk1.genblk1.genblk1.genblk1.lut0 (6 -> 1)
  Optimizing lut $abc$4406$auto$blifparse.cc:535:parse_blif$4640.genblk1.genblk1.genblk1.genblk1.genblk1.genblk1.genblk1.genblk1.genblk1.genblk1.lut0.genblk1.genblk1.genblk1.genblk1.genblk1.genblk1.genblk1.genblk1.genblk1.lut0 (6 -> 1)
  Optimizing lut $abc$4406$auto$blifparse.cc:535:parse_blif$4640.genblk1.genblk1.genblk1.genblk1.genblk1.genblk1.genblk1.genblk1.genblk1.genblk1.lut1.genblk1.genblk1.genblk1.genblk1.genblk1.genblk1.genblk1.genblk1.genblk1.lut0 (6 -> 5)
  Optimizing lut $abc$4406$auto$blifparse.cc:535:parse_blif$4659.genblk1.genblk1.genblk1.genblk1.genblk1.genblk1.genblk1.genblk1.genblk1.genblk1.lut0.genblk1.genblk1.genblk1.genblk1.genblk1.genblk1.genblk1.genblk1.genblk1.lut1 (6 -> 1)
  Optimizing lut $abc$4406$auto$blifparse.cc:535:parse_blif$4635.genblk1.genblk1.genblk1.genblk1.genblk1.genblk1.genblk1.genblk1.genblk1.genblk1.lut1.genblk1.genblk1.genblk1.genblk1.genblk1.genblk1.genblk1.genblk1.genblk1.lut1 (6 -> 5)
  Optimizing lut $abc$4406$auto$blifparse.cc:535:parse_blif$4578.genblk1.genblk1.genblk1.genblk1.genblk1.genblk1.genblk1.genblk1.genblk1.lut0 (6 -> 4)
  Optimizing lut $abc$4406$auto$blifparse.cc:535:parse_blif$4578.genblk1.genblk1.genblk1.genblk1.genblk1.genblk1.genblk1.genblk1.genblk1.lut1 (6 -> 4)
  Optimizing lut $abc$4406$auto$blifparse.cc:535:parse_blif$4668.genblk1.genblk1.genblk1.genblk1.genblk1.genblk1.genblk1.genblk1.genblk1.genblk1.lut0.genblk1.genblk1.genblk1.genblk1.genblk1.genblk1.genblk1.genblk1.genblk1.lut0 (6 -> 2)
  Optimizing lut $abc$4406$auto$blifparse.cc:535:parse_blif$4538.genblk1.genblk1.genblk1.genblk1.genblk1.genblk1.genblk1.genblk1.genblk1.genblk1.lut1.genblk1.genblk1.genblk1.genblk1.genblk1.genblk1.genblk1.genblk1.genblk1.lut0 (6 -> 1)
  Optimizing lut $abc$4406$auto$blifparse.cc:535:parse_blif$4517.genblk1.genblk1.genblk1.genblk1.genblk1.genblk1.genblk1.genblk1.genblk1.lut0 (6 -> 0)
  Optimizing lut $abc$4406$auto$blifparse.cc:535:parse_blif$4563.genblk1.genblk1.genblk1.genblk1.genblk1.genblk1.genblk1.genblk1.genblk1.lut0 (6 -> 4)
  Optimizing lut $abc$4406$auto$blifparse.cc:535:parse_blif$4580.genblk1.genblk1.genblk1.genblk1.genblk1.genblk1.genblk1.genblk1.genblk1.lut0 (6 -> 4)
  Optimizing lut $abc$4406$auto$blifparse.cc:535:parse_blif$4527.genblk1.genblk1.genblk1.genblk1.genblk1.genblk1.genblk1.genblk1.genblk1.lut0 (6 -> 0)
  Optimizing lut $abc$4406$auto$blifparse.cc:535:parse_blif$4514.genblk1.genblk1.genblk1.genblk1.genblk1.genblk1.genblk1.genblk1.genblk1.lut0 (6 -> 0)
  Optimizing lut $abc$4406$auto$blifparse.cc:535:parse_blif$4639.genblk1.genblk1.genblk1.genblk1.genblk1.genblk1.genblk1.genblk1.genblk1.genblk1.lut1.genblk1.genblk1.genblk1.genblk1.genblk1.genblk1.genblk1.genblk1.genblk1.lut0 (6 -> 5)
  Optimizing lut $abc$4406$auto$blifparse.cc:535:parse_blif$4558.genblk1.genblk1.genblk1.genblk1.genblk1.genblk1.genblk1.genblk1.genblk1.lut0 (6 -> 4)
  Optimizing lut $abc$4406$auto$blifparse.cc:535:parse_blif$4635.genblk1.genblk1.genblk1.genblk1.genblk1.genblk1.genblk1.genblk1.genblk1.genblk1.lut1.genblk1.genblk1.genblk1.genblk1.genblk1.genblk1.genblk1.genblk1.genblk1.lut0 (6 -> 5)
  Optimizing lut $abc$4406$auto$blifparse.cc:535:parse_blif$4568.genblk1.genblk1.genblk1.genblk1.genblk1.genblk1.genblk1.genblk1.genblk1.lut0 (6 -> 4)
  Optimizing lut $abc$4406$auto$blifparse.cc:535:parse_blif$4561.genblk1.genblk1.genblk1.genblk1.genblk1.genblk1.genblk1.genblk1.genblk1.lut0 (6 -> 0)
  Optimizing lut $abc$4406$auto$blifparse.cc:535:parse_blif$4564.genblk1.genblk1.genblk1.genblk1.genblk1.genblk1.genblk1.genblk1.genblk1.lut0 (6 -> 0)
  Optimizing lut $abc$4406$auto$blifparse.cc:535:parse_blif$4638.genblk1.genblk1.genblk1.genblk1.genblk1.genblk1.genblk1.genblk1.genblk1.genblk1.lut1.genblk1.genblk1.genblk1.genblk1.genblk1.genblk1.genblk1.genblk1.genblk1.lut0 (6 -> 5)
  Optimizing lut $abc$4406$auto$blifparse.cc:535:parse_blif$4571.genblk1.genblk1.genblk1.genblk1.genblk1.genblk1.genblk1.genblk1.genblk1.lut0 (6 -> 0)
  Optimizing lut $abc$4406$auto$blifparse.cc:535:parse_blif$4524.genblk1.genblk1.genblk1.genblk1.genblk1.genblk1.genblk1.genblk1.genblk1.lut0 (6 -> 0)
  Optimizing lut $abc$4406$auto$blifparse.cc:535:parse_blif$4574.genblk1.genblk1.genblk1.genblk1.genblk1.genblk1.genblk1.genblk1.genblk1.lut0 (6 -> 0)
  Optimizing lut $abc$4406$auto$blifparse.cc:535:parse_blif$4558.genblk1.genblk1.genblk1.genblk1.genblk1.genblk1.genblk1.genblk1.genblk1.lut1 (6 -> 4)
  Optimizing lut $abc$4406$auto$blifparse.cc:535:parse_blif$4641.genblk1.genblk1.genblk1.genblk1.genblk1.genblk1.genblk1.genblk1.genblk1.genblk1.lut0.genblk1.genblk1.genblk1.genblk1.genblk1.genblk1.genblk1.genblk1.genblk1.lut0 (6 -> 1)
  Optimizing lut $abc$4406$auto$blifparse.cc:535:parse_blif$4511.genblk1.genblk1.genblk1.genblk1.genblk1.genblk1.genblk1.genblk1.genblk1.lut1 (6 -> 4)
  Optimizing lut $abc$4406$auto$blifparse.cc:535:parse_blif$4670.genblk1.genblk1.genblk1.genblk1.genblk1.genblk1.genblk1.genblk1.genblk1.genblk1.lut1.genblk1.genblk1.genblk1.genblk1.genblk1.genblk1.genblk1.genblk1.genblk1.lut0 (6 -> 2)
  Optimizing lut $abc$4406$auto$blifparse.cc:535:parse_blif$4512.genblk1.genblk1.genblk1.genblk1.genblk1.genblk1.genblk1.genblk1.genblk1.lut0 (6 -> 0)
  Optimizing lut $abc$4406$auto$blifparse.cc:535:parse_blif$4566.genblk1.genblk1.genblk1.genblk1.genblk1.genblk1.genblk1.genblk1.genblk1.lut0 (6 -> 0)
  Optimizing lut $abc$4406$auto$blifparse.cc:535:parse_blif$4516.genblk1.genblk1.genblk1.genblk1.genblk1.genblk1.genblk1.genblk1.genblk1.lut1 (6 -> 4)
  Optimizing lut $abc$4406$auto$blifparse.cc:535:parse_blif$4568.genblk1.genblk1.genblk1.genblk1.genblk1.genblk1.genblk1.genblk1.genblk1.lut1 (6 -> 4)
  Optimizing lut $abc$4406$auto$blifparse.cc:535:parse_blif$4636.genblk1.genblk1.genblk1.genblk1.genblk1.genblk1.genblk1.genblk1.genblk1.genblk1.lut1.genblk1.genblk1.genblk1.genblk1.genblk1.genblk1.genblk1.genblk1.genblk1.lut1 (6 -> 5)
  Optimizing lut $abc$4406$auto$blifparse.cc:535:parse_blif$4533.genblk1.genblk1.genblk1.genblk1.genblk1.genblk1.genblk1.genblk1.genblk1.lut1 (6 -> 4)
  Optimizing lut $abc$4406$auto$blifparse.cc:535:parse_blif$4523.genblk1.genblk1.genblk1.genblk1.genblk1.genblk1.genblk1.genblk1.genblk1.lut1 (6 -> 4)
  Optimizing lut $abc$4406$auto$blifparse.cc:535:parse_blif$4521.genblk1.genblk1.genblk1.genblk1.genblk1.genblk1.genblk1.genblk1.genblk1.lut1 (6 -> 4)
  Optimizing lut $abc$4406$auto$blifparse.cc:535:parse_blif$4522.genblk1.genblk1.genblk1.genblk1.genblk1.genblk1.genblk1.genblk1.genblk1.lut0 (6 -> 0)
  Optimizing lut $abc$4406$auto$blifparse.cc:535:parse_blif$4569.genblk1.genblk1.genblk1.genblk1.genblk1.genblk1.genblk1.genblk1.genblk1.lut0 (6 -> 0)
  Optimizing lut $abc$4406$auto$blifparse.cc:535:parse_blif$4526.genblk1.genblk1.genblk1.genblk1.genblk1.genblk1.genblk1.genblk1.genblk1.lut0 (6 -> 4)
  Optimizing lut $abc$4406$auto$blifparse.cc:535:parse_blif$4526.genblk1.genblk1.genblk1.genblk1.genblk1.genblk1.genblk1.genblk1.genblk1.lut1 (6 -> 4)
  Optimizing lut $abc$4406$auto$blifparse.cc:535:parse_blif$4636.genblk1.genblk1.genblk1.genblk1.genblk1.genblk1.genblk1.genblk1.genblk1.genblk1.lut0.genblk1.genblk1.genblk1.genblk1.genblk1.genblk1.genblk1.genblk1.genblk1.lut0 (6 -> 1)
  Optimizing lut $abc$4406$auto$blifparse.cc:535:parse_blif$4531.genblk1.genblk1.genblk1.genblk1.genblk1.genblk1.genblk1.genblk1.genblk1.lut1 (6 -> 4)
  Optimizing lut $abc$4406$auto$blifparse.cc:535:parse_blif$4528.genblk1.genblk1.genblk1.genblk1.genblk1.genblk1.genblk1.genblk1.genblk1.lut0 (6 -> 4)
  Optimizing lut $abc$4406$auto$blifparse.cc:535:parse_blif$4533.genblk1.genblk1.genblk1.genblk1.genblk1.genblk1.genblk1.genblk1.genblk1.lut0 (6 -> 4)
  Optimizing lut $abc$4406$auto$blifparse.cc:535:parse_blif$4658.genblk1.genblk1.genblk1.genblk1.genblk1.genblk1.genblk1.genblk1.genblk1.genblk1.lut1.genblk1.genblk1.genblk1.genblk1.genblk1.genblk1.genblk1.genblk1.genblk1.lut0 (6 -> 5)
  Optimizing lut $abc$4406$auto$blifparse.cc:535:parse_blif$4633.genblk1.genblk1.genblk1.genblk1.genblk1.genblk1.genblk1.genblk1.genblk1.genblk1.lut1.genblk1.genblk1.genblk1.genblk1.genblk1.genblk1.genblk1.genblk1.genblk1.lut0 (6 -> 5)
  Optimizing lut $abc$4406$auto$blifparse.cc:535:parse_blif$4538.genblk1.genblk1.genblk1.genblk1.genblk1.genblk1.genblk1.genblk1.genblk1.genblk1.lut0.genblk1.genblk1.genblk1.genblk1.genblk1.genblk1.genblk1.genblk1.genblk1.lut1 (6 -> 3)
  Optimizing lut $abc$4406$auto$blifparse.cc:535:parse_blif$4542.genblk1.genblk1.genblk1.genblk1.genblk1.genblk1.genblk1.genblk1.genblk1.lut1 (6 -> 4)
  Optimizing lut $abc$4406$auto$blifparse.cc:535:parse_blif$4669.genblk1.genblk1.genblk1.genblk1.genblk1.genblk1.genblk1.genblk1.genblk1.genblk1.lut0.genblk1.genblk1.genblk1.genblk1.genblk1.genblk1.genblk1.genblk1.genblk1.lut0 (6 -> 2)
  Optimizing lut $abc$4406$auto$blifparse.cc:535:parse_blif$4639.genblk1.genblk1.genblk1.genblk1.genblk1.genblk1.genblk1.genblk1.genblk1.genblk1.lut0.genblk1.genblk1.genblk1.genblk1.genblk1.genblk1.genblk1.genblk1.genblk1.lut0 (6 -> 1)
  Optimizing lut $abc$4406$auto$blifparse.cc:535:parse_blif$4513.genblk1.genblk1.genblk1.genblk1.genblk1.genblk1.genblk1.genblk1.genblk1.lut0 (6 -> 4)
  Optimizing lut $abc$4406$auto$blifparse.cc:535:parse_blif$4638.genblk1.genblk1.genblk1.genblk1.genblk1.genblk1.genblk1.genblk1.genblk1.genblk1.lut0.genblk1.genblk1.genblk1.genblk1.genblk1.genblk1.genblk1.genblk1.genblk1.lut1 (6 -> 1)
  Optimizing lut $abc$4406$auto$blifparse.cc:535:parse_blif$4559.genblk1.genblk1.genblk1.genblk1.genblk1.genblk1.genblk1.genblk1.genblk1.lut0 (6 -> 0)
  Optimizing lut $abc$4406$auto$blifparse.cc:535:parse_blif$4516.genblk1.genblk1.genblk1.genblk1.genblk1.genblk1.genblk1.genblk1.genblk1.lut0 (6 -> 4)
  Optimizing lut $abc$4406$auto$blifparse.cc:535:parse_blif$4650.genblk1.genblk1.genblk1.genblk1.genblk1.genblk1.genblk1.genblk1.genblk1.genblk1.lut0.genblk1.genblk1.genblk1.genblk1.genblk1.genblk1.genblk1.genblk1.genblk1.lut0 (6 -> 1)
  Optimizing lut $abc$4406$auto$blifparse.cc:535:parse_blif$4641.genblk1.genblk1.genblk1.genblk1.genblk1.genblk1.genblk1.genblk1.genblk1.genblk1.lut0.genblk1.genblk1.genblk1.genblk1.genblk1.genblk1.genblk1.genblk1.genblk1.lut1 (6 -> 1)
  Optimizing lut $abc$4406$auto$blifparse.cc:535:parse_blif$4570.genblk1.genblk1.genblk1.genblk1.genblk1.genblk1.genblk1.genblk1.genblk1.lut0 (6 -> 4)
  Optimizing lut $abc$4406$auto$blifparse.cc:535:parse_blif$4528.genblk1.genblk1.genblk1.genblk1.genblk1.genblk1.genblk1.genblk1.genblk1.lut1 (6 -> 4)
  Optimizing lut $abc$4406$auto$blifparse.cc:535:parse_blif$4565.genblk1.genblk1.genblk1.genblk1.genblk1.genblk1.genblk1.genblk1.genblk1.lut0 (6 -> 4)
  Optimizing lut $abc$4406$auto$blifparse.cc:535:parse_blif$4646.genblk1.genblk1.genblk1.genblk1.genblk1.genblk1.genblk1.genblk1.genblk1.genblk1.lut0.genblk1.genblk1.genblk1.genblk1.genblk1.genblk1.genblk1.genblk1.genblk1.lut1 (6 -> 1)
  Optimizing lut $abc$4406$auto$blifparse.cc:535:parse_blif$4565.genblk1.genblk1.genblk1.genblk1.genblk1.genblk1.genblk1.genblk1.genblk1.lut1 (6 -> 4)
  Optimizing lut $abc$4406$auto$blifparse.cc:535:parse_blif$4560.genblk1.genblk1.genblk1.genblk1.genblk1.genblk1.genblk1.genblk1.genblk1.lut1 (6 -> 4)
  Optimizing lut $abc$4406$auto$blifparse.cc:535:parse_blif$4521.genblk1.genblk1.genblk1.genblk1.genblk1.genblk1.genblk1.genblk1.genblk1.lut0 (6 -> 4)
  Optimizing lut $abc$4406$auto$blifparse.cc:535:parse_blif$4661.genblk1.genblk1.genblk1.genblk1.genblk1.genblk1.genblk1.genblk1.genblk1.genblk1.lut1.genblk1.genblk1.genblk1.genblk1.genblk1.genblk1.genblk1.genblk1.genblk1.lut1 (6 -> 5)
  Optimizing lut $abc$4406$auto$blifparse.cc:535:parse_blif$4658.genblk1.genblk1.genblk1.genblk1.genblk1.genblk1.genblk1.genblk1.genblk1.genblk1.lut0.genblk1.genblk1.genblk1.genblk1.genblk1.genblk1.genblk1.genblk1.genblk1.lut1 (6 -> 1)
  Optimizing lut $abc$4406$auto$blifparse.cc:535:parse_blif$4661.genblk1.genblk1.genblk1.genblk1.genblk1.genblk1.genblk1.genblk1.genblk1.genblk1.lut1.genblk1.genblk1.genblk1.genblk1.genblk1.genblk1.genblk1.genblk1.genblk1.lut0 (6 -> 5)
  Optimizing lut $abc$4406$auto$blifparse.cc:535:parse_blif$4658.genblk1.genblk1.genblk1.genblk1.genblk1.genblk1.genblk1.genblk1.genblk1.genblk1.lut0.genblk1.genblk1.genblk1.genblk1.genblk1.genblk1.genblk1.genblk1.genblk1.lut0 (6 -> 1)
  Optimizing lut $abc$4406$auto$blifparse.cc:535:parse_blif$4573.genblk1.genblk1.genblk1.genblk1.genblk1.genblk1.genblk1.genblk1.genblk1.lut1 (6 -> 4)
  Optimizing lut $abc$4406$auto$blifparse.cc:535:parse_blif$4575.genblk1.genblk1.genblk1.genblk1.genblk1.genblk1.genblk1.genblk1.genblk1.lut1 (6 -> 4)
  Optimizing lut $abc$4406$auto$blifparse.cc:535:parse_blif$4585.genblk1.genblk1.genblk1.genblk1.genblk1.genblk1.genblk1.genblk1.genblk1.genblk1.lut0.genblk1.genblk1.genblk1.genblk1.genblk1.genblk1.genblk1.genblk1.genblk1.lut1 (6 -> 3)
  Optimizing lut $abc$4406$auto$blifparse.cc:535:parse_blif$4646.genblk1.genblk1.genblk1.genblk1.genblk1.genblk1.genblk1.genblk1.genblk1.genblk1.lut1.genblk1.genblk1.genblk1.genblk1.genblk1.genblk1.genblk1.genblk1.genblk1.lut0 (6 -> 5)
  Optimizing lut $abc$4406$auto$blifparse.cc:535:parse_blif$4580.genblk1.genblk1.genblk1.genblk1.genblk1.genblk1.genblk1.genblk1.genblk1.lut1 (6 -> 4)
  Optimizing lut $abc$4406$auto$blifparse.cc:535:parse_blif$4648.genblk1.genblk1.genblk1.genblk1.genblk1.genblk1.genblk1.genblk1.genblk1.genblk1.lut0.genblk1.genblk1.genblk1.genblk1.genblk1.genblk1.genblk1.genblk1.genblk1.lut1 (6 -> 1)
  Optimizing lut $abc$4406$auto$blifparse.cc:535:parse_blif$4585.genblk1.genblk1.genblk1.genblk1.genblk1.genblk1.genblk1.genblk1.genblk1.genblk1.lut0.genblk1.genblk1.genblk1.genblk1.genblk1.genblk1.genblk1.genblk1.genblk1.lut0 (6 -> 3)
  Optimizing lut $abc$4406$auto$blifparse.cc:535:parse_blif$4585.genblk1.genblk1.genblk1.genblk1.genblk1.genblk1.genblk1.genblk1.genblk1.genblk1.lut1.genblk1.genblk1.genblk1.genblk1.genblk1.genblk1.genblk1.genblk1.genblk1.lut1 (6 -> 1)
  Optimizing lut $abc$4406$auto$blifparse.cc:535:parse_blif$4589.genblk1.genblk1.genblk1.genblk1.genblk1.genblk1.genblk1.genblk1.genblk1.lut0 (6 -> 5)
  Optimizing lut $abc$4406$auto$blifparse.cc:535:parse_blif$4644.genblk1.genblk1.genblk1.genblk1.genblk1.genblk1.genblk1.genblk1.genblk1.genblk1.lut1.genblk1.genblk1.genblk1.genblk1.genblk1.genblk1.genblk1.genblk1.genblk1.lut1 (6 -> 5)
  Optimizing lut $abc$4406$auto$blifparse.cc:535:parse_blif$4640.genblk1.genblk1.genblk1.genblk1.genblk1.genblk1.genblk1.genblk1.genblk1.genblk1.lut1.genblk1.genblk1.genblk1.genblk1.genblk1.genblk1.genblk1.genblk1.genblk1.lut1 (6 -> 5)
  Optimizing lut $abc$4406$auto$blifparse.cc:535:parse_blif$4668.genblk1.genblk1.genblk1.genblk1.genblk1.genblk1.genblk1.genblk1.genblk1.genblk1.lut0.genblk1.genblk1.genblk1.genblk1.genblk1.genblk1.genblk1.genblk1.genblk1.lut1 (6 -> 5)
  Optimizing lut $abc$4406$auto$blifparse.cc:535:parse_blif$4650.genblk1.genblk1.genblk1.genblk1.genblk1.genblk1.genblk1.genblk1.genblk1.genblk1.lut1.genblk1.genblk1.genblk1.genblk1.genblk1.genblk1.genblk1.genblk1.genblk1.lut0 (6 -> 5)
  Optimizing lut $abc$4406$auto$blifparse.cc:535:parse_blif$4633.genblk1.genblk1.genblk1.genblk1.genblk1.genblk1.genblk1.genblk1.genblk1.genblk1.lut1.genblk1.genblk1.genblk1.genblk1.genblk1.genblk1.genblk1.genblk1.genblk1.lut1 (6 -> 5)
  Optimizing lut $abc$4406$auto$blifparse.cc:535:parse_blif$4659.genblk1.genblk1.genblk1.genblk1.genblk1.genblk1.genblk1.genblk1.genblk1.genblk1.lut1.genblk1.genblk1.genblk1.genblk1.genblk1.genblk1.genblk1.genblk1.genblk1.lut1 (6 -> 5)
  Optimizing lut $abc$4406$auto$blifparse.cc:535:parse_blif$4634.genblk1.genblk1.genblk1.genblk1.genblk1.genblk1.genblk1.genblk1.genblk1.genblk1.lut1.genblk1.genblk1.genblk1.genblk1.genblk1.genblk1.genblk1.genblk1.genblk1.lut0 (6 -> 5)
  Optimizing lut $abc$4406$auto$blifparse.cc:535:parse_blif$4638.genblk1.genblk1.genblk1.genblk1.genblk1.genblk1.genblk1.genblk1.genblk1.genblk1.lut1.genblk1.genblk1.genblk1.genblk1.genblk1.genblk1.genblk1.genblk1.genblk1.lut1 (6 -> 5)
  Optimizing lut $abc$4406$auto$blifparse.cc:535:parse_blif$4637.genblk1.genblk1.genblk1.genblk1.genblk1.genblk1.genblk1.genblk1.genblk1.genblk1.lut0.genblk1.genblk1.genblk1.genblk1.genblk1.genblk1.genblk1.genblk1.genblk1.lut1 (6 -> 1)
  Optimizing lut $abc$4406$auto$blifparse.cc:535:parse_blif$4636.genblk1.genblk1.genblk1.genblk1.genblk1.genblk1.genblk1.genblk1.genblk1.genblk1.lut0.genblk1.genblk1.genblk1.genblk1.genblk1.genblk1.genblk1.genblk1.genblk1.lut1 (6 -> 1)
  Optimizing lut $abc$4406$auto$blifparse.cc:535:parse_blif$4637.genblk1.genblk1.genblk1.genblk1.genblk1.genblk1.genblk1.genblk1.genblk1.genblk1.lut0.genblk1.genblk1.genblk1.genblk1.genblk1.genblk1.genblk1.genblk1.genblk1.lut0 (6 -> 1)
  Optimizing lut $abc$4406$auto$blifparse.cc:535:parse_blif$4637.genblk1.genblk1.genblk1.genblk1.genblk1.genblk1.genblk1.genblk1.genblk1.genblk1.lut1.genblk1.genblk1.genblk1.genblk1.genblk1.genblk1.genblk1.genblk1.genblk1.lut1 (6 -> 5)
  Optimizing lut $abc$4406$auto$blifparse.cc:535:parse_blif$4585.genblk1.genblk1.genblk1.genblk1.genblk1.genblk1.genblk1.genblk1.genblk1.genblk1.lut1.genblk1.genblk1.genblk1.genblk1.genblk1.genblk1.genblk1.genblk1.genblk1.lut0 (6 -> 1)
  Optimizing lut $abc$4406$auto$blifparse.cc:535:parse_blif$4670.genblk1.genblk1.genblk1.genblk1.genblk1.genblk1.genblk1.genblk1.genblk1.genblk1.lut0.genblk1.genblk1.genblk1.genblk1.genblk1.genblk1.genblk1.genblk1.genblk1.lut1 (6 -> 5)
  Optimizing lut $abc$4406$auto$blifparse.cc:535:parse_blif$4644.genblk1.genblk1.genblk1.genblk1.genblk1.genblk1.genblk1.genblk1.genblk1.genblk1.lut1.genblk1.genblk1.genblk1.genblk1.genblk1.genblk1.genblk1.genblk1.genblk1.lut0 (6 -> 5)
  Optimizing lut $abc$4406$auto$blifparse.cc:535:parse_blif$4641.genblk1.genblk1.genblk1.genblk1.genblk1.genblk1.genblk1.genblk1.genblk1.genblk1.lut1.genblk1.genblk1.genblk1.genblk1.genblk1.genblk1.genblk1.genblk1.genblk1.lut1 (6 -> 5)
  Optimizing lut $abc$4406$auto$blifparse.cc:535:parse_blif$4634.genblk1.genblk1.genblk1.genblk1.genblk1.genblk1.genblk1.genblk1.genblk1.genblk1.lut1.genblk1.genblk1.genblk1.genblk1.genblk1.genblk1.genblk1.genblk1.genblk1.lut1 (6 -> 5)
  Optimizing lut $abc$4406$auto$blifparse.cc:535:parse_blif$4657.genblk1.genblk1.genblk1.genblk1.genblk1.genblk1.genblk1.genblk1.genblk1.genblk1.lut0.genblk1.genblk1.genblk1.genblk1.genblk1.genblk1.genblk1.genblk1.genblk1.lut0 (6 -> 1)
  Optimizing lut $abc$4406$auto$blifparse.cc:535:parse_blif$4646.genblk1.genblk1.genblk1.genblk1.genblk1.genblk1.genblk1.genblk1.genblk1.genblk1.lut1.genblk1.genblk1.genblk1.genblk1.genblk1.genblk1.genblk1.genblk1.genblk1.lut1 (6 -> 5)
  Optimizing lut $abc$4406$auto$blifparse.cc:535:parse_blif$4646.genblk1.genblk1.genblk1.genblk1.genblk1.genblk1.genblk1.genblk1.genblk1.genblk1.lut0.genblk1.genblk1.genblk1.genblk1.genblk1.genblk1.genblk1.genblk1.genblk1.lut0 (6 -> 1)
  Optimizing lut $abc$4406$auto$blifparse.cc:535:parse_blif$4635.genblk1.genblk1.genblk1.genblk1.genblk1.genblk1.genblk1.genblk1.genblk1.genblk1.lut0.genblk1.genblk1.genblk1.genblk1.genblk1.genblk1.genblk1.genblk1.genblk1.lut1 (6 -> 1)
  Optimizing lut $abc$4406$auto$blifparse.cc:535:parse_blif$4538.genblk1.genblk1.genblk1.genblk1.genblk1.genblk1.genblk1.genblk1.genblk1.genblk1.lut0.genblk1.genblk1.genblk1.genblk1.genblk1.genblk1.genblk1.genblk1.genblk1.lut0 (6 -> 3)
  Optimizing lut $abc$4406$auto$blifparse.cc:535:parse_blif$4657.genblk1.genblk1.genblk1.genblk1.genblk1.genblk1.genblk1.genblk1.genblk1.genblk1.lut0.genblk1.genblk1.genblk1.genblk1.genblk1.genblk1.genblk1.genblk1.genblk1.lut1 (6 -> 1)
  Optimizing lut $abc$4406$auto$blifparse.cc:535:parse_blif$4658.genblk1.genblk1.genblk1.genblk1.genblk1.genblk1.genblk1.genblk1.genblk1.genblk1.lut1.genblk1.genblk1.genblk1.genblk1.genblk1.genblk1.genblk1.genblk1.genblk1.lut1 (6 -> 5)
  Optimizing lut $abc$4406$auto$blifparse.cc:535:parse_blif$4635.genblk1.genblk1.genblk1.genblk1.genblk1.genblk1.genblk1.genblk1.genblk1.genblk1.lut0.genblk1.genblk1.genblk1.genblk1.genblk1.genblk1.genblk1.genblk1.genblk1.lut0 (6 -> 1)
  Optimizing lut $abc$4406$auto$blifparse.cc:535:parse_blif$4660.genblk1.genblk1.genblk1.genblk1.genblk1.genblk1.genblk1.genblk1.genblk1.genblk1.lut1.genblk1.genblk1.genblk1.genblk1.genblk1.genblk1.genblk1.genblk1.genblk1.lut0 (6 -> 5)
  Optimizing lut $abc$4406$auto$blifparse.cc:535:parse_blif$4661.genblk1.genblk1.genblk1.genblk1.genblk1.genblk1.genblk1.genblk1.genblk1.genblk1.lut0.genblk1.genblk1.genblk1.genblk1.genblk1.genblk1.genblk1.genblk1.genblk1.lut1 (6 -> 1)
  Optimizing lut $abc$4406$auto$blifparse.cc:535:parse_blif$4538.genblk1.genblk1.genblk1.genblk1.genblk1.genblk1.genblk1.genblk1.genblk1.genblk1.lut1.genblk1.genblk1.genblk1.genblk1.genblk1.genblk1.genblk1.genblk1.genblk1.lut1 (6 -> 1)
  Optimizing lut $abc$4406$auto$blifparse.cc:535:parse_blif$4663.genblk1.genblk1.genblk1.genblk1.genblk1.genblk1.genblk1.genblk1.genblk1.genblk1.lut1.genblk1.genblk1.genblk1.genblk1.genblk1.genblk1.genblk1.genblk1.genblk1.lut0 (6 -> 5)
  Optimizing lut $abc$4406$auto$blifparse.cc:535:parse_blif$4664.genblk1.genblk1.genblk1.genblk1.genblk1.genblk1.genblk1.genblk1.genblk1.genblk1.lut1.genblk1.genblk1.genblk1.genblk1.genblk1.genblk1.genblk1.genblk1.genblk1.lut0 (6 -> 5)
  Optimizing lut $abc$4406$auto$blifparse.cc:535:parse_blif$4665.genblk1.genblk1.genblk1.genblk1.genblk1.genblk1.genblk1.genblk1.genblk1.genblk1.lut1.genblk1.genblk1.genblk1.genblk1.genblk1.genblk1.genblk1.genblk1.genblk1.lut1 (6 -> 5)
  Optimizing lut $abc$4406$auto$blifparse.cc:535:parse_blif$4665.genblk1.genblk1.genblk1.genblk1.genblk1.genblk1.genblk1.genblk1.genblk1.genblk1.lut1.genblk1.genblk1.genblk1.genblk1.genblk1.genblk1.genblk1.genblk1.genblk1.lut0 (6 -> 2)
  Optimizing lut $abc$4406$auto$blifparse.cc:535:parse_blif$4668.genblk1.genblk1.genblk1.genblk1.genblk1.genblk1.genblk1.genblk1.genblk1.genblk1.lut1.genblk1.genblk1.genblk1.genblk1.genblk1.genblk1.genblk1.genblk1.genblk1.lut0 (6 -> 2)
  Optimizing lut $abc$4406$auto$blifparse.cc:535:parse_blif$4662.genblk1.genblk1.genblk1.genblk1.genblk1.genblk1.genblk1.genblk1.genblk1.genblk1.lut0.genblk1.genblk1.genblk1.genblk1.genblk1.genblk1.genblk1.genblk1.genblk1.lut0 (6 -> 1)
  Optimizing lut $abc$4406$auto$blifparse.cc:535:parse_blif$4669.genblk1.genblk1.genblk1.genblk1.genblk1.genblk1.genblk1.genblk1.genblk1.genblk1.lut1.genblk1.genblk1.genblk1.genblk1.genblk1.genblk1.genblk1.genblk1.genblk1.lut0 (6 -> 2)
  Optimizing lut $abc$4406$auto$blifparse.cc:535:parse_blif$4670.genblk1.genblk1.genblk1.genblk1.genblk1.genblk1.genblk1.genblk1.genblk1.genblk1.lut1.genblk1.genblk1.genblk1.genblk1.genblk1.genblk1.genblk1.genblk1.genblk1.lut1 (6 -> 5)
  Optimizing lut $abc$4406$auto$blifparse.cc:535:parse_blif$4662.genblk1.genblk1.genblk1.genblk1.genblk1.genblk1.genblk1.genblk1.genblk1.genblk1.lut1.genblk1.genblk1.genblk1.genblk1.genblk1.genblk1.genblk1.genblk1.genblk1.lut1 (6 -> 5)
  Optimizing lut $abc$4406$auto$blifparse.cc:535:parse_blif$4667.genblk1.genblk1.genblk1.genblk1.genblk1.genblk1.genblk1.genblk1.genblk1.genblk1.lut0.genblk1.genblk1.genblk1.genblk1.genblk1.genblk1.genblk1.genblk1.genblk1.lut1 (6 -> 5)
  Optimizing lut $abc$4406$auto$blifparse.cc:535:parse_blif$4644.genblk1.genblk1.genblk1.genblk1.genblk1.genblk1.genblk1.genblk1.genblk1.genblk1.lut0.genblk1.genblk1.genblk1.genblk1.genblk1.genblk1.genblk1.genblk1.genblk1.lut1 (6 -> 1)
  Optimizing lut $abc$4406$auto$blifparse.cc:535:parse_blif$4657.genblk1.genblk1.genblk1.genblk1.genblk1.genblk1.genblk1.genblk1.genblk1.genblk1.lut1.genblk1.genblk1.genblk1.genblk1.genblk1.genblk1.genblk1.genblk1.genblk1.lut0 (6 -> 5)

4.47. Executing CLKBUFMAP pass (inserting clock buffers).
Inserting BUFG on cordic_vectoring.$iopadmap$clk[0].
Removed 18 unused cells and 1942 unused wires.

4.48. Executing HIERARCHY pass (managing design hierarchy).
Attribute `top' found on module `cordic_vectoring'. Setting top module to cordic_vectoring.

4.48.1. Analyzing design hierarchy..
Top module:  \cordic_vectoring
Used module:     \cordic_atan_rom
Used module:     \cordic_fsm

4.48.2. Analyzing design hierarchy..
Top module:  \cordic_vectoring
Used module:     \cordic_atan_rom
Used module:     \cordic_fsm
Removed 0 unused modules.

4.49. Printing statistics.

=== cordic_atan_rom ===

   Number of wires:                  2
   Number of wire bits:             20
   Number of public wires:           2
   Number of public wire bits:      20
   Number of ports:                  2
   Number of port bits:             20
   Number of memories:               0
   Number of memory bits:            0
   Number of processes:              0
   Number of cells:                 14
     LUT3                            1
     LUT4                           13

   Estimated number of LCs:         14

=== cordic_fsm ===

   Number of wires:                 13
   Number of wire bits:             15
   Number of public wires:          10
   Number of public wire bits:      12
   Number of ports:                  9
   Number of port bits:              9
   Number of memories:               0
   Number of memory bits:            0
   Number of processes:              0
   Number of cells:                  8
     FDRE                            3
     LUT2                            2
     LUT3                            1
     LUT4                            1
     LUT5                            1

   Estimated number of LCs:          3

=== cordic_vectoring ===

   Number of wires:                430
   Number of wire bits:           1791
   Number of public wires:          24
   Number of public wire bits:     273
   Number of ports:                 10
   Number of port bits:             89
   Number of memories:               0
   Number of memory bits:            0
   Number of processes:              0
   Number of cells:                802
     BUFG                            1
     CARRY4                         46
     DSP48E1                         1
     FDRE                          110
     IBUF                           35
     INV                            56
     LUT1                           46
     LUT2                           35
     LUT3                           45
     LUT4                           66
     LUT5                          114
     LUT6                           69
     MUXF7                          94
     MUXF8                          28
     OBUF                           54
     cordic_atan_rom                 1
     cordic_fsm                      1

   Estimated number of LCs:        294

=== design hierarchy ===

   cordic_vectoring                  1
     cordic_atan_rom                 1
     cordic_fsm                      1

   Number of wires:                445
   Number of wire bits:           1826
   Number of public wires:          36
   Number of public wire bits:     305
   Number of ports:                 21
   Number of port bits:            118
   Number of memories:               0
   Number of memory bits:            0
   Number of processes:              0
   Number of cells:                822
     BUFG                            1
     CARRY4                         46
     DSP48E1                         1
     FDRE                          113
     IBUF                           35
     INV                            56
     LUT1                           46
     LUT2                           37
     LUT3                           47
     LUT4                           80
     LUT5                          115
     LUT6                           69
     MUXF7                          94
     MUXF8                          28
     OBUF                           54

   Estimated number of LCs:        311

4.50. Executing CHECK pass (checking for obvious problems).
Checking module cordic_atan_rom...
Checking module cordic_fsm...
Checking module cordic_vectoring...
Found and reported 0 problems.

5. Printing statistics.

=== cordic_atan_rom ===

   Number of wires:                  2
   Number of wire bits:             20
   Number of public wires:           2
   Number of public wire bits:      20
   Number of ports:                  2
   Number of port bits:             20
   Number of memories:               0
   Number of memory bits:            0
   Number of processes:              0
   Number of cells:                 14
     LUT3                            1
     LUT4                           13

=== cordic_fsm ===

   Number of wires:                 13
   Number of wire bits:             15
   Number of public wires:          10
   Number of public wire bits:      12
   Number of ports:                  9
   Number of port bits:              9
   Number of memories:               0
   Number of memory bits:            0
   Number of processes:              0
   Number of cells:                  8
     FDRE                            3
     LUT2                            2
     LUT3                            1
     LUT4                            1
     LUT5                            1

=== cordic_vectoring ===

   Number of wires:                430
   Number of wire bits:           1791
   Number of public wires:          24
   Number of public wire bits:     273
   Number of ports:                 10
   Number of port bits:             89
   Number of memories:               0
   Number of memory bits:            0
   Number of processes:              0
   Number of cells:                802
     BUFG                            1
     CARRY4                         46
     DSP48E1                         1
     FDRE                          110
     IBUF                           35
     INV                            56
     LUT1                           46
     LUT2                           35
     LUT3                           45
     LUT4                           66
     LUT5                          114
     LUT6                           69
     MUXF7                          94
     MUXF8                          28
     OBUF                           54
     cordic_atan_rom                 1
     cordic_fsm                      1

=== design hierarchy ===

   cordic_vectoring                  1
     cordic_atan_rom                 1
     cordic_fsm                      1

   Number of wires:                445
   Number of wire bits:           1826
   Number of public wires:          36
   Number of public wire bits:     305
   Number of ports:                 21
   Number of port bits:            118
   Number of memories:               0
   Number of memory bits:            0
   Number of processes:              0
   Number of cells:                822
     BUFG                            1
     CARRY4                         46
     DSP48E1                         1
     FDRE                          113
     IBUF                           35
     INV                            56
     LUT1                           46
     LUT2                           37
     LUT3                           47
     LUT4                           80
     LUT5                          115
     LUT6                           69
     MUXF7                          94
     MUXF8                          28
     OBUF                           54

End of script. Logfile hash: 2663cd054c, CPU: user 4.55s system 0.09s, MEM: 127.03 MB peak
Yosys 0.52 (git sha1 fee39a3284c90249e1d9684cf6944ffbbcbb8f90)
Time spent: 45% 21x read_verilog (2 sec), 9% 8x techmap (0 sec), ...
