
 /----------------------------------------------------------------------------\
 |  yosys -- Yosys Open SYnthesis Suite                                       |
 |  Copyright (C) 2012 - 2025  Claire Xenia Wolf <claire@yosyshq.com>         |
 |  Distributed under an ISC-like license, type "license" to see terms        |
 \----------------------------------------------------------------------------/
 Yosys 0.52 (git sha1 fee39a3284c90249e1d9684cf6944ffbbcbb8f90)

-- Executing script file `synth_folded.ys' --

1. Executing Verilog-2005 frontend: ../EJ1/ROM.sv
Parsing SystemVerilog input from `../EJ1/ROM.sv' to AST representation.
Generating RTLIL representation for module `\cordic_atan_rom'.
Successfully finished Verilog frontend.

2. Executing Verilog-2005 frontend: ../EJ1/cordic_fsm.sv
Parsing SystemVerilog input from `../EJ1/cordic_fsm.sv' to AST representation.
Generating RTLIL representation for module `\cordic_fsm'.
Successfully finished Verilog frontend.

3. Executing Verilog-2005 frontend: ../EJ1/cordic.sv
Parsing SystemVerilog input from `../EJ1/cordic.sv' to AST representation.
Generating RTLIL representation for module `\cordic'.
Successfully finished Verilog frontend.

4. Executing SYNTH_XILINX pass.

4.1. Executing Verilog-2005 frontend: /usr/bin/../share/yosys/xilinx/cells_sim.v
Parsing Verilog input from `/usr/bin/../share/yosys/xilinx/cells_sim.v' to AST representation.
Generating RTLIL representation for module `\VCC'.
Generating RTLIL representation for module `\GND'.
Generating RTLIL representation for module `\IBUF'.
Generating RTLIL representation for module `\IBUFG'.
Generating RTLIL representation for module `\OBUF'.
Generating RTLIL representation for module `\IOBUF'.
Generating RTLIL representation for module `\OBUFT'.
Generating RTLIL representation for module `\BUFG'.
Generating RTLIL representation for module `\BUFGCTRL'.
Generating RTLIL representation for module `\BUFHCE'.
Generating RTLIL representation for module `\INV'.
Generating RTLIL representation for module `\LUT1'.
Generating RTLIL representation for module `\LUT2'.
Generating RTLIL representation for module `\LUT3'.
Generating RTLIL representation for module `\LUT4'.
Generating RTLIL representation for module `\LUT5'.
Generating RTLIL representation for module `\LUT6'.
Generating RTLIL representation for module `\LUT6_2'.
Generating RTLIL representation for module `\$__ABC9_LUT7'.
Generating RTLIL representation for module `\$__ABC9_LUT8'.
Generating RTLIL representation for module `\MUXCY'.
Generating RTLIL representation for module `\MUXF5'.
Generating RTLIL representation for module `\MUXF6'.
Generating RTLIL representation for module `\MUXF7'.
Generating RTLIL representation for module `\MUXF8'.
Generating RTLIL representation for module `\MUXF9'.
Generating RTLIL representation for module `\XORCY'.
Generating RTLIL representation for module `\CARRY4'.
Generating RTLIL representation for module `\CARRY8'.
Generating RTLIL representation for module `\ORCY'.
Generating RTLIL representation for module `\MULT_AND'.
Generating RTLIL representation for module `\FDRE'.
Generating RTLIL representation for module `\FDRE_1'.
Generating RTLIL representation for module `\FDSE'.
Generating RTLIL representation for module `\FDSE_1'.
Generating RTLIL representation for module `\FDRSE'.
Generating RTLIL representation for module `\FDRSE_1'.
Generating RTLIL representation for module `\FDCE'.
Generating RTLIL representation for module `\FDCE_1'.
Generating RTLIL representation for module `\FDPE'.
Generating RTLIL representation for module `\FDPE_1'.
Generating RTLIL representation for module `\FDCPE'.
Generating RTLIL representation for module `\FDCPE_1'.
Generating RTLIL representation for module `\LDCE'.
Generating RTLIL representation for module `\LDPE'.
Generating RTLIL representation for module `\LDCPE'.
Generating RTLIL representation for module `\AND2B1L'.
Generating RTLIL representation for module `\OR2L'.
Generating RTLIL representation for module `\RAM16X1S'.
Generating RTLIL representation for module `\RAM16X1S_1'.
Generating RTLIL representation for module `\RAM32X1S'.
Generating RTLIL representation for module `\RAM32X1S_1'.
Generating RTLIL representation for module `\RAM64X1S'.
Generating RTLIL representation for module `\RAM64X1S_1'.
Generating RTLIL representation for module `\RAM128X1S'.
Generating RTLIL representation for module `\RAM128X1S_1'.
Generating RTLIL representation for module `\RAM256X1S'.
Generating RTLIL representation for module `\RAM512X1S'.
Generating RTLIL representation for module `\RAM16X2S'.
Generating RTLIL representation for module `\RAM32X2S'.
Generating RTLIL representation for module `\RAM64X2S'.
Generating RTLIL representation for module `\RAM16X4S'.
Generating RTLIL representation for module `\RAM32X4S'.
Generating RTLIL representation for module `\RAM16X8S'.
Generating RTLIL representation for module `\RAM32X8S'.
Generating RTLIL representation for module `\RAM16X1D'.
Generating RTLIL representation for module `\RAM16X1D_1'.
Generating RTLIL representation for module `\RAM32X1D'.
Generating RTLIL representation for module `\RAM32X1D_1'.
Generating RTLIL representation for module `\RAM64X1D'.
Generating RTLIL representation for module `\RAM64X1D_1'.
Generating RTLIL representation for module `\RAM128X1D'.
Generating RTLIL representation for module `\RAM256X1D'.
Generating RTLIL representation for module `\RAM32M'.
Generating RTLIL representation for module `\RAM32M16'.
Generating RTLIL representation for module `\RAM64M'.
Generating RTLIL representation for module `\RAM64M8'.
Generating RTLIL representation for module `\RAM32X16DR8'.
Generating RTLIL representation for module `\RAM64X8SW'.
Generating RTLIL representation for module `\ROM16X1'.
Generating RTLIL representation for module `\ROM32X1'.
Generating RTLIL representation for module `\ROM64X1'.
Generating RTLIL representation for module `\ROM128X1'.
Generating RTLIL representation for module `\ROM256X1'.
Generating RTLIL representation for module `\SRL16'.
Generating RTLIL representation for module `\SRL16E'.
Generating RTLIL representation for module `\SRLC16'.
Generating RTLIL representation for module `\SRLC16E'.
Generating RTLIL representation for module `\SRLC32E'.
Generating RTLIL representation for module `\CFGLUT5'.
Generating RTLIL representation for module `\MULT18X18'.
Generating RTLIL representation for module `\MULT18X18S'.
Generating RTLIL representation for module `\MULT18X18SIO'.
Generating RTLIL representation for module `\DSP48A'.
Generating RTLIL representation for module `\DSP48A1'.
Generating RTLIL representation for module `\DSP48'.
Generating RTLIL representation for module `\DSP48E1'.
Generating RTLIL representation for module `\RAMB18E1'.
Generating RTLIL representation for module `\RAMB36E1'.
Successfully finished Verilog frontend.

4.2. Executing Verilog-2005 frontend: /usr/bin/../share/yosys/xilinx/cells_xtra.v
Parsing Verilog input from `/usr/bin/../share/yosys/xilinx/cells_xtra.v' to AST representation.
Generating RTLIL representation for module `\RAMB4_S1'.
Generating RTLIL representation for module `\RAMB4_S2'.
Generating RTLIL representation for module `\RAMB4_S4'.
Generating RTLIL representation for module `\RAMB4_S8'.
Generating RTLIL representation for module `\RAMB4_S16'.
Generating RTLIL representation for module `\RAMB4_S1_S1'.
Generating RTLIL representation for module `\RAMB4_S1_S2'.
Generating RTLIL representation for module `\RAMB4_S1_S4'.
Generating RTLIL representation for module `\RAMB4_S1_S8'.
Generating RTLIL representation for module `\RAMB4_S1_S16'.
Generating RTLIL representation for module `\RAMB4_S2_S2'.
Generating RTLIL representation for module `\RAMB4_S2_S4'.
Generating RTLIL representation for module `\RAMB4_S2_S8'.
Generating RTLIL representation for module `\RAMB4_S2_S16'.
Generating RTLIL representation for module `\RAMB4_S4_S4'.
Generating RTLIL representation for module `\RAMB4_S4_S8'.
Generating RTLIL representation for module `\RAMB4_S4_S16'.
Generating RTLIL representation for module `\RAMB4_S8_S8'.
Generating RTLIL representation for module `\RAMB4_S8_S16'.
Generating RTLIL representation for module `\RAMB4_S16_S16'.
Generating RTLIL representation for module `\RAMB16_S1'.
Generating RTLIL representation for module `\RAMB16_S2'.
Generating RTLIL representation for module `\RAMB16_S4'.
Generating RTLIL representation for module `\RAMB16_S9'.
Generating RTLIL representation for module `\RAMB16_S18'.
Generating RTLIL representation for module `\RAMB16_S36'.
Generating RTLIL representation for module `\RAMB16_S1_S1'.
Generating RTLIL representation for module `\RAMB16_S1_S2'.
Generating RTLIL representation for module `\RAMB16_S1_S4'.
Generating RTLIL representation for module `\RAMB16_S1_S9'.
Generating RTLIL representation for module `\RAMB16_S1_S18'.
Generating RTLIL representation for module `\RAMB16_S1_S36'.
Generating RTLIL representation for module `\RAMB16_S2_S2'.
Generating RTLIL representation for module `\RAMB16_S2_S4'.
Generating RTLIL representation for module `\RAMB16_S2_S9'.
Generating RTLIL representation for module `\RAMB16_S2_S18'.
Generating RTLIL representation for module `\RAMB16_S2_S36'.
Generating RTLIL representation for module `\RAMB16_S4_S4'.
Generating RTLIL representation for module `\RAMB16_S4_S9'.
Generating RTLIL representation for module `\RAMB16_S4_S18'.
Generating RTLIL representation for module `\RAMB16_S4_S36'.
Generating RTLIL representation for module `\RAMB16_S9_S9'.
Generating RTLIL representation for module `\RAMB16_S9_S18'.
Generating RTLIL representation for module `\RAMB16_S9_S36'.
Generating RTLIL representation for module `\RAMB16_S18_S18'.
Generating RTLIL representation for module `\RAMB16_S18_S36'.
Generating RTLIL representation for module `\RAMB16_S36_S36'.
Generating RTLIL representation for module `\RAMB16BWE_S18'.
Generating RTLIL representation for module `\RAMB16BWE_S36'.
Generating RTLIL representation for module `\RAMB16BWE_S18_S9'.
Generating RTLIL representation for module `\RAMB16BWE_S18_S18'.
Generating RTLIL representation for module `\RAMB16BWE_S36_S9'.
Generating RTLIL representation for module `\RAMB16BWE_S36_S18'.
Generating RTLIL representation for module `\RAMB16BWE_S36_S36'.
Generating RTLIL representation for module `\RAMB16BWER'.
Generating RTLIL representation for module `\RAMB8BWER'.
Generating RTLIL representation for module `\FIFO16'.
Generating RTLIL representation for module `\RAMB16'.
Generating RTLIL representation for module `\RAMB32_S64_ECC'.
Generating RTLIL representation for module `\FIFO18'.
Generating RTLIL representation for module `\FIFO18_36'.
Generating RTLIL representation for module `\FIFO36'.
Generating RTLIL representation for module `\FIFO36_72'.
Generating RTLIL representation for module `\RAMB18'.
Generating RTLIL representation for module `\RAMB36'.
Generating RTLIL representation for module `\RAMB18SDP'.
Generating RTLIL representation for module `\RAMB36SDP'.
Generating RTLIL representation for module `\FIFO18E1'.
Generating RTLIL representation for module `\FIFO36E1'.
Generating RTLIL representation for module `\FIFO18E2'.
Generating RTLIL representation for module `\FIFO36E2'.
Generating RTLIL representation for module `\RAMB18E2'.
Generating RTLIL representation for module `\RAMB36E2'.
Generating RTLIL representation for module `\URAM288'.
Generating RTLIL representation for module `\URAM288_BASE'.
Generating RTLIL representation for module `\DSP48E'.
Generating RTLIL representation for module `\DSP48E2'.
Generating RTLIL representation for module `\FDDRCPE'.
Generating RTLIL representation for module `\FDDRRSE'.
Generating RTLIL representation for module `\IFDDRCPE'.
Generating RTLIL representation for module `\IFDDRRSE'.
Generating RTLIL representation for module `\OFDDRCPE'.
Generating RTLIL representation for module `\OFDDRRSE'.
Generating RTLIL representation for module `\OFDDRTCPE'.
Generating RTLIL representation for module `\OFDDRTRSE'.
Generating RTLIL representation for module `\IDDR2'.
Generating RTLIL representation for module `\ODDR2'.
Generating RTLIL representation for module `\IDDR'.
Generating RTLIL representation for module `\IDDR_2CLK'.
Generating RTLIL representation for module `\ODDR'.
Generating RTLIL representation for module `\IDELAYCTRL'.
Generating RTLIL representation for module `\IDELAY'.
Generating RTLIL representation for module `\ISERDES'.
Generating RTLIL representation for module `\OSERDES'.
Generating RTLIL representation for module `\IODELAY'.
Generating RTLIL representation for module `\ISERDES_NODELAY'.
Generating RTLIL representation for module `\IODELAYE1'.
Generating RTLIL representation for module `\ISERDESE1'.
Generating RTLIL representation for module `\OSERDESE1'.
Generating RTLIL representation for module `\IDELAYE2'.
Generating RTLIL representation for module `\ODELAYE2'.
Generating RTLIL representation for module `\ISERDESE2'.
Generating RTLIL representation for module `\OSERDESE2'.
Generating RTLIL representation for module `\PHASER_IN'.
Generating RTLIL representation for module `\PHASER_IN_PHY'.
Generating RTLIL representation for module `\PHASER_OUT'.
Generating RTLIL representation for module `\PHASER_OUT_PHY'.
Generating RTLIL representation for module `\PHASER_REF'.
Generating RTLIL representation for module `\PHY_CONTROL'.
Generating RTLIL representation for module `\IDDRE1'.
Generating RTLIL representation for module `\ODDRE1'.
Generating RTLIL representation for module `\IDELAYE3'.
Generating RTLIL representation for module `\ODELAYE3'.
Generating RTLIL representation for module `\ISERDESE3'.
Generating RTLIL representation for module `\OSERDESE3'.
Generating RTLIL representation for module `\BITSLICE_CONTROL'.
Generating RTLIL representation for module `\RIU_OR'.
Generating RTLIL representation for module `\RX_BITSLICE'.
Generating RTLIL representation for module `\RXTX_BITSLICE'.
Generating RTLIL representation for module `\TX_BITSLICE'.
Generating RTLIL representation for module `\TX_BITSLICE_TRI'.
Generating RTLIL representation for module `\IODELAY2'.
Generating RTLIL representation for module `\IODRP2'.
Generating RTLIL representation for module `\IODRP2_MCB'.
Generating RTLIL representation for module `\ISERDES2'.
Generating RTLIL representation for module `\OSERDES2'.
Generating RTLIL representation for module `\IBUF_DLY_ADJ'.
Generating RTLIL representation for module `\IBUF_IBUFDISABLE'.
Generating RTLIL representation for module `\IBUF_INTERMDISABLE'.
Generating RTLIL representation for module `\IBUF_ANALOG'.
Generating RTLIL representation for module `\IBUFE3'.
Generating RTLIL representation for module `\IBUFDS'.
Generating RTLIL representation for module `\IBUFDS_DLY_ADJ'.
Generating RTLIL representation for module `\IBUFDS_IBUFDISABLE'.
Generating RTLIL representation for module `\IBUFDS_INTERMDISABLE'.
Generating RTLIL representation for module `\IBUFDS_DIFF_OUT'.
Generating RTLIL representation for module `\IBUFDS_DIFF_OUT_IBUFDISABLE'.
Generating RTLIL representation for module `\IBUFDS_DIFF_OUT_INTERMDISABLE'.
Generating RTLIL representation for module `\IBUFDSE3'.
Generating RTLIL representation for module `\IBUFDS_DPHY'.
Generating RTLIL representation for module `\IBUFGDS'.
Generating RTLIL representation for module `\IBUFGDS_DIFF_OUT'.
Generating RTLIL representation for module `\IOBUF_DCIEN'.
Generating RTLIL representation for module `\IOBUF_INTERMDISABLE'.
Generating RTLIL representation for module `\IOBUFE3'.
Generating RTLIL representation for module `\IOBUFDS'.
Generating RTLIL representation for module `\IOBUFDS_DCIEN'.
Generating RTLIL representation for module `\IOBUFDS_INTERMDISABLE'.
Generating RTLIL representation for module `\IOBUFDS_DIFF_OUT'.
Generating RTLIL representation for module `\IOBUFDS_DIFF_OUT_DCIEN'.
Generating RTLIL representation for module `\IOBUFDS_DIFF_OUT_INTERMDISABLE'.
Generating RTLIL representation for module `\IOBUFDSE3'.
Generating RTLIL representation for module `\OBUFDS'.
Generating RTLIL representation for module `\OBUFDS_DPHY'.
Generating RTLIL representation for module `\OBUFTDS'.
Generating RTLIL representation for module `\KEEPER'.
Generating RTLIL representation for module `\PULLDOWN'.
Generating RTLIL representation for module `\PULLUP'.
Generating RTLIL representation for module `\DCIRESET'.
Generating RTLIL representation for module `\HPIO_VREF'.
Generating RTLIL representation for module `\BUFGCE'.
Generating RTLIL representation for module `\BUFGCE_1'.
Generating RTLIL representation for module `\BUFGMUX'.
Generating RTLIL representation for module `\BUFGMUX_1'.
Generating RTLIL representation for module `\BUFGMUX_CTRL'.
Generating RTLIL representation for module `\BUFGMUX_VIRTEX4'.
Generating RTLIL representation for module `\BUFG_GT'.
Generating RTLIL representation for module `\BUFG_GT_SYNC'.
Generating RTLIL representation for module `\BUFG_PS'.
Generating RTLIL representation for module `\BUFGCE_DIV'.
Generating RTLIL representation for module `\BUFH'.
Generating RTLIL representation for module `\BUFIO2'.
Generating RTLIL representation for module `\BUFIO2_2CLK'.
Generating RTLIL representation for module `\BUFIO2FB'.
Generating RTLIL representation for module `\BUFPLL'.
Generating RTLIL representation for module `\BUFPLL_MCB'.
Generating RTLIL representation for module `\BUFIO'.
Generating RTLIL representation for module `\BUFIODQS'.
Generating RTLIL representation for module `\BUFR'.
Generating RTLIL representation for module `\BUFMR'.
Generating RTLIL representation for module `\BUFMRCE'.
Generating RTLIL representation for module `\DCM'.
Generating RTLIL representation for module `\DCM_SP'.
Generating RTLIL representation for module `\DCM_CLKGEN'.
Generating RTLIL representation for module `\DCM_ADV'.
Generating RTLIL representation for module `\DCM_BASE'.
Generating RTLIL representation for module `\DCM_PS'.
Generating RTLIL representation for module `\PMCD'.
Generating RTLIL representation for module `\PLL_ADV'.
Generating RTLIL representation for module `\PLL_BASE'.
Generating RTLIL representation for module `\MMCM_ADV'.
Generating RTLIL representation for module `\MMCM_BASE'.
Generating RTLIL representation for module `\MMCME2_ADV'.
Generating RTLIL representation for module `\MMCME2_BASE'.
Generating RTLIL representation for module `\PLLE2_ADV'.
Generating RTLIL representation for module `\PLLE2_BASE'.
Generating RTLIL representation for module `\MMCME3_ADV'.
Generating RTLIL representation for module `\MMCME3_BASE'.
Generating RTLIL representation for module `\PLLE3_ADV'.
Generating RTLIL representation for module `\PLLE3_BASE'.
Generating RTLIL representation for module `\MMCME4_ADV'.
Generating RTLIL representation for module `\MMCME4_BASE'.
Generating RTLIL representation for module `\PLLE4_ADV'.
Generating RTLIL representation for module `\PLLE4_BASE'.
Generating RTLIL representation for module `\BUFT'.
Generating RTLIL representation for module `\IN_FIFO'.
Generating RTLIL representation for module `\OUT_FIFO'.
Generating RTLIL representation for module `\HARD_SYNC'.
Generating RTLIL representation for module `\STARTUP_SPARTAN3'.
Generating RTLIL representation for module `\STARTUP_SPARTAN3E'.
Generating RTLIL representation for module `\STARTUP_SPARTAN3A'.
Generating RTLIL representation for module `\STARTUP_SPARTAN6'.
Generating RTLIL representation for module `\STARTUP_VIRTEX4'.
Generating RTLIL representation for module `\STARTUP_VIRTEX5'.
Generating RTLIL representation for module `\STARTUP_VIRTEX6'.
Generating RTLIL representation for module `\STARTUPE2'.
Generating RTLIL representation for module `\STARTUPE3'.
Generating RTLIL representation for module `\CAPTURE_SPARTAN3'.
Generating RTLIL representation for module `\CAPTURE_SPARTAN3A'.
Generating RTLIL representation for module `\CAPTURE_VIRTEX4'.
Generating RTLIL representation for module `\CAPTURE_VIRTEX5'.
Generating RTLIL representation for module `\CAPTURE_VIRTEX6'.
Generating RTLIL representation for module `\CAPTUREE2'.
Generating RTLIL representation for module `\ICAP_SPARTAN3A'.
Generating RTLIL representation for module `\ICAP_SPARTAN6'.
Generating RTLIL representation for module `\ICAP_VIRTEX4'.
Generating RTLIL representation for module `\ICAP_VIRTEX5'.
Generating RTLIL representation for module `\ICAP_VIRTEX6'.
Generating RTLIL representation for module `\ICAPE2'.
Generating RTLIL representation for module `\ICAPE3'.
Generating RTLIL representation for module `\BSCAN_SPARTAN3'.
Generating RTLIL representation for module `\BSCAN_SPARTAN3A'.
Generating RTLIL representation for module `\BSCAN_SPARTAN6'.
Generating RTLIL representation for module `\BSCAN_VIRTEX4'.
Generating RTLIL representation for module `\BSCAN_VIRTEX5'.
Generating RTLIL representation for module `\BSCAN_VIRTEX6'.
Generating RTLIL representation for module `\BSCANE2'.
Generating RTLIL representation for module `\DNA_PORT'.
Generating RTLIL representation for module `\DNA_PORTE2'.
Generating RTLIL representation for module `\FRAME_ECC_VIRTEX4'.
Generating RTLIL representation for module `\FRAME_ECC_VIRTEX5'.
Generating RTLIL representation for module `\FRAME_ECC_VIRTEX6'.
Generating RTLIL representation for module `\FRAME_ECCE2'.
Generating RTLIL representation for module `\FRAME_ECCE3'.
Generating RTLIL representation for module `\FRAME_ECCE4'.
Generating RTLIL representation for module `\USR_ACCESS_VIRTEX4'.
Generating RTLIL representation for module `\USR_ACCESS_VIRTEX5'.
Generating RTLIL representation for module `\USR_ACCESS_VIRTEX6'.
Generating RTLIL representation for module `\USR_ACCESSE2'.
Generating RTLIL representation for module `\POST_CRC_INTERNAL'.
Generating RTLIL representation for module `\SUSPEND_SYNC'.
Generating RTLIL representation for module `\KEY_CLEAR'.
Generating RTLIL representation for module `\MASTER_JTAG'.
Generating RTLIL representation for module `\SPI_ACCESS'.
Generating RTLIL representation for module `\EFUSE_USR'.
Generating RTLIL representation for module `\SYSMON'.
Generating RTLIL representation for module `\XADC'.
Generating RTLIL representation for module `\SYSMONE1'.
Generating RTLIL representation for module `\SYSMONE4'.
Generating RTLIL representation for module `\GTPA1_DUAL'.
Generating RTLIL representation for module `\GT11_CUSTOM'.
Generating RTLIL representation for module `\GT11_DUAL'.
Generating RTLIL representation for module `\GT11CLK'.
Generating RTLIL representation for module `\GT11CLK_MGT'.
Generating RTLIL representation for module `\GTP_DUAL'.
Generating RTLIL representation for module `\GTX_DUAL'.
Generating RTLIL representation for module `\CRC32'.
Generating RTLIL representation for module `\CRC64'.
Generating RTLIL representation for module `\GTHE1_QUAD'.
Generating RTLIL representation for module `\GTXE1'.
Generating RTLIL representation for module `\IBUFDS_GTXE1'.
Generating RTLIL representation for module `\IBUFDS_GTHE1'.
Generating RTLIL representation for module `\GTHE2_CHANNEL'.
Generating RTLIL representation for module `\GTHE2_COMMON'.
Generating RTLIL representation for module `\GTPE2_CHANNEL'.
Generating RTLIL representation for module `\GTPE2_COMMON'.
Generating RTLIL representation for module `\GTXE2_CHANNEL'.
Generating RTLIL representation for module `\GTXE2_COMMON'.
Generating RTLIL representation for module `\IBUFDS_GTE2'.
Generating RTLIL representation for module `\GTHE3_CHANNEL'.
Generating RTLIL representation for module `\GTHE3_COMMON'.
Generating RTLIL representation for module `\GTYE3_CHANNEL'.
Generating RTLIL representation for module `\GTYE3_COMMON'.
Generating RTLIL representation for module `\IBUFDS_GTE3'.
Generating RTLIL representation for module `\OBUFDS_GTE3'.
Generating RTLIL representation for module `\OBUFDS_GTE3_ADV'.
Generating RTLIL representation for module `\GTHE4_CHANNEL'.
Generating RTLIL representation for module `\GTHE4_COMMON'.
Generating RTLIL representation for module `\GTYE4_CHANNEL'.
Generating RTLIL representation for module `\GTYE4_COMMON'.
Generating RTLIL representation for module `\IBUFDS_GTE4'.
Generating RTLIL representation for module `\OBUFDS_GTE4'.
Generating RTLIL representation for module `\OBUFDS_GTE4_ADV'.
Generating RTLIL representation for module `\GTM_DUAL'.
Generating RTLIL representation for module `\IBUFDS_GTM'.
Generating RTLIL representation for module `\OBUFDS_GTM'.
Generating RTLIL representation for module `\OBUFDS_GTM_ADV'.
Generating RTLIL representation for module `\HSDAC'.
Generating RTLIL representation for module `\HSADC'.
Generating RTLIL representation for module `\RFDAC'.
Generating RTLIL representation for module `\RFADC'.
Generating RTLIL representation for module `\PCIE_A1'.
Generating RTLIL representation for module `\PCIE_EP'.
Generating RTLIL representation for module `\PCIE_2_0'.
Generating RTLIL representation for module `\PCIE_2_1'.
Generating RTLIL representation for module `\PCIE_3_0'.
Generating RTLIL representation for module `\PCIE_3_1'.
Generating RTLIL representation for module `\PCIE40E4'.
Generating RTLIL representation for module `\PCIE4CE4'.
Generating RTLIL representation for module `\EMAC'.
Generating RTLIL representation for module `\TEMAC'.
Generating RTLIL representation for module `\TEMAC_SINGLE'.
Generating RTLIL representation for module `\CMAC'.
Generating RTLIL representation for module `\CMACE4'.
Generating RTLIL representation for module `\MCB'.
Generating RTLIL representation for module `\HBM_REF_CLK'.
Generating RTLIL representation for module `\HBM_SNGLBLI_INTF_APB'.
Generating RTLIL representation for module `\HBM_SNGLBLI_INTF_AXI'.
Generating RTLIL representation for module `\HBM_ONE_STACK_INTF'.
Generating RTLIL representation for module `\HBM_TWO_STACK_INTF'.
Generating RTLIL representation for module `\PPC405_ADV'.
Generating RTLIL representation for module `\PPC440'.
Generating RTLIL representation for module `\PS7'.
Generating RTLIL representation for module `\PS8'.
Generating RTLIL representation for module `\ILKN'.
Generating RTLIL representation for module `\ILKNE4'.
Generating RTLIL representation for module `\VCU'.
Generating RTLIL representation for module `\FE'.
Successfully finished Verilog frontend.

4.3. Executing HIERARCHY pass (managing design hierarchy).

4.3.1. Analyzing design hierarchy..
Top module:  \cordic
Used module:     \cordic_fsm
Used module:     \cordic_atan_rom

4.3.2. Analyzing design hierarchy..
Top module:  \cordic
Used module:     \cordic_fsm
Used module:     \cordic_atan_rom
Removed 0 unused modules.

4.4. Executing PROC pass (convert processes to netlists).

4.4.1. Executing PROC_CLEAN pass (remove empty switches from decision trees).
Cleaned up 0 empty switches.

4.4.2. Executing PROC_RMDEAD pass (remove dead branches from decision trees).
Marked 1 switch rules as full_case in process $proc$/usr/bin/../share/yosys/xilinx/cells_sim.v:1986$933 in module RAM64M.
Marked 1 switch rules as full_case in process $proc$/usr/bin/../share/yosys/xilinx/cells_sim.v:1812$813 in module RAM32M.
Marked 1 switch rules as full_case in process $proc$/usr/bin/../share/yosys/xilinx/cells_sim.v:1716$760 in module RAM128X1D.
Marked 1 switch rules as full_case in process $proc$/usr/bin/../share/yosys/xilinx/cells_sim.v:1611$723 in module RAM64X1D.
Marked 1 switch rules as full_case in process $proc$/usr/bin/../share/yosys/xilinx/cells_sim.v:1565$705 in module RAM32X1D_1.
Marked 1 switch rules as full_case in process $proc$/usr/bin/../share/yosys/xilinx/cells_sim.v:1506$675 in module RAM32X1D.
Marked 1 switch rules as full_case in process $proc$/usr/bin/../share/yosys/xilinx/cells_sim.v:815$624 in module FDPE_1.
Marked 1 switch rules as full_case in process $proc$/usr/bin/../share/yosys/xilinx/cells_sim.v:774$621 in module FDPE.
Marked 1 switch rules as full_case in process $proc$/usr/bin/../share/yosys/xilinx/cells_sim.v:736$606 in module FDCE_1.
Marked 1 switch rules as full_case in process $proc$/usr/bin/../share/yosys/xilinx/cells_sim.v:695$603 in module FDCE.
Marked 1 switch rules as full_case in process $proc$/usr/bin/../share/yosys/xilinx/cells_sim.v:592$588 in module FDSE_1.
Marked 1 switch rules as full_case in process $proc$/usr/bin/../share/yosys/xilinx/cells_sim.v:559$584 in module FDSE.
Marked 1 switch rules as full_case in process $proc$/usr/bin/../share/yosys/xilinx/cells_sim.v:527$566 in module FDRE_1.
Marked 1 switch rules as full_case in process $proc$/usr/bin/../share/yosys/xilinx/cells_sim.v:494$562 in module FDRE.
Marked 3 switch rules as full_case in process $proc$../EJ1/cordic.sv:44$17 in module cordic.
Marked 1 switch rules as full_case in process $proc$../EJ1/cordic.sv:0$5 in module cordic.
Marked 3 switch rules as full_case in process $proc$../EJ1/cordic_fsm.sv:0$3 in module cordic_fsm.
Marked 1 switch rules as full_case in process $proc$../EJ1/cordic_fsm.sv:16$2 in module cordic_fsm.
Marked 1 switch rules as full_case in process $proc$../EJ1/ROM.sv:0$1 in module cordic_atan_rom.
Removed a total of 0 dead cases.

4.4.3. Executing PROC_PRUNE pass (remove redundant assignments in processes).
Removed 1 redundant assignment.
Promoted 73 assignments to connections.

4.4.4. Executing PROC_INIT pass (extract init attributes).
Found init rule in `\SRLC32E.$proc$/usr/bin/../share/yosys/xilinx/cells_sim.v:2405$1062'.
  Set init value: \r = 0
Found init rule in `\SRLC16E.$proc$/usr/bin/../share/yosys/xilinx/cells_sim.v:2361$1055'.
  Set init value: \r = 16'0000000000000000
Found init rule in `\SRLC16.$proc$/usr/bin/../share/yosys/xilinx/cells_sim.v:2329$1048'.
  Set init value: \r = 16'0000000000000000
Found init rule in `\SRL16E.$proc$/usr/bin/../share/yosys/xilinx/cells_sim.v:2292$1045'.
  Set init value: \r = 16'0000000000000000
Found init rule in `\SRL16.$proc$/usr/bin/../share/yosys/xilinx/cells_sim.v:2264$1038'.
  Set init value: \r = 16'0000000000000000
Found init rule in `\RAM64M.$proc$/usr/bin/../share/yosys/xilinx/cells_sim.v:1980$1011'.
  Set init value: \mem_d = 64'0000000000000000000000000000000000000000000000000000000000000000
Found init rule in `\RAM64M.$proc$/usr/bin/../share/yosys/xilinx/cells_sim.v:1979$1010'.
  Set init value: \mem_c = 64'0000000000000000000000000000000000000000000000000000000000000000
Found init rule in `\RAM64M.$proc$/usr/bin/../share/yosys/xilinx/cells_sim.v:1978$1009'.
  Set init value: \mem_b = 64'0000000000000000000000000000000000000000000000000000000000000000
Found init rule in `\RAM64M.$proc$/usr/bin/../share/yosys/xilinx/cells_sim.v:1977$1008'.
  Set init value: \mem_a = 64'0000000000000000000000000000000000000000000000000000000000000000
Found init rule in `\RAM32M.$proc$/usr/bin/../share/yosys/xilinx/cells_sim.v:1806$911'.
  Set init value: \mem_d = 64'0000000000000000000000000000000000000000000000000000000000000000
Found init rule in `\RAM32M.$proc$/usr/bin/../share/yosys/xilinx/cells_sim.v:1805$910'.
  Set init value: \mem_c = 64'0000000000000000000000000000000000000000000000000000000000000000
Found init rule in `\RAM32M.$proc$/usr/bin/../share/yosys/xilinx/cells_sim.v:1804$909'.
  Set init value: \mem_b = 64'0000000000000000000000000000000000000000000000000000000000000000
Found init rule in `\RAM32M.$proc$/usr/bin/../share/yosys/xilinx/cells_sim.v:1803$908'.
  Set init value: \mem_a = 64'0000000000000000000000000000000000000000000000000000000000000000
Found init rule in `\RAM128X1D.$proc$/usr/bin/../share/yosys/xilinx/cells_sim.v:1712$790'.
  Set init value: \mem = 128'00000000000000000000000000000000000000000000000000000000000000000000000000000000000000000000000000000000000000000000000000000000
Found init rule in `\RAM64X1D.$proc$/usr/bin/../share/yosys/xilinx/cells_sim.v:1607$753'.
  Set init value: \mem = 64'0000000000000000000000000000000000000000000000000000000000000000
Found init rule in `\RAM32X1D_1.$proc$/usr/bin/../share/yosys/xilinx/cells_sim.v:1561$717'.
  Set init value: \mem = 0
Found init rule in `\RAM32X1D.$proc$/usr/bin/../share/yosys/xilinx/cells_sim.v:1502$699'.
  Set init value: \mem = 0
Found init rule in `\FDPE_1.$proc$/usr/bin/../share/yosys/xilinx/cells_sim.v:0$627'.
  Set init value: \Q = 1'1
Found init rule in `\FDPE.$proc$/usr/bin/../share/yosys/xilinx/cells_sim.v:0$623'.
  Set init value: \Q = 1'1
Found init rule in `\FDCE_1.$proc$/usr/bin/../share/yosys/xilinx/cells_sim.v:0$609'.
  Set init value: \Q = 1'0
Found init rule in `\FDCE.$proc$/usr/bin/../share/yosys/xilinx/cells_sim.v:0$605'.
  Set init value: \Q = 1'0
Found init rule in `\FDSE_1.$proc$/usr/bin/../share/yosys/xilinx/cells_sim.v:0$591'.
  Set init value: \Q = 1'1
Found init rule in `\FDSE.$proc$/usr/bin/../share/yosys/xilinx/cells_sim.v:0$587'.
  Set init value: \Q = 1'1
Found init rule in `\FDRE_1.$proc$/usr/bin/../share/yosys/xilinx/cells_sim.v:0$569'.
  Set init value: \Q = 1'0
Found init rule in `\FDRE.$proc$/usr/bin/../share/yosys/xilinx/cells_sim.v:0$565'.
  Set init value: \Q = 1'0

4.4.5. Executing PROC_ARST pass (detect async resets in processes).
Found async reset \PRE in `\FDPE_1.$proc$/usr/bin/../share/yosys/xilinx/cells_sim.v:815$624'.
Found async reset \PRE in `\FDPE.$proc$/usr/bin/../share/yosys/xilinx/cells_sim.v:774$621'.
Found async reset \CLR in `\FDCE_1.$proc$/usr/bin/../share/yosys/xilinx/cells_sim.v:736$606'.
Found async reset \CLR in `\FDCE.$proc$/usr/bin/../share/yosys/xilinx/cells_sim.v:695$603'.

4.4.6. Executing PROC_ROM pass (convert switches to ROMs).
Converted 1 switch.
<suppressed ~30 debug messages>

4.4.7. Executing PROC_MUX pass (convert decision trees to multiplexers).
Creating decoders for process `\SRLC32E.$proc$/usr/bin/../share/yosys/xilinx/cells_sim.v:2405$1062'.
Creating decoders for process `\SRLC32E.$proc$/usr/bin/../share/yosys/xilinx/cells_sim.v:2413$1061'.
     1/1: $0\r[31:0]
Creating decoders for process `\SRLC16E.$proc$/usr/bin/../share/yosys/xilinx/cells_sim.v:2361$1055'.
Creating decoders for process `\SRLC16E.$proc$/usr/bin/../share/yosys/xilinx/cells_sim.v:2369$1054'.
     1/1: $0\r[15:0]
Creating decoders for process `\SRLC16.$proc$/usr/bin/../share/yosys/xilinx/cells_sim.v:2329$1048'.
Creating decoders for process `\SRLC16.$proc$/usr/bin/../share/yosys/xilinx/cells_sim.v:2332$1047'.
Creating decoders for process `\SRL16E.$proc$/usr/bin/../share/yosys/xilinx/cells_sim.v:2292$1045'.
Creating decoders for process `\SRL16E.$proc$/usr/bin/../share/yosys/xilinx/cells_sim.v:2299$1044'.
     1/1: $0\r[15:0]
Creating decoders for process `\SRL16.$proc$/usr/bin/../share/yosys/xilinx/cells_sim.v:2264$1038'.
Creating decoders for process `\SRL16.$proc$/usr/bin/../share/yosys/xilinx/cells_sim.v:2266$1037'.
Creating decoders for process `\RAM64M.$proc$/usr/bin/../share/yosys/xilinx/cells_sim.v:1980$1011'.
Creating decoders for process `\RAM64M.$proc$/usr/bin/../share/yosys/xilinx/cells_sim.v:1979$1010'.
Creating decoders for process `\RAM64M.$proc$/usr/bin/../share/yosys/xilinx/cells_sim.v:1978$1009'.
Creating decoders for process `\RAM64M.$proc$/usr/bin/../share/yosys/xilinx/cells_sim.v:1977$1008'.
Creating decoders for process `\RAM64M.$proc$/usr/bin/../share/yosys/xilinx/cells_sim.v:1986$933'.
     1/8: $1$lookahead\mem_d$932[63:0]$949
     2/8: $1$bitselwrite$pos$/usr/bin/../share/yosys/xilinx/cells_sim.v:1991$923[5:0]$945
     3/8: $1$lookahead\mem_c$931[63:0]$948
     4/8: $1$bitselwrite$pos$/usr/bin/../share/yosys/xilinx/cells_sim.v:1990$922[5:0]$944
     5/8: $1$lookahead\mem_b$930[63:0]$947
     6/8: $1$bitselwrite$pos$/usr/bin/../share/yosys/xilinx/cells_sim.v:1989$921[5:0]$943
     7/8: $1$lookahead\mem_a$929[63:0]$946
     8/8: $1$bitselwrite$pos$/usr/bin/../share/yosys/xilinx/cells_sim.v:1988$920[5:0]$942
Creating decoders for process `\RAM32M.$proc$/usr/bin/../share/yosys/xilinx/cells_sim.v:1806$911'.
Creating decoders for process `\RAM32M.$proc$/usr/bin/../share/yosys/xilinx/cells_sim.v:1805$910'.
Creating decoders for process `\RAM32M.$proc$/usr/bin/../share/yosys/xilinx/cells_sim.v:1804$909'.
Creating decoders for process `\RAM32M.$proc$/usr/bin/../share/yosys/xilinx/cells_sim.v:1803$908'.
Creating decoders for process `\RAM32M.$proc$/usr/bin/../share/yosys/xilinx/cells_sim.v:1812$813'.
     1/8: $1$lookahead\mem_d$812[63:0]$829
     2/8: $1$bitselwrite$pos$/usr/bin/../share/yosys/xilinx/cells_sim.v:1817$795[31:0]$825
     3/8: $1$lookahead\mem_c$811[63:0]$828
     4/8: $1$bitselwrite$pos$/usr/bin/../share/yosys/xilinx/cells_sim.v:1816$794[31:0]$824
     5/8: $1$lookahead\mem_b$810[63:0]$827
     6/8: $1$bitselwrite$pos$/usr/bin/../share/yosys/xilinx/cells_sim.v:1815$793[31:0]$823
     7/8: $1$lookahead\mem_a$809[63:0]$826
     8/8: $1$bitselwrite$pos$/usr/bin/../share/yosys/xilinx/cells_sim.v:1814$792[31:0]$822
Creating decoders for process `\RAM128X1D.$proc$/usr/bin/../share/yosys/xilinx/cells_sim.v:1712$790'.
Creating decoders for process `\RAM128X1D.$proc$/usr/bin/../share/yosys/xilinx/cells_sim.v:1716$760'.
     1/2: $1$lookahead\mem$759[127:0]$764
     2/2: $1$bitselwrite$pos$/usr/bin/../share/yosys/xilinx/cells_sim.v:1716$755[6:0]$763
Creating decoders for process `\RAM64X1D.$proc$/usr/bin/../share/yosys/xilinx/cells_sim.v:1607$753'.
Creating decoders for process `\RAM64X1D.$proc$/usr/bin/../share/yosys/xilinx/cells_sim.v:1611$723'.
     1/2: $1$lookahead\mem$722[63:0]$727
     2/2: $1$bitselwrite$pos$/usr/bin/../share/yosys/xilinx/cells_sim.v:1611$718[5:0]$726
Creating decoders for process `\RAM32X1D_1.$proc$/usr/bin/../share/yosys/xilinx/cells_sim.v:1561$717'.
Creating decoders for process `\RAM32X1D_1.$proc$/usr/bin/../share/yosys/xilinx/cells_sim.v:1565$705'.
     1/2: $1$lookahead\mem$704[31:0]$709
     2/2: $1$bitselwrite$pos$/usr/bin/../share/yosys/xilinx/cells_sim.v:1565$700[4:0]$708
Creating decoders for process `\RAM32X1D.$proc$/usr/bin/../share/yosys/xilinx/cells_sim.v:1502$699'.
Creating decoders for process `\RAM32X1D.$proc$/usr/bin/../share/yosys/xilinx/cells_sim.v:1506$675'.
     1/2: $1$lookahead\mem$674[31:0]$679
     2/2: $1$bitselwrite$pos$/usr/bin/../share/yosys/xilinx/cells_sim.v:1506$670[4:0]$678
Creating decoders for process `\FDPE_1.$proc$/usr/bin/../share/yosys/xilinx/cells_sim.v:0$627'.
Creating decoders for process `\FDPE_1.$proc$/usr/bin/../share/yosys/xilinx/cells_sim.v:815$624'.
     1/1: $0\Q[0:0]
Creating decoders for process `\FDPE.$proc$/usr/bin/../share/yosys/xilinx/cells_sim.v:0$623'.
Creating decoders for process `\FDPE.$proc$/usr/bin/../share/yosys/xilinx/cells_sim.v:774$621'.
     1/1: $0\Q[0:0]
Creating decoders for process `\FDCE_1.$proc$/usr/bin/../share/yosys/xilinx/cells_sim.v:0$609'.
Creating decoders for process `\FDCE_1.$proc$/usr/bin/../share/yosys/xilinx/cells_sim.v:736$606'.
     1/1: $0\Q[0:0]
Creating decoders for process `\FDCE.$proc$/usr/bin/../share/yosys/xilinx/cells_sim.v:0$605'.
Creating decoders for process `\FDCE.$proc$/usr/bin/../share/yosys/xilinx/cells_sim.v:695$603'.
     1/1: $0\Q[0:0]
Creating decoders for process `\FDSE_1.$proc$/usr/bin/../share/yosys/xilinx/cells_sim.v:0$591'.
Creating decoders for process `\FDSE_1.$proc$/usr/bin/../share/yosys/xilinx/cells_sim.v:592$588'.
     1/1: $0\Q[0:0]
Creating decoders for process `\FDSE.$proc$/usr/bin/../share/yosys/xilinx/cells_sim.v:0$587'.
Creating decoders for process `\FDSE.$proc$/usr/bin/../share/yosys/xilinx/cells_sim.v:559$584'.
     1/1: $0\Q[0:0]
Creating decoders for process `\FDRE_1.$proc$/usr/bin/../share/yosys/xilinx/cells_sim.v:0$569'.
Creating decoders for process `\FDRE_1.$proc$/usr/bin/../share/yosys/xilinx/cells_sim.v:527$566'.
     1/1: $0\Q[0:0]
Creating decoders for process `\FDRE.$proc$/usr/bin/../share/yosys/xilinx/cells_sim.v:0$565'.
Creating decoders for process `\FDRE.$proc$/usr/bin/../share/yosys/xilinx/cells_sim.v:494$562'.
     1/1: $0\Q[0:0]
Creating decoders for process `\cordic.$proc$../EJ1/cordic.sv:44$17'.
     1/7: $0\iter[3:0]
     2/7: $0\z_reg[15:0]
     3/7: $0\y_reg[15:0]
     4/7: $0\x_reg[15:0]
     5/7: $0\theta_fin[15:0]
     6/7: $0\y_f[15:0]
     7/7: $0\x_f[15:0]
Creating decoders for process `\cordic.$proc$../EJ1/cordic.sv:0$5'.
     1/3: $1\z_next[15:0]
     2/3: $1\y_next[15:0]
     3/3: $1\x_next[15:0]
Creating decoders for process `\cordic_fsm.$proc$../EJ1/cordic_fsm.sv:0$3'.
     1/10: $3\next_state[1:0]
     2/10: $2\result_en[0:0]
     3/10: $2\next_state[1:0]
     4/10: $2\load[0:0]
     5/10: $1\next_state[1:0]
     6/10: $1\load[0:0]
     7/10: $1\done[0:0]
     8/10: $1\busy[0:0]
     9/10: $1\result_en[0:0]
    10/10: $1\iter_en[0:0]
Creating decoders for process `\cordic_fsm.$proc$../EJ1/cordic_fsm.sv:16$2'.
     1/1: $0\state[1:0]
Creating decoders for process `\cordic_atan_rom.$proc$../EJ1/ROM.sv:0$1'.
     1/1: $1\angle[15:0]

4.4.8. Executing PROC_DLATCH pass (convert process syncs to latches).
No latch inferred for signal `\cordic.\x_next' from process `\cordic.$proc$../EJ1/cordic.sv:0$5'.
No latch inferred for signal `\cordic.\y_next' from process `\cordic.$proc$../EJ1/cordic.sv:0$5'.
No latch inferred for signal `\cordic.\z_next' from process `\cordic.$proc$../EJ1/cordic.sv:0$5'.
No latch inferred for signal `\cordic_fsm.\load' from process `\cordic_fsm.$proc$../EJ1/cordic_fsm.sv:0$3'.
No latch inferred for signal `\cordic_fsm.\iter_en' from process `\cordic_fsm.$proc$../EJ1/cordic_fsm.sv:0$3'.
No latch inferred for signal `\cordic_fsm.\result_en' from process `\cordic_fsm.$proc$../EJ1/cordic_fsm.sv:0$3'.
No latch inferred for signal `\cordic_fsm.\busy' from process `\cordic_fsm.$proc$../EJ1/cordic_fsm.sv:0$3'.
No latch inferred for signal `\cordic_fsm.\done' from process `\cordic_fsm.$proc$../EJ1/cordic_fsm.sv:0$3'.
No latch inferred for signal `\cordic_fsm.\next_state' from process `\cordic_fsm.$proc$../EJ1/cordic_fsm.sv:0$3'.
No latch inferred for signal `\cordic_atan_rom.\angle' from process `\cordic_atan_rom.$proc$../EJ1/ROM.sv:0$1'.

4.4.9. Executing PROC_DFF pass (convert process syncs to FFs).
Creating register for signal `\SRLC32E.\r' using process `\SRLC32E.$proc$/usr/bin/../share/yosys/xilinx/cells_sim.v:2413$1061'.
  created $dff cell `$procdff$1361' with positive edge clock.
Creating register for signal `\SRLC16E.\r' using process `\SRLC16E.$proc$/usr/bin/../share/yosys/xilinx/cells_sim.v:2369$1054'.
  created $dff cell `$procdff$1362' with positive edge clock.
Creating register for signal `\SRLC16.\r' using process `\SRLC16.$proc$/usr/bin/../share/yosys/xilinx/cells_sim.v:2332$1047'.
  created $dff cell `$procdff$1363' with positive edge clock.
Creating register for signal `\SRL16E.\r' using process `\SRL16E.$proc$/usr/bin/../share/yosys/xilinx/cells_sim.v:2299$1044'.
  created $dff cell `$procdff$1364' with positive edge clock.
Creating register for signal `\SRL16.\r' using process `\SRL16.$proc$/usr/bin/../share/yosys/xilinx/cells_sim.v:2266$1037'.
  created $dff cell `$procdff$1365' with positive edge clock.
Creating register for signal `\RAM64M.\mem_a' using process `\RAM64M.$proc$/usr/bin/../share/yosys/xilinx/cells_sim.v:1986$933'.
  created $dff cell `$procdff$1366' with positive edge clock.
Creating register for signal `\RAM64M.\mem_b' using process `\RAM64M.$proc$/usr/bin/../share/yosys/xilinx/cells_sim.v:1986$933'.
  created $dff cell `$procdff$1367' with positive edge clock.
Creating register for signal `\RAM64M.\mem_c' using process `\RAM64M.$proc$/usr/bin/../share/yosys/xilinx/cells_sim.v:1986$933'.
  created $dff cell `$procdff$1368' with positive edge clock.
Creating register for signal `\RAM64M.\mem_d' using process `\RAM64M.$proc$/usr/bin/../share/yosys/xilinx/cells_sim.v:1986$933'.
  created $dff cell `$procdff$1369' with positive edge clock.
Creating register for signal `\RAM64M.$bitselwrite$pos$/usr/bin/../share/yosys/xilinx/cells_sim.v:1988$920' using process `\RAM64M.$proc$/usr/bin/../share/yosys/xilinx/cells_sim.v:1986$933'.
  created $dff cell `$procdff$1370' with positive edge clock.
Creating register for signal `\RAM64M.$bitselwrite$pos$/usr/bin/../share/yosys/xilinx/cells_sim.v:1989$921' using process `\RAM64M.$proc$/usr/bin/../share/yosys/xilinx/cells_sim.v:1986$933'.
  created $dff cell `$procdff$1371' with positive edge clock.
Creating register for signal `\RAM64M.$bitselwrite$pos$/usr/bin/../share/yosys/xilinx/cells_sim.v:1990$922' using process `\RAM64M.$proc$/usr/bin/../share/yosys/xilinx/cells_sim.v:1986$933'.
  created $dff cell `$procdff$1372' with positive edge clock.
Creating register for signal `\RAM64M.$bitselwrite$pos$/usr/bin/../share/yosys/xilinx/cells_sim.v:1991$923' using process `\RAM64M.$proc$/usr/bin/../share/yosys/xilinx/cells_sim.v:1986$933'.
  created $dff cell `$procdff$1373' with positive edge clock.
Creating register for signal `\RAM64M.$lookahead\mem_a$929' using process `\RAM64M.$proc$/usr/bin/../share/yosys/xilinx/cells_sim.v:1986$933'.
  created $dff cell `$procdff$1374' with positive edge clock.
Creating register for signal `\RAM64M.$lookahead\mem_b$930' using process `\RAM64M.$proc$/usr/bin/../share/yosys/xilinx/cells_sim.v:1986$933'.
  created $dff cell `$procdff$1375' with positive edge clock.
Creating register for signal `\RAM64M.$lookahead\mem_c$931' using process `\RAM64M.$proc$/usr/bin/../share/yosys/xilinx/cells_sim.v:1986$933'.
  created $dff cell `$procdff$1376' with positive edge clock.
Creating register for signal `\RAM64M.$lookahead\mem_d$932' using process `\RAM64M.$proc$/usr/bin/../share/yosys/xilinx/cells_sim.v:1986$933'.
  created $dff cell `$procdff$1377' with positive edge clock.
Creating register for signal `\RAM32M.\mem_a' using process `\RAM32M.$proc$/usr/bin/../share/yosys/xilinx/cells_sim.v:1812$813'.
  created $dff cell `$procdff$1378' with positive edge clock.
Creating register for signal `\RAM32M.\mem_b' using process `\RAM32M.$proc$/usr/bin/../share/yosys/xilinx/cells_sim.v:1812$813'.
  created $dff cell `$procdff$1379' with positive edge clock.
Creating register for signal `\RAM32M.\mem_c' using process `\RAM32M.$proc$/usr/bin/../share/yosys/xilinx/cells_sim.v:1812$813'.
  created $dff cell `$procdff$1380' with positive edge clock.
Creating register for signal `\RAM32M.\mem_d' using process `\RAM32M.$proc$/usr/bin/../share/yosys/xilinx/cells_sim.v:1812$813'.
  created $dff cell `$procdff$1381' with positive edge clock.
Creating register for signal `\RAM32M.$bitselwrite$pos$/usr/bin/../share/yosys/xilinx/cells_sim.v:1814$792' using process `\RAM32M.$proc$/usr/bin/../share/yosys/xilinx/cells_sim.v:1812$813'.
  created $dff cell `$procdff$1382' with positive edge clock.
Creating register for signal `\RAM32M.$bitselwrite$pos$/usr/bin/../share/yosys/xilinx/cells_sim.v:1815$793' using process `\RAM32M.$proc$/usr/bin/../share/yosys/xilinx/cells_sim.v:1812$813'.
  created $dff cell `$procdff$1383' with positive edge clock.
Creating register for signal `\RAM32M.$bitselwrite$pos$/usr/bin/../share/yosys/xilinx/cells_sim.v:1816$794' using process `\RAM32M.$proc$/usr/bin/../share/yosys/xilinx/cells_sim.v:1812$813'.
  created $dff cell `$procdff$1384' with positive edge clock.
Creating register for signal `\RAM32M.$bitselwrite$pos$/usr/bin/../share/yosys/xilinx/cells_sim.v:1817$795' using process `\RAM32M.$proc$/usr/bin/../share/yosys/xilinx/cells_sim.v:1812$813'.
  created $dff cell `$procdff$1385' with positive edge clock.
Creating register for signal `\RAM32M.$lookahead\mem_a$809' using process `\RAM32M.$proc$/usr/bin/../share/yosys/xilinx/cells_sim.v:1812$813'.
  created $dff cell `$procdff$1386' with positive edge clock.
Creating register for signal `\RAM32M.$lookahead\mem_b$810' using process `\RAM32M.$proc$/usr/bin/../share/yosys/xilinx/cells_sim.v:1812$813'.
  created $dff cell `$procdff$1387' with positive edge clock.
Creating register for signal `\RAM32M.$lookahead\mem_c$811' using process `\RAM32M.$proc$/usr/bin/../share/yosys/xilinx/cells_sim.v:1812$813'.
  created $dff cell `$procdff$1388' with positive edge clock.
Creating register for signal `\RAM32M.$lookahead\mem_d$812' using process `\RAM32M.$proc$/usr/bin/../share/yosys/xilinx/cells_sim.v:1812$813'.
  created $dff cell `$procdff$1389' with positive edge clock.
Creating register for signal `\RAM128X1D.\mem' using process `\RAM128X1D.$proc$/usr/bin/../share/yosys/xilinx/cells_sim.v:1716$760'.
  created $dff cell `$procdff$1390' with positive edge clock.
Creating register for signal `\RAM128X1D.$bitselwrite$pos$/usr/bin/../share/yosys/xilinx/cells_sim.v:1716$755' using process `\RAM128X1D.$proc$/usr/bin/../share/yosys/xilinx/cells_sim.v:1716$760'.
  created $dff cell `$procdff$1391' with positive edge clock.
Creating register for signal `\RAM128X1D.$lookahead\mem$759' using process `\RAM128X1D.$proc$/usr/bin/../share/yosys/xilinx/cells_sim.v:1716$760'.
  created $dff cell `$procdff$1392' with positive edge clock.
Creating register for signal `\RAM64X1D.\mem' using process `\RAM64X1D.$proc$/usr/bin/../share/yosys/xilinx/cells_sim.v:1611$723'.
  created $dff cell `$procdff$1393' with positive edge clock.
Creating register for signal `\RAM64X1D.$bitselwrite$pos$/usr/bin/../share/yosys/xilinx/cells_sim.v:1611$718' using process `\RAM64X1D.$proc$/usr/bin/../share/yosys/xilinx/cells_sim.v:1611$723'.
  created $dff cell `$procdff$1394' with positive edge clock.
Creating register for signal `\RAM64X1D.$lookahead\mem$722' using process `\RAM64X1D.$proc$/usr/bin/../share/yosys/xilinx/cells_sim.v:1611$723'.
  created $dff cell `$procdff$1395' with positive edge clock.
Creating register for signal `\RAM32X1D_1.\mem' using process `\RAM32X1D_1.$proc$/usr/bin/../share/yosys/xilinx/cells_sim.v:1565$705'.
  created $dff cell `$procdff$1396' with negative edge clock.
Creating register for signal `\RAM32X1D_1.$bitselwrite$pos$/usr/bin/../share/yosys/xilinx/cells_sim.v:1565$700' using process `\RAM32X1D_1.$proc$/usr/bin/../share/yosys/xilinx/cells_sim.v:1565$705'.
  created $dff cell `$procdff$1397' with negative edge clock.
Creating register for signal `\RAM32X1D_1.$lookahead\mem$704' using process `\RAM32X1D_1.$proc$/usr/bin/../share/yosys/xilinx/cells_sim.v:1565$705'.
  created $dff cell `$procdff$1398' with negative edge clock.
Creating register for signal `\RAM32X1D.\mem' using process `\RAM32X1D.$proc$/usr/bin/../share/yosys/xilinx/cells_sim.v:1506$675'.
  created $dff cell `$procdff$1399' with positive edge clock.
Creating register for signal `\RAM32X1D.$bitselwrite$pos$/usr/bin/../share/yosys/xilinx/cells_sim.v:1506$670' using process `\RAM32X1D.$proc$/usr/bin/../share/yosys/xilinx/cells_sim.v:1506$675'.
  created $dff cell `$procdff$1400' with positive edge clock.
Creating register for signal `\RAM32X1D.$lookahead\mem$674' using process `\RAM32X1D.$proc$/usr/bin/../share/yosys/xilinx/cells_sim.v:1506$675'.
  created $dff cell `$procdff$1401' with positive edge clock.
Creating register for signal `\FDPE_1.\Q' using process `\FDPE_1.$proc$/usr/bin/../share/yosys/xilinx/cells_sim.v:815$624'.
  created $adff cell `$procdff$1404' with negative edge clock and positive level reset.
Creating register for signal `\FDPE.\Q' using process `\FDPE.$proc$/usr/bin/../share/yosys/xilinx/cells_sim.v:774$621'.
  created $adff cell `$procdff$1407' with positive edge clock and positive level reset.
Creating register for signal `\FDCE_1.\Q' using process `\FDCE_1.$proc$/usr/bin/../share/yosys/xilinx/cells_sim.v:736$606'.
  created $adff cell `$procdff$1410' with negative edge clock and positive level reset.
Creating register for signal `\FDCE.\Q' using process `\FDCE.$proc$/usr/bin/../share/yosys/xilinx/cells_sim.v:695$603'.
  created $adff cell `$procdff$1413' with positive edge clock and positive level reset.
Creating register for signal `\FDSE_1.\Q' using process `\FDSE_1.$proc$/usr/bin/../share/yosys/xilinx/cells_sim.v:592$588'.
  created $dff cell `$procdff$1414' with negative edge clock.
Creating register for signal `\FDSE.\Q' using process `\FDSE.$proc$/usr/bin/../share/yosys/xilinx/cells_sim.v:559$584'.
  created $dff cell `$procdff$1415' with positive edge clock.
Creating register for signal `\FDRE_1.\Q' using process `\FDRE_1.$proc$/usr/bin/../share/yosys/xilinx/cells_sim.v:527$566'.
  created $dff cell `$procdff$1416' with negative edge clock.
Creating register for signal `\FDRE.\Q' using process `\FDRE.$proc$/usr/bin/../share/yosys/xilinx/cells_sim.v:494$562'.
  created $dff cell `$procdff$1417' with positive edge clock.
Creating register for signal `\cordic.\x_f' using process `\cordic.$proc$../EJ1/cordic.sv:44$17'.
  created $dff cell `$procdff$1418' with positive edge clock.
Creating register for signal `\cordic.\y_f' using process `\cordic.$proc$../EJ1/cordic.sv:44$17'.
  created $dff cell `$procdff$1419' with positive edge clock.
Creating register for signal `\cordic.\theta_fin' using process `\cordic.$proc$../EJ1/cordic.sv:44$17'.
  created $dff cell `$procdff$1420' with positive edge clock.
Creating register for signal `\cordic.\x_reg' using process `\cordic.$proc$../EJ1/cordic.sv:44$17'.
  created $dff cell `$procdff$1421' with positive edge clock.
Creating register for signal `\cordic.\y_reg' using process `\cordic.$proc$../EJ1/cordic.sv:44$17'.
  created $dff cell `$procdff$1422' with positive edge clock.
Creating register for signal `\cordic.\z_reg' using process `\cordic.$proc$../EJ1/cordic.sv:44$17'.
  created $dff cell `$procdff$1423' with positive edge clock.
Creating register for signal `\cordic.\iter' using process `\cordic.$proc$../EJ1/cordic.sv:44$17'.
  created $dff cell `$procdff$1424' with positive edge clock.
Creating register for signal `\cordic_fsm.\state' using process `\cordic_fsm.$proc$../EJ1/cordic_fsm.sv:16$2'.
  created $dff cell `$procdff$1425' with positive edge clock.

4.4.10. Executing PROC_MEMWR pass (convert process memory writes to cells).

4.4.11. Executing PROC_CLEAN pass (remove empty switches from decision trees).
Removing empty process `SRLC32E.$proc$/usr/bin/../share/yosys/xilinx/cells_sim.v:2405$1062'.
Found and cleaned up 1 empty switch in `\SRLC32E.$proc$/usr/bin/../share/yosys/xilinx/cells_sim.v:2413$1061'.
Removing empty process `SRLC32E.$proc$/usr/bin/../share/yosys/xilinx/cells_sim.v:2413$1061'.
Removing empty process `SRLC16E.$proc$/usr/bin/../share/yosys/xilinx/cells_sim.v:2361$1055'.
Found and cleaned up 1 empty switch in `\SRLC16E.$proc$/usr/bin/../share/yosys/xilinx/cells_sim.v:2369$1054'.
Removing empty process `SRLC16E.$proc$/usr/bin/../share/yosys/xilinx/cells_sim.v:2369$1054'.
Removing empty process `SRLC16.$proc$/usr/bin/../share/yosys/xilinx/cells_sim.v:2329$1048'.
Removing empty process `SRLC16.$proc$/usr/bin/../share/yosys/xilinx/cells_sim.v:2332$1047'.
Removing empty process `SRL16E.$proc$/usr/bin/../share/yosys/xilinx/cells_sim.v:2292$1045'.
Found and cleaned up 1 empty switch in `\SRL16E.$proc$/usr/bin/../share/yosys/xilinx/cells_sim.v:2299$1044'.
Removing empty process `SRL16E.$proc$/usr/bin/../share/yosys/xilinx/cells_sim.v:2299$1044'.
Removing empty process `SRL16.$proc$/usr/bin/../share/yosys/xilinx/cells_sim.v:2264$1038'.
Removing empty process `SRL16.$proc$/usr/bin/../share/yosys/xilinx/cells_sim.v:2266$1037'.
Removing empty process `RAM64M.$proc$/usr/bin/../share/yosys/xilinx/cells_sim.v:1980$1011'.
Removing empty process `RAM64M.$proc$/usr/bin/../share/yosys/xilinx/cells_sim.v:1979$1010'.
Removing empty process `RAM64M.$proc$/usr/bin/../share/yosys/xilinx/cells_sim.v:1978$1009'.
Removing empty process `RAM64M.$proc$/usr/bin/../share/yosys/xilinx/cells_sim.v:1977$1008'.
Found and cleaned up 1 empty switch in `\RAM64M.$proc$/usr/bin/../share/yosys/xilinx/cells_sim.v:1986$933'.
Removing empty process `RAM64M.$proc$/usr/bin/../share/yosys/xilinx/cells_sim.v:1986$933'.
Removing empty process `RAM32M.$proc$/usr/bin/../share/yosys/xilinx/cells_sim.v:1806$911'.
Removing empty process `RAM32M.$proc$/usr/bin/../share/yosys/xilinx/cells_sim.v:1805$910'.
Removing empty process `RAM32M.$proc$/usr/bin/../share/yosys/xilinx/cells_sim.v:1804$909'.
Removing empty process `RAM32M.$proc$/usr/bin/../share/yosys/xilinx/cells_sim.v:1803$908'.
Found and cleaned up 1 empty switch in `\RAM32M.$proc$/usr/bin/../share/yosys/xilinx/cells_sim.v:1812$813'.
Removing empty process `RAM32M.$proc$/usr/bin/../share/yosys/xilinx/cells_sim.v:1812$813'.
Removing empty process `RAM128X1D.$proc$/usr/bin/../share/yosys/xilinx/cells_sim.v:1712$790'.
Found and cleaned up 1 empty switch in `\RAM128X1D.$proc$/usr/bin/../share/yosys/xilinx/cells_sim.v:1716$760'.
Removing empty process `RAM128X1D.$proc$/usr/bin/../share/yosys/xilinx/cells_sim.v:1716$760'.
Removing empty process `RAM64X1D.$proc$/usr/bin/../share/yosys/xilinx/cells_sim.v:1607$753'.
Found and cleaned up 1 empty switch in `\RAM64X1D.$proc$/usr/bin/../share/yosys/xilinx/cells_sim.v:1611$723'.
Removing empty process `RAM64X1D.$proc$/usr/bin/../share/yosys/xilinx/cells_sim.v:1611$723'.
Removing empty process `RAM32X1D_1.$proc$/usr/bin/../share/yosys/xilinx/cells_sim.v:1561$717'.
Found and cleaned up 1 empty switch in `\RAM32X1D_1.$proc$/usr/bin/../share/yosys/xilinx/cells_sim.v:1565$705'.
Removing empty process `RAM32X1D_1.$proc$/usr/bin/../share/yosys/xilinx/cells_sim.v:1565$705'.
Removing empty process `RAM32X1D.$proc$/usr/bin/../share/yosys/xilinx/cells_sim.v:1502$699'.
Found and cleaned up 1 empty switch in `\RAM32X1D.$proc$/usr/bin/../share/yosys/xilinx/cells_sim.v:1506$675'.
Removing empty process `RAM32X1D.$proc$/usr/bin/../share/yosys/xilinx/cells_sim.v:1506$675'.
Removing empty process `FDPE_1.$proc$/usr/bin/../share/yosys/xilinx/cells_sim.v:0$627'.
Found and cleaned up 1 empty switch in `\FDPE_1.$proc$/usr/bin/../share/yosys/xilinx/cells_sim.v:815$624'.
Removing empty process `FDPE_1.$proc$/usr/bin/../share/yosys/xilinx/cells_sim.v:815$624'.
Removing empty process `FDPE.$proc$/usr/bin/../share/yosys/xilinx/cells_sim.v:0$623'.
Found and cleaned up 1 empty switch in `\FDPE.$proc$/usr/bin/../share/yosys/xilinx/cells_sim.v:774$621'.
Removing empty process `FDPE.$proc$/usr/bin/../share/yosys/xilinx/cells_sim.v:774$621'.
Removing empty process `FDCE_1.$proc$/usr/bin/../share/yosys/xilinx/cells_sim.v:0$609'.
Found and cleaned up 1 empty switch in `\FDCE_1.$proc$/usr/bin/../share/yosys/xilinx/cells_sim.v:736$606'.
Removing empty process `FDCE_1.$proc$/usr/bin/../share/yosys/xilinx/cells_sim.v:736$606'.
Removing empty process `FDCE.$proc$/usr/bin/../share/yosys/xilinx/cells_sim.v:0$605'.
Found and cleaned up 1 empty switch in `\FDCE.$proc$/usr/bin/../share/yosys/xilinx/cells_sim.v:695$603'.
Removing empty process `FDCE.$proc$/usr/bin/../share/yosys/xilinx/cells_sim.v:695$603'.
Removing empty process `FDSE_1.$proc$/usr/bin/../share/yosys/xilinx/cells_sim.v:0$591'.
Found and cleaned up 2 empty switches in `\FDSE_1.$proc$/usr/bin/../share/yosys/xilinx/cells_sim.v:592$588'.
Removing empty process `FDSE_1.$proc$/usr/bin/../share/yosys/xilinx/cells_sim.v:592$588'.
Removing empty process `FDSE.$proc$/usr/bin/../share/yosys/xilinx/cells_sim.v:0$587'.
Found and cleaned up 2 empty switches in `\FDSE.$proc$/usr/bin/../share/yosys/xilinx/cells_sim.v:559$584'.
Removing empty process `FDSE.$proc$/usr/bin/../share/yosys/xilinx/cells_sim.v:559$584'.
Removing empty process `FDRE_1.$proc$/usr/bin/../share/yosys/xilinx/cells_sim.v:0$569'.
Found and cleaned up 2 empty switches in `\FDRE_1.$proc$/usr/bin/../share/yosys/xilinx/cells_sim.v:527$566'.
Removing empty process `FDRE_1.$proc$/usr/bin/../share/yosys/xilinx/cells_sim.v:527$566'.
Removing empty process `FDRE.$proc$/usr/bin/../share/yosys/xilinx/cells_sim.v:0$565'.
Found and cleaned up 2 empty switches in `\FDRE.$proc$/usr/bin/../share/yosys/xilinx/cells_sim.v:494$562'.
Removing empty process `FDRE.$proc$/usr/bin/../share/yosys/xilinx/cells_sim.v:494$562'.
Found and cleaned up 4 empty switches in `\cordic.$proc$../EJ1/cordic.sv:44$17'.
Removing empty process `cordic.$proc$../EJ1/cordic.sv:44$17'.
Found and cleaned up 1 empty switch in `\cordic.$proc$../EJ1/cordic.sv:0$5'.
Removing empty process `cordic.$proc$../EJ1/cordic.sv:0$5'.
Found and cleaned up 3 empty switches in `\cordic_fsm.$proc$../EJ1/cordic_fsm.sv:0$3'.
Removing empty process `cordic_fsm.$proc$../EJ1/cordic_fsm.sv:0$3'.
Found and cleaned up 1 empty switch in `\cordic_fsm.$proc$../EJ1/cordic_fsm.sv:16$2'.
Removing empty process `cordic_fsm.$proc$../EJ1/cordic_fsm.sv:16$2'.
Found and cleaned up 1 empty switch in `\cordic_atan_rom.$proc$../EJ1/ROM.sv:0$1'.
Removing empty process `cordic_atan_rom.$proc$../EJ1/ROM.sv:0$1'.
Cleaned up 31 empty switches.

4.4.12. Executing OPT_EXPR pass (perform const folding).
Optimizing module cordic.
Optimizing module cordic_fsm.
<suppressed ~4 debug messages>
Optimizing module cordic_atan_rom.

4.5. Executing TRIBUF pass.

4.6. Executing DEMINOUT pass (demote inout ports to input or output).

4.7. Executing OPT_EXPR pass (perform const folding).
Optimizing module cordic.
Optimizing module cordic_fsm.
Optimizing module cordic_atan_rom.

4.8. Executing OPT_CLEAN pass (remove unused cells and wires).
Finding unused cells or wires in module \cordic..
Finding unused cells or wires in module \cordic_fsm..
Finding unused cells or wires in module \cordic_atan_rom..
Removed 0 unused cells and 76 unused wires.
<suppressed ~3 debug messages>

4.9. Executing CHECK pass (checking for obvious problems).
Checking module cordic...
Checking module cordic_atan_rom...
Checking module cordic_fsm...
Found and reported 0 problems.

4.10. Executing OPT pass (performing simple optimizations).

4.10.1. Executing OPT_EXPR pass (perform const folding).
Optimizing module cordic.
Optimizing module cordic_atan_rom.
Optimizing module cordic_fsm.

4.10.2. Executing OPT_MERGE pass (detect identical cells).
Finding identical cells in module `\cordic'.
<suppressed ~6 debug messages>
Finding identical cells in module `\cordic_atan_rom'.
Finding identical cells in module `\cordic_fsm'.
<suppressed ~24 debug messages>
Removed a total of 10 cells.

4.10.3. Executing OPT_MUXTREE pass (detect dead branches in mux trees).
Running muxtree optimizer on module \cordic..
  Creating internal representation of mux trees.
  Evaluating internal representation of mux trees.
  Analyzing evaluation results.
Running muxtree optimizer on module \cordic_atan_rom..
  Creating internal representation of mux trees.
  No muxes found in this module.
Running muxtree optimizer on module \cordic_fsm..
  Creating internal representation of mux trees.
  Evaluating internal representation of mux trees.
  Analyzing evaluation results.
    dead port 2/2 on $mux $procmux$1322.
    dead port 2/2 on $mux $procmux$1330.
    dead port 2/2 on $mux $procmux$1307.
    dead port 2/2 on $mux $procmux$1314.
Removed 4 multiplexer ports.
<suppressed ~16 debug messages>

4.10.4. Executing OPT_REDUCE pass (consolidate $*mux and $reduce_* inputs).
  Optimizing cells in module \cordic.
  Optimizing cells in module \cordic_atan_rom.
  Optimizing cells in module \cordic_fsm.
Performed a total of 0 changes.

4.10.5. Executing OPT_MERGE pass (detect identical cells).
Finding identical cells in module `\cordic'.
Finding identical cells in module `\cordic_atan_rom'.
Finding identical cells in module `\cordic_fsm'.
<suppressed ~3 debug messages>
Removed a total of 1 cells.

4.10.6. Executing OPT_DFF pass (perform DFF optimizations).

4.10.7. Executing OPT_CLEAN pass (remove unused cells and wires).
Finding unused cells or wires in module \cordic..
Finding unused cells or wires in module \cordic_atan_rom..
Finding unused cells or wires in module \cordic_fsm..
Removed 0 unused cells and 14 unused wires.
<suppressed ~2 debug messages>

4.10.8. Executing OPT_EXPR pass (perform const folding).
Optimizing module cordic.
Optimizing module cordic_atan_rom.
Optimizing module cordic_fsm.

4.10.9. Rerunning OPT passes. (Maybe there is more to do..)

4.10.10. Executing OPT_MUXTREE pass (detect dead branches in mux trees).
Running muxtree optimizer on module \cordic..
  Creating internal representation of mux trees.
  Evaluating internal representation of mux trees.
  Analyzing evaluation results.
Running muxtree optimizer on module \cordic_atan_rom..
  Creating internal representation of mux trees.
  No muxes found in this module.
Running muxtree optimizer on module \cordic_fsm..
  Creating internal representation of mux trees.
  Evaluating internal representation of mux trees.
  Analyzing evaluation results.
Removed 0 multiplexer ports.
<suppressed ~15 debug messages>

4.10.11. Executing OPT_REDUCE pass (consolidate $*mux and $reduce_* inputs).
  Optimizing cells in module \cordic.
  Optimizing cells in module \cordic_atan_rom.
  Optimizing cells in module \cordic_fsm.
Performed a total of 0 changes.

4.10.12. Executing OPT_MERGE pass (detect identical cells).
Finding identical cells in module `\cordic'.
Finding identical cells in module `\cordic_atan_rom'.
Finding identical cells in module `\cordic_fsm'.
Removed a total of 0 cells.

4.10.13. Executing OPT_DFF pass (perform DFF optimizations).

4.10.14. Executing OPT_CLEAN pass (remove unused cells and wires).
Finding unused cells or wires in module \cordic..
Finding unused cells or wires in module \cordic_atan_rom..
Finding unused cells or wires in module \cordic_fsm..

4.10.15. Executing OPT_EXPR pass (perform const folding).
Optimizing module cordic.
Optimizing module cordic_atan_rom.
Optimizing module cordic_fsm.

4.10.16. Finished OPT passes. (There is nothing left to do.)

4.11. Executing FSM pass (extract and optimize FSM).

4.11.1. Executing FSM_DETECT pass (finding FSMs in design).
Found FSM state register cordic_fsm.state.

4.11.2. Executing FSM_EXTRACT pass (extracting FSM from design).
Extracting FSM `\state' from module `\cordic_fsm'.
  found $dff cell for state register: $procdff$1425
  root of input selection tree: $0\state[1:0]
  found reset state: 2'00 (guessed from mux tree)
  found ctrl input: \rst
  found ctrl input: $procmux$1308_CMP
  found ctrl input: $procmux$1323_CMP
  found state code: 2'00
  found ctrl input: \iter_last
  found state code: 2'10
  found ctrl input: \start
  found state code: 2'01
  found ctrl output: $procmux$1308_CMP
  found ctrl output: $procmux$1323_CMP
  found ctrl output: $procmux$1344_CMP
  ctrl inputs: { \iter_last \start \rst }
  ctrl outputs: { $procmux$1344_CMP $procmux$1323_CMP $procmux$1308_CMP $0\state[1:0] }
  transition:       2'00 3'-00 ->       2'00 5'01000
  transition:       2'00 3'-10 ->       2'01 5'01001
  transition:       2'00 3'--1 ->       2'00 5'01000
  transition:       2'10 3'--0 ->       2'00 5'10000
  transition:       2'10 3'--1 ->       2'00 5'10000
  transition:       2'01 3'0-0 ->       2'01 5'00101
  transition:       2'01 3'1-0 ->       2'10 5'00110
  transition:       2'01 3'--1 ->       2'00 5'00100

4.11.3. Executing FSM_OPT pass (simple optimizations of FSMs).
Optimizing FSM `$fsm$\state$1426' from module `\cordic_fsm'.
  Merging pattern 3'--0 and 3'--1 from group (1 0 5'10000).
  Merging pattern 3'--1 and 3'--0 from group (1 0 5'10000).

4.11.4. Executing OPT_CLEAN pass (remove unused cells and wires).
Finding unused cells or wires in module \cordic..
Finding unused cells or wires in module \cordic_atan_rom..
Finding unused cells or wires in module \cordic_fsm..
Removed 8 unused cells and 8 unused wires.
<suppressed ~10 debug messages>

4.11.5. Executing FSM_OPT pass (simple optimizations of FSMs).
Optimizing FSM `$fsm$\state$1426' from module `\cordic_fsm'.
  Removing unused output signal $0\state[1:0] [0].
  Removing unused output signal $0\state[1:0] [1].

4.11.6. Executing FSM_RECODE pass (re-assigning FSM state encoding).
Recoding FSM `$fsm$\state$1426' from module `\cordic_fsm' using `auto' encoding:
  mapping auto encoding to `one-hot` for this FSM.
  00 -> --1
  10 -> -1-
  01 -> 1--

4.11.7. Executing FSM_INFO pass (dumping all available information on FSM cells).

FSM `$fsm$\state$1426' from module `cordic_fsm':
-------------------------------------

  Information on FSM $fsm$\state$1426 (\state):

  Number of input signals:    3
  Number of output signals:   3
  Number of state bits:       3

  Input signals:
    0: \rst
    1: \start
    2: \iter_last

  Output signals:
    0: $procmux$1308_CMP
    1: $procmux$1323_CMP
    2: $procmux$1344_CMP

  State encoding:
    0:      3'--1  <RESET STATE>
    1:      3'-1-
    2:      3'1--

  Transition Table (state_in, ctrl_in, state_out, ctrl_out):
      0:     0 3'-00   ->     0 3'010
      1:     0 3'--1   ->     0 3'010
      2:     0 3'-10   ->     2 3'010
      3:     1 3'---   ->     0 3'100
      4:     2 3'--1   ->     0 3'001
      5:     2 3'1-0   ->     1 3'001
      6:     2 3'0-0   ->     2 3'001

-------------------------------------

4.11.8. Executing FSM_MAP pass (mapping FSMs to basic logic).
Mapping FSM `$fsm$\state$1426' from module `\cordic_fsm'.

4.12. Executing OPT pass (performing simple optimizations).

4.12.1. Executing OPT_EXPR pass (perform const folding).
Optimizing module cordic.
Optimizing module cordic_atan_rom.
Optimizing module cordic_fsm.
<suppressed ~3 debug messages>

4.12.2. Executing OPT_MERGE pass (detect identical cells).
Finding identical cells in module `\cordic'.
Finding identical cells in module `\cordic_atan_rom'.
Finding identical cells in module `\cordic_fsm'.
Removed a total of 0 cells.

4.12.3. Executing OPT_MUXTREE pass (detect dead branches in mux trees).
Running muxtree optimizer on module \cordic..
  Creating internal representation of mux trees.
  Evaluating internal representation of mux trees.
  Analyzing evaluation results.
Running muxtree optimizer on module \cordic_atan_rom..
  Creating internal representation of mux trees.
  No muxes found in this module.
Running muxtree optimizer on module \cordic_fsm..
  Creating internal representation of mux trees.
  Evaluating internal representation of mux trees.
  Analyzing evaluation results.
Removed 0 multiplexer ports.
<suppressed ~14 debug messages>

4.12.4. Executing OPT_REDUCE pass (consolidate $*mux and $reduce_* inputs).
  Optimizing cells in module \cordic.
  Optimizing cells in module \cordic_atan_rom.
  Optimizing cells in module \cordic_fsm.
Performed a total of 0 changes.

4.12.5. Executing OPT_MERGE pass (detect identical cells).
Finding identical cells in module `\cordic'.
Finding identical cells in module `\cordic_atan_rom'.
Finding identical cells in module `\cordic_fsm'.
Removed a total of 0 cells.

4.12.6. Executing OPT_DFF pass (perform DFF optimizations).
Adding SRST signal on $procdff$1424 ($dff) from module cordic (D = $procmux$1228_Y, Q = \iter, rval = 4'0000).
Adding EN signal on $auto$ff.cc:266:slice$1455 ($sdff) from module cordic (D = $add$../EJ1/cordic.sv:68$18_Y, Q = \iter).
Adding SRST signal on $procdff$1423 ($dff) from module cordic (D = $procmux$1239_Y, Q = \z_reg, rval = 16'0000000000000000).
Adding EN signal on $auto$ff.cc:266:slice$1463 ($sdff) from module cordic (D = $procmux$1239_Y, Q = \z_reg).
Adding SRST signal on $procdff$1422 ($dff) from module cordic (D = $procmux$1244_Y, Q = \y_reg, rval = 16'0000000000000000).
Adding EN signal on $auto$ff.cc:266:slice$1467 ($sdff) from module cordic (D = \y_next, Q = \y_reg).
Adding SRST signal on $procdff$1421 ($dff) from module cordic (D = { $procmux$1255_Y [13] $procmux$1255_Y [10:9] $procmux$1255_Y [7:6] $procmux$1255_Y [4:2] $procmux$1255_Y [0] }, Q = { \x_reg [13] \x_reg [10:9] \x_reg [7:6] \x_reg [4:2] \x_reg [0] }, rval = 9'000000000).
Adding SRST signal on $procdff$1421 ($dff) from module cordic (D = { $procmux$1252_Y [15:14] $procmux$1252_Y [12:11] $procmux$1252_Y [8] $procmux$1252_Y [5] $procmux$1252_Y [1] }, Q = { \x_reg [15:14] \x_reg [12:11] \x_reg [8] \x_reg [5] \x_reg [1] }, rval = 7'0000000).
Adding EN signal on $auto$ff.cc:266:slice$1472 ($sdff) from module cordic (D = { \x_next [15:14] \x_next [12:11] \x_next [8] \x_next [5] \x_next [1] }, Q = { \x_reg [15:14] \x_reg [12:11] \x_reg [8] \x_reg [5] \x_reg [1] }).
Adding EN signal on $auto$ff.cc:266:slice$1471 ($sdff) from module cordic (D = { $procmux$1255_Y [13] $procmux$1255_Y [10:9] $procmux$1255_Y [7:6] $procmux$1255_Y [4:2] $procmux$1255_Y [0] }, Q = { \x_reg [13] \x_reg [10:9] \x_reg [7:6] \x_reg [4:2] \x_reg [0] }).
Adding SRST signal on $procdff$1420 ($dff) from module cordic (D = $procmux$1266_Y, Q = \theta_fin, rval = 16'0000000000000000).
Adding EN signal on $auto$ff.cc:266:slice$1479 ($sdff) from module cordic (D = \z_next, Q = \theta_fin).
Adding SRST signal on $procdff$1419 ($dff) from module cordic (D = $procmux$1277_Y, Q = \y_f, rval = 16'0000000000000000).
Adding EN signal on $auto$ff.cc:266:slice$1485 ($sdff) from module cordic (D = \y_next, Q = \y_f).
Adding SRST signal on $procdff$1418 ($dff) from module cordic (D = $procmux$1288_Y, Q = \x_f, rval = 16'0000000000000000).
Adding EN signal on $auto$ff.cc:266:slice$1491 ($sdff) from module cordic (D = \x_next, Q = \x_f).

4.12.7. Executing OPT_CLEAN pass (remove unused cells and wires).
Finding unused cells or wires in module \cordic..
Finding unused cells or wires in module \cordic_atan_rom..
Finding unused cells or wires in module \cordic_fsm..
Removed 21 unused cells and 28 unused wires.
<suppressed ~23 debug messages>

4.12.8. Executing OPT_EXPR pass (perform const folding).
Optimizing module cordic.
<suppressed ~2 debug messages>
Optimizing module cordic_atan_rom.
Optimizing module cordic_fsm.

4.12.9. Rerunning OPT passes. (Maybe there is more to do..)

4.12.10. Executing OPT_MUXTREE pass (detect dead branches in mux trees).
Running muxtree optimizer on module \cordic..
  Creating internal representation of mux trees.
  Evaluating internal representation of mux trees.
  Analyzing evaluation results.
Running muxtree optimizer on module \cordic_atan_rom..
  Creating internal representation of mux trees.
  No muxes found in this module.
Running muxtree optimizer on module \cordic_fsm..
  Creating internal representation of mux trees.
  Evaluating internal representation of mux trees.
  Analyzing evaluation results.
Removed 0 multiplexer ports.
<suppressed ~9 debug messages>

4.12.11. Executing OPT_REDUCE pass (consolidate $*mux and $reduce_* inputs).
  Optimizing cells in module \cordic.
  Optimizing cells in module \cordic_atan_rom.
  Optimizing cells in module \cordic_fsm.
Performed a total of 0 changes.

4.12.12. Executing OPT_MERGE pass (detect identical cells).
Finding identical cells in module `\cordic'.
<suppressed ~21 debug messages>
Finding identical cells in module `\cordic_atan_rom'.
Finding identical cells in module `\cordic_fsm'.
Removed a total of 7 cells.

4.12.13. Executing OPT_DFF pass (perform DFF optimizations).

4.12.14. Executing OPT_CLEAN pass (remove unused cells and wires).
Finding unused cells or wires in module \cordic..
Finding unused cells or wires in module \cordic_atan_rom..
Finding unused cells or wires in module \cordic_fsm..
Removed 0 unused cells and 7 unused wires.
<suppressed ~1 debug messages>

4.12.15. Executing OPT_EXPR pass (perform const folding).
Optimizing module cordic.
Optimizing module cordic_atan_rom.
Optimizing module cordic_fsm.

4.12.16. Rerunning OPT passes. (Maybe there is more to do..)

4.12.17. Executing OPT_MUXTREE pass (detect dead branches in mux trees).
Running muxtree optimizer on module \cordic..
  Creating internal representation of mux trees.
  Evaluating internal representation of mux trees.
  Analyzing evaluation results.
Running muxtree optimizer on module \cordic_atan_rom..
  Creating internal representation of mux trees.
  No muxes found in this module.
Running muxtree optimizer on module \cordic_fsm..
  Creating internal representation of mux trees.
  Evaluating internal representation of mux trees.
  Analyzing evaluation results.
Removed 0 multiplexer ports.
<suppressed ~9 debug messages>

4.12.18. Executing OPT_REDUCE pass (consolidate $*mux and $reduce_* inputs).
  Optimizing cells in module \cordic.
  Optimizing cells in module \cordic_atan_rom.
  Optimizing cells in module \cordic_fsm.
Performed a total of 0 changes.

4.12.19. Executing OPT_MERGE pass (detect identical cells).
Finding identical cells in module `\cordic'.
Finding identical cells in module `\cordic_atan_rom'.
Finding identical cells in module `\cordic_fsm'.
Removed a total of 0 cells.

4.12.20. Executing OPT_DFF pass (perform DFF optimizations).

4.12.21. Executing OPT_CLEAN pass (remove unused cells and wires).
Finding unused cells or wires in module \cordic..
Finding unused cells or wires in module \cordic_atan_rom..
Finding unused cells or wires in module \cordic_fsm..

4.12.22. Executing OPT_EXPR pass (perform const folding).
Optimizing module cordic.
Optimizing module cordic_atan_rom.
Optimizing module cordic_fsm.

4.12.23. Finished OPT passes. (There is nothing left to do.)

4.13. Executing WREDUCE pass (reducing word size of cells).
Removed top 31 bits (of 32) from port B of cell cordic.$ge$../EJ1/cordic.sv:33$6 ($ge).
Removed top 2 bits (of 16) from mux cell cordic.$procmux$1255 ($mux).
Removed top 2 bits (of 16) from mux cell cordic.$procmux$1252 ($mux).
Removed top 2 bits (of 16) from wire cordic.$procmux$1252_Y.
Removed top 2 bits (of 16) from wire cordic.$procmux$1255_Y.
Removed top 28 address bits (of 32) from memory init port cordic_atan_rom.$auto$mem.cc:328:emit$1118 ($auto$proc_rom.cc:155:do_switch$1116).

4.14. Executing PEEPOPT pass (run peephole optimizers).

4.15. Executing OPT_CLEAN pass (remove unused cells and wires).
Finding unused cells or wires in module \cordic..
Finding unused cells or wires in module \cordic_atan_rom..
Finding unused cells or wires in module \cordic_fsm..
Removed 0 unused cells and 2 unused wires.
<suppressed ~1 debug messages>

4.16. Executing PMUX2SHIFTX pass.

4.17. Executing MEMORY_DFF pass (merging $dff cells to $memrd).
Checking read port `$auto$proc_rom.cc:155:do_switch$1116'[0] in module `\cordic_atan_rom': no output FF found.
Checking read port address `$auto$proc_rom.cc:155:do_switch$1116'[0] in module `\cordic_atan_rom': no address FF found.

4.18. Executing TECHMAP pass (map to technology primitives).

4.18.1. Executing Verilog-2005 frontend: /usr/bin/../share/yosys/mul2dsp.v
Parsing Verilog input from `/usr/bin/../share/yosys/mul2dsp.v' to AST representation.
Generating RTLIL representation for module `\_80_mul'.
Generating RTLIL representation for module `\_90_soft_mul'.
Successfully finished Verilog frontend.

4.18.2. Executing Verilog-2005 frontend: /usr/bin/../share/yosys/xilinx/xc7_dsp_map.v
Parsing Verilog input from `/usr/bin/../share/yosys/xilinx/xc7_dsp_map.v' to AST representation.
Generating RTLIL representation for module `\$__MUL25X18'.
Successfully finished Verilog frontend.

4.18.3. Continuing TECHMAP pass.
No more expansions possible.
<suppressed ~5 debug messages>

4.19. Executing OPT_EXPR pass (perform const folding).

4.20. Executing WREDUCE pass (reducing word size of cells).

4.21. Executing XILINX_DSP pass (pack resources into DSPs).

4.22. Executing TECHMAP pass (map to technology primitives).

4.22.1. Executing Verilog-2005 frontend: /usr/bin/../share/yosys/cmp2lut.v
Parsing Verilog input from `/usr/bin/../share/yosys/cmp2lut.v' to AST representation.
Generating RTLIL representation for module `\_90_lut_cmp_'.
Successfully finished Verilog frontend.

4.22.2. Executing Verilog-2005 frontend: /usr/bin/../share/yosys/cmp2lcu.v
Parsing Verilog input from `/usr/bin/../share/yosys/cmp2lcu.v' to AST representation.
Generating RTLIL representation for module `\_80_lcu_cmp_'.
Generating RTLIL representation for module `\$__CMP2LCU'.
Successfully finished Verilog frontend.

4.22.3. Continuing TECHMAP pass.
Using template $paramod$e2816181b0962f8915fdd8457843d4374dbd5f14\_80_lcu_cmp_ for cells of type $ge.
Using template $paramod$cbb4ad591cabf5b70cfd8d9291639718e06a348a\$__CMP2LCU for cells of type $__CMP2LCU.
Using template $paramod$9816587badb35b47d56cba3da150849ec2c257c2\$__CMP2LCU for cells of type $__CMP2LCU.
Using template $paramod$e5e0c83a276d31185839e91c2c593a7246dd306c\$__CMP2LCU for cells of type $__CMP2LCU.
Using template $paramod$f34c3e7789e298a12084a681b969d96459878594\$__CMP2LCU for cells of type $__CMP2LCU.
Using template $paramod$a2d038c26a918ece53fcc78f1784db53db9f9d8f\$__CMP2LCU for cells of type $__CMP2LCU.
Using template $paramod$44f66768811bf5cbd17bd98d557bf551eaa4f78f\$__CMP2LCU for cells of type $__CMP2LCU.
Using template $paramod$209d3a30ba0959620530e5dcd91c9f830095755d\$__CMP2LCU for cells of type $__CMP2LCU.
Using template $paramod$0dfd26f5d1684064a9dd8600ad1bbe809d029c09\$__CMP2LCU for cells of type $__CMP2LCU.
Using template $paramod$422ef83d950eac127977b984c2d7dc2d7b4a3edf\$__CMP2LCU for cells of type $__CMP2LCU.
Using template $paramod$c1f8c06748c8de19f72b2f0c4117821928719538\$__CMP2LCU for cells of type $__CMP2LCU.
Using template $paramod$a9bf96b5066c178171e722af65a0a1b96240d8fa\$__CMP2LCU for cells of type $__CMP2LCU.
Using template $paramod$84e1b4bd11ac1d7a058dec3622bd5a793bef66b2\$__CMP2LCU for cells of type $__CMP2LCU.
Using template $paramod$504ffbfeb6d4f5c4e9bee46e25e37ce2d4fb5971\$__CMP2LCU for cells of type $__CMP2LCU.
Using template $paramod$df55c4b7114595092bb2fcec82038ff1f4a5c526\$__CMP2LCU for cells of type $__CMP2LCU.
Using template $paramod$b44c4072001c32cad79b4eb40c655ff22fc1d72a\$__CMP2LCU for cells of type $__CMP2LCU.
Using template $paramod$ca10b6db39ea827eac59fdee7b63fd2c6051849d\$__CMP2LCU for cells of type $__CMP2LCU.
Using template $paramod$c18e0477cdcc3388607dc61644381a75d0b2837b\$__CMP2LCU for cells of type $__CMP2LCU.
Using template $paramod$f2c50c1eaee0df06526511f9757181e598707c0b\$__CMP2LCU for cells of type $__CMP2LCU.
Using template $paramod$0cedfb49e1d8bb960790bbfc68ee2bd67213b691\$__CMP2LCU for cells of type $__CMP2LCU.
No more expansions possible.
<suppressed ~523 debug messages>

4.23. Executing ALUMACC pass (create $alu and $macc cells).
Extracting $alu and $macc cells in module cordic:
  creating $macc model for $add$../EJ1/cordic.sv:38$13 ($add).
  creating $macc model for $add$../EJ1/cordic.sv:40$16 ($add).
  creating $macc model for $add$../EJ1/cordic.sv:68$18 ($add).
  creating $macc model for $add$../EJ1/cordic.sv:35$10 ($add).
  creating $macc model for $sub$../EJ1/cordic.sv:34$8 ($sub).
  creating $macc model for $sub$../EJ1/cordic.sv:36$11 ($sub).
  creating $macc model for $sub$../EJ1/cordic.sv:39$15 ($sub).
  creating $alu model for $macc $sub$../EJ1/cordic.sv:39$15.
  creating $alu model for $macc $sub$../EJ1/cordic.sv:36$11.
  creating $alu model for $macc $sub$../EJ1/cordic.sv:34$8.
  creating $alu model for $macc $add$../EJ1/cordic.sv:35$10.
  creating $alu model for $macc $add$../EJ1/cordic.sv:68$18.
  creating $alu model for $macc $add$../EJ1/cordic.sv:40$16.
  creating $alu model for $macc $add$../EJ1/cordic.sv:38$13.
  creating $alu cell for $add$../EJ1/cordic.sv:38$13: $auto$alumacc.cc:495:replace_alu$1618
  creating $alu cell for $add$../EJ1/cordic.sv:40$16: $auto$alumacc.cc:495:replace_alu$1621
  creating $alu cell for $add$../EJ1/cordic.sv:68$18: $auto$alumacc.cc:495:replace_alu$1624
  creating $alu cell for $sub$../EJ1/cordic.sv:34$8: $auto$alumacc.cc:495:replace_alu$1627
  creating $alu cell for $sub$../EJ1/cordic.sv:36$11: $auto$alumacc.cc:495:replace_alu$1630
  creating $alu cell for $add$../EJ1/cordic.sv:35$10: $auto$alumacc.cc:495:replace_alu$1633
  creating $alu cell for $sub$../EJ1/cordic.sv:39$15: $auto$alumacc.cc:495:replace_alu$1636
  created 7 $alu and 0 $macc cells.
Extracting $alu and $macc cells in module cordic_atan_rom:
  created 0 $alu and 0 $macc cells.
Extracting $alu and $macc cells in module cordic_fsm:
  created 0 $alu and 0 $macc cells.

4.24. Executing SHARE pass (SAT-based resource sharing).
Found 2 cells in module cordic that may be considered for resource sharing.
  Analyzing resource sharing options for $sshr$../EJ1/cordic.sv:35$9 ($sshr):
    Cell is always active. Therefore no sharing is possible.
  Analyzing resource sharing options for $sshr$../EJ1/cordic.sv:34$7 ($sshr):
    Cell is always active. Therefore no sharing is possible.

4.25. Executing OPT pass (performing simple optimizations).

4.25.1. Executing OPT_EXPR pass (perform const folding).
Optimizing module cordic.
<suppressed ~56 debug messages>
Optimizing module cordic_atan_rom.
Optimizing module cordic_fsm.

4.25.2. Executing OPT_MERGE pass (detect identical cells).
Finding identical cells in module `\cordic'.
<suppressed ~3 debug messages>
Finding identical cells in module `\cordic_atan_rom'.
Finding identical cells in module `\cordic_fsm'.
Removed a total of 1 cells.

4.25.3. Executing OPT_MUXTREE pass (detect dead branches in mux trees).
Running muxtree optimizer on module \cordic..
  Creating internal representation of mux trees.
  Evaluating internal representation of mux trees.
  Analyzing evaluation results.
Running muxtree optimizer on module \cordic_atan_rom..
  Creating internal representation of mux trees.
  No muxes found in this module.
Running muxtree optimizer on module \cordic_fsm..
  Creating internal representation of mux trees.
  Evaluating internal representation of mux trees.
  Analyzing evaluation results.
Removed 0 multiplexer ports.
<suppressed ~9 debug messages>

4.25.4. Executing OPT_REDUCE pass (consolidate $*mux and $reduce_* inputs).
  Optimizing cells in module \cordic.
  Optimizing cells in module \cordic_atan_rom.
  Optimizing cells in module \cordic_fsm.
Performed a total of 0 changes.

4.25.5. Executing OPT_MERGE pass (detect identical cells).
Finding identical cells in module `\cordic'.
Finding identical cells in module `\cordic_atan_rom'.
Finding identical cells in module `\cordic_fsm'.
Removed a total of 0 cells.

4.25.6. Executing OPT_DFF pass (perform DFF optimizations).

4.25.7. Executing OPT_CLEAN pass (remove unused cells and wires).
Finding unused cells or wires in module \cordic..
Finding unused cells or wires in module \cordic_atan_rom..
Finding unused cells or wires in module \cordic_fsm..
Removed 0 unused cells and 221 unused wires.
<suppressed ~1 debug messages>

4.25.8. Executing OPT_EXPR pass (perform const folding).
Optimizing module cordic.
Optimizing module cordic_atan_rom.
Optimizing module cordic_fsm.

4.25.9. Rerunning OPT passes. (Maybe there is more to do..)

4.25.10. Executing OPT_MUXTREE pass (detect dead branches in mux trees).
Running muxtree optimizer on module \cordic..
  Creating internal representation of mux trees.
  Evaluating internal representation of mux trees.
  Analyzing evaluation results.
Running muxtree optimizer on module \cordic_atan_rom..
  Creating internal representation of mux trees.
  No muxes found in this module.
Running muxtree optimizer on module \cordic_fsm..
  Creating internal representation of mux trees.
  Evaluating internal representation of mux trees.
  Analyzing evaluation results.
Removed 0 multiplexer ports.
<suppressed ~9 debug messages>

4.25.11. Executing OPT_REDUCE pass (consolidate $*mux and $reduce_* inputs).
  Optimizing cells in module \cordic.
  Optimizing cells in module \cordic_atan_rom.
  Optimizing cells in module \cordic_fsm.
Performed a total of 0 changes.

4.25.12. Executing OPT_MERGE pass (detect identical cells).
Finding identical cells in module `\cordic'.
Finding identical cells in module `\cordic_atan_rom'.
Finding identical cells in module `\cordic_fsm'.
Removed a total of 0 cells.

4.25.13. Executing OPT_DFF pass (perform DFF optimizations).

4.25.14. Executing OPT_CLEAN pass (remove unused cells and wires).
Finding unused cells or wires in module \cordic..
Finding unused cells or wires in module \cordic_atan_rom..
Finding unused cells or wires in module \cordic_fsm..

4.25.15. Executing OPT_EXPR pass (perform const folding).
Optimizing module cordic.
Optimizing module cordic_atan_rom.
Optimizing module cordic_fsm.

4.25.16. Finished OPT passes. (There is nothing left to do.)

4.26. Executing MEMORY pass.

4.26.1. Executing OPT_MEM pass (optimize memories).
cordic_atan_rom.$auto$proc_rom.cc:155:do_switch$1116: removing const-0 lane 14
cordic_atan_rom.$auto$proc_rom.cc:155:do_switch$1116: removing const-0 lane 15
Performed a total of 1 transformations.

4.26.2. Executing OPT_MEM_PRIORITY pass (removing unnecessary memory write priority relations).
Performed a total of 0 transformations.

4.26.3. Executing OPT_MEM_FEEDBACK pass (finding memory read-to-write feedback paths).

4.26.4. Executing MEMORY_BMUX2ROM pass (converting muxes to ROMs).

4.26.5. Executing MEMORY_DFF pass (merging $dff cells to $memrd).
Checking read port `$auto$proc_rom.cc:155:do_switch$1116'[0] in module `\cordic_atan_rom': no output FF found.
Checking read port address `$auto$proc_rom.cc:155:do_switch$1116'[0] in module `\cordic_atan_rom': no address FF found.

4.26.6. Executing OPT_CLEAN pass (remove unused cells and wires).
Finding unused cells or wires in module \cordic..
Finding unused cells or wires in module \cordic_atan_rom..
Finding unused cells or wires in module \cordic_fsm..

4.26.7. Executing MEMORY_SHARE pass (consolidating $memrd/$memwr cells).

4.26.8. Executing OPT_MEM_WIDEN pass (optimize memories where all ports are wide).
Performed a total of 0 transformations.

4.26.9. Executing OPT_CLEAN pass (remove unused cells and wires).
Finding unused cells or wires in module \cordic..
Finding unused cells or wires in module \cordic_atan_rom..
Finding unused cells or wires in module \cordic_fsm..

4.26.10. Executing MEMORY_COLLECT pass (generating $mem cells).

4.27. Executing OPT_CLEAN pass (remove unused cells and wires).
Finding unused cells or wires in module \cordic..
Finding unused cells or wires in module \cordic_atan_rom..
Finding unused cells or wires in module \cordic_fsm..

4.28. Executing MEMORY_LIBMAP pass (mapping memories to cells).
using FF mapping for memory cordic_atan_rom.$auto$proc_rom.cc:155:do_switch$1116
<suppressed ~46 debug messages>

4.29. Executing TECHMAP pass (map to technology primitives).

4.29.1. Executing Verilog-2005 frontend: /usr/bin/../share/yosys/xilinx/lutrams_xc5v_map.v
Parsing Verilog input from `/usr/bin/../share/yosys/xilinx/lutrams_xc5v_map.v' to AST representation.
Generating RTLIL representation for module `\$__XILINX_LUTRAM_SP_'.
Generating RTLIL representation for module `\$__XILINX_LUTRAM_DP_'.
Generating RTLIL representation for module `\$__XILINX_LUTRAM_QP_'.
Generating RTLIL representation for module `\$__XILINX_LUTRAM_OP_'.
Generating RTLIL representation for module `\$__XILINX_LUTRAM_SDP_'.
Generating RTLIL representation for module `\$__XILINX_LUTRAM_64X8SW_'.
Generating RTLIL representation for module `\$__XILINX_LUTRAM_32X16DR8_'.
Successfully finished Verilog frontend.

4.29.2. Continuing TECHMAP pass.
No more expansions possible.
<suppressed ~9 debug messages>

4.30. Executing TECHMAP pass (map to technology primitives).

4.30.1. Executing Verilog-2005 frontend: /usr/bin/../share/yosys/xilinx/brams_xc6v_map.v
Parsing Verilog input from `/usr/bin/../share/yosys/xilinx/brams_xc6v_map.v' to AST representation.
Generating RTLIL representation for module `\$__XILINX_BLOCKRAM_TDP_'.
Generating RTLIL representation for module `\$__XILINX_BLOCKRAM_SDP_'.
Successfully finished Verilog frontend.

4.30.2. Continuing TECHMAP pass.
No more expansions possible.
<suppressed ~4 debug messages>

4.31. Executing OPT pass (performing simple optimizations).

4.31.1. Executing OPT_EXPR pass (perform const folding).
Optimizing module cordic.
<suppressed ~1 debug messages>
Optimizing module cordic_atan_rom.
Optimizing module cordic_fsm.
<suppressed ~6 debug messages>

4.31.2. Executing OPT_MERGE pass (detect identical cells).
Finding identical cells in module `\cordic'.
Finding identical cells in module `\cordic_atan_rom'.
Finding identical cells in module `\cordic_fsm'.
Removed a total of 0 cells.

4.31.3. Executing OPT_DFF pass (perform DFF optimizations).

4.31.4. Executing OPT_CLEAN pass (remove unused cells and wires).
Finding unused cells or wires in module \cordic..
Finding unused cells or wires in module \cordic_atan_rom..
Finding unused cells or wires in module \cordic_fsm..
Removed 0 unused cells and 3 unused wires.
<suppressed ~2 debug messages>

4.31.5. Finished fast OPT passes.

4.32. Executing MEMORY_MAP pass (converting memories to logic and flip-flops).
Mapping memory $auto$proc_rom.cc:155:do_switch$1116 in module \cordic_atan_rom:
  created 16 $dff cells and 0 static cells of width 14.
  read interface: 0 $dff and 15 $mux cells.
  write interface: 0 write mux blocks.

4.33. Executing OPT pass (performing simple optimizations).

4.33.1. Executing OPT_EXPR pass (perform const folding).
Optimizing module cordic.
Optimizing module cordic_atan_rom.
<suppressed ~1 debug messages>
Optimizing module cordic_fsm.

4.33.2. Executing OPT_MERGE pass (detect identical cells).
Finding identical cells in module `\cordic'.
Finding identical cells in module `\cordic_atan_rom'.
Finding identical cells in module `\cordic_fsm'.
Removed a total of 0 cells.

4.33.3. Executing OPT_MUXTREE pass (detect dead branches in mux trees).
Running muxtree optimizer on module \cordic..
  Creating internal representation of mux trees.
  Evaluating internal representation of mux trees.
  Analyzing evaluation results.
Running muxtree optimizer on module \cordic_atan_rom..
  Creating internal representation of mux trees.
  Evaluating internal representation of mux trees.
  Analyzing evaluation results.
Running muxtree optimizer on module \cordic_fsm..
  Creating internal representation of mux trees.
  No muxes found in this module.
Removed 0 multiplexer ports.
<suppressed ~6 debug messages>

4.33.4. Executing OPT_REDUCE pass (consolidate $*mux and $reduce_* inputs).
  Optimizing cells in module \cordic.
  Optimizing cells in module \cordic_atan_rom.
    Consolidated identical input bits for $mux cell $memory$auto$proc_rom.cc:155:do_switch$1116$rdmux[0][3][5]$2044:
      Old ports: A=14'00000000010000, B=14'00000000001000, Y=$memory$auto$proc_rom.cc:155:do_switch$1116$rdmux[0][2][2]$b$2025
      New ports: A=2'10, B=2'01, Y=$memory$auto$proc_rom.cc:155:do_switch$1116$rdmux[0][2][2]$b$2025 [4:3]
      New connections: { $memory$auto$proc_rom.cc:155:do_switch$1116$rdmux[0][2][2]$b$2025 [13:5] $memory$auto$proc_rom.cc:155:do_switch$1116$rdmux[0][2][2]$b$2025 [2:0] } = 12'000000000000
    Consolidated identical input bits for $mux cell $memory$auto$proc_rom.cc:155:do_switch$1116$rdmux[0][3][4]$2041:
      Old ports: A=14'00000001000000, B=14'00000000100000, Y=$memory$auto$proc_rom.cc:155:do_switch$1116$rdmux[0][2][2]$a$2024
      New ports: A=2'10, B=2'01, Y=$memory$auto$proc_rom.cc:155:do_switch$1116$rdmux[0][2][2]$a$2024 [6:5]
      New connections: { $memory$auto$proc_rom.cc:155:do_switch$1116$rdmux[0][2][2]$a$2024 [13:7] $memory$auto$proc_rom.cc:155:do_switch$1116$rdmux[0][2][2]$a$2024 [4:0] } = 12'000000000000
    Consolidated identical input bits for $mux cell $memory$auto$proc_rom.cc:155:do_switch$1116$rdmux[0][3][3]$2038:
      Old ports: A=14'00000100000000, B=14'00000010000000, Y=$memory$auto$proc_rom.cc:155:do_switch$1116$rdmux[0][2][1]$b$2022
      New ports: A=2'10, B=2'01, Y=$memory$auto$proc_rom.cc:155:do_switch$1116$rdmux[0][2][1]$b$2022 [8:7]
      New connections: { $memory$auto$proc_rom.cc:155:do_switch$1116$rdmux[0][2][1]$b$2022 [13:9] $memory$auto$proc_rom.cc:155:do_switch$1116$rdmux[0][2][1]$b$2022 [6:0] } = 12'000000000000
    Consolidated identical input bits for $mux cell $memory$auto$proc_rom.cc:155:do_switch$1116$rdmux[0][3][2]$2035:
      Old ports: A=14'00001111111111, B=14'00001000000000, Y=$memory$auto$proc_rom.cc:155:do_switch$1116$rdmux[0][2][1]$a$2021
      New ports: A=1'1, B=1'0, Y=$memory$auto$proc_rom.cc:155:do_switch$1116$rdmux[0][2][1]$a$2021 [0]
      New connections: $memory$auto$proc_rom.cc:155:do_switch$1116$rdmux[0][2][1]$a$2021 [13:1] = { 5'00001 $memory$auto$proc_rom.cc:155:do_switch$1116$rdmux[0][2][1]$a$2021 [0] $memory$auto$proc_rom.cc:155:do_switch$1116$rdmux[0][2][1]$a$2021 [0] $memory$auto$proc_rom.cc:155:do_switch$1116$rdmux[0][2][1]$a$2021 [0] $memory$auto$proc_rom.cc:155:do_switch$1116$rdmux[0][2][1]$a$2021 [0] $memory$auto$proc_rom.cc:155:do_switch$1116$rdmux[0][2][1]$a$2021 [0] $memory$auto$proc_rom.cc:155:do_switch$1116$rdmux[0][2][1]$a$2021 [0] $memory$auto$proc_rom.cc:155:do_switch$1116$rdmux[0][2][1]$a$2021 [0] $memory$auto$proc_rom.cc:155:do_switch$1116$rdmux[0][2][1]$a$2021 [0] }
    Consolidated identical input bits for $mux cell $memory$auto$proc_rom.cc:155:do_switch$1116$rdmux[0][3][1]$2032:
      Old ports: A=14'00111110101110, B=14'00011111110101, Y=$memory$auto$proc_rom.cc:155:do_switch$1116$rdmux[0][2][0]$b$2019
      New ports: A=2'10, B=2'01, Y=$memory$auto$proc_rom.cc:155:do_switch$1116$rdmux[0][2][0]$b$2019 [1:0]
      New connections: $memory$auto$proc_rom.cc:155:do_switch$1116$rdmux[0][2][0]$b$2019 [13:2] = { 2'00 $memory$auto$proc_rom.cc:155:do_switch$1116$rdmux[0][2][0]$b$2019 [1] 4'1111 $memory$auto$proc_rom.cc:155:do_switch$1116$rdmux[0][2][0]$b$2019 [0] 1'1 $memory$auto$proc_rom.cc:155:do_switch$1116$rdmux[0][2][0]$b$2019 [0] $memory$auto$proc_rom.cc:155:do_switch$1116$rdmux[0][2][0]$b$2019 [1] 1'1 }
    Consolidated identical input bits for $mux cell $memory$auto$proc_rom.cc:155:do_switch$1116$rdmux[0][3][0]$2029:
      Old ports: A=14'11001001000100, B=14'01110110101100, Y=$memory$auto$proc_rom.cc:155:do_switch$1116$rdmux[0][2][0]$a$2018
      New ports: A=2'10, B=2'01, Y={ $memory$auto$proc_rom.cc:155:do_switch$1116$rdmux[0][2][0]$a$2018 [6] $memory$auto$proc_rom.cc:155:do_switch$1116$rdmux[0][2][0]$a$2018 [3] }
      New connections: { $memory$auto$proc_rom.cc:155:do_switch$1116$rdmux[0][2][0]$a$2018 [13:7] $memory$auto$proc_rom.cc:155:do_switch$1116$rdmux[0][2][0]$a$2018 [5:4] $memory$auto$proc_rom.cc:155:do_switch$1116$rdmux[0][2][0]$a$2018 [2:0] } = { $memory$auto$proc_rom.cc:155:do_switch$1116$rdmux[0][2][0]$a$2018 [6] 1'1 $memory$auto$proc_rom.cc:155:do_switch$1116$rdmux[0][2][0]$a$2018 [3] $memory$auto$proc_rom.cc:155:do_switch$1116$rdmux[0][2][0]$a$2018 [3] $memory$auto$proc_rom.cc:155:do_switch$1116$rdmux[0][2][0]$a$2018 [6] $memory$auto$proc_rom.cc:155:do_switch$1116$rdmux[0][2][0]$a$2018 [3] $memory$auto$proc_rom.cc:155:do_switch$1116$rdmux[0][2][0]$a$2018 [3] $memory$auto$proc_rom.cc:155:do_switch$1116$rdmux[0][2][0]$a$2018 [3] 4'0100 }
    Consolidated identical input bits for $mux cell $memory$auto$proc_rom.cc:155:do_switch$1116$rdmux[0][3][6]$2047:
      Old ports: A=14'00000000000100, B=14'00000000000010, Y=$memory$auto$proc_rom.cc:155:do_switch$1116$rdmux[0][2][3]$a$2027
      New ports: A=2'10, B=2'01, Y=$memory$auto$proc_rom.cc:155:do_switch$1116$rdmux[0][2][3]$a$2027 [2:1]
      New connections: { $memory$auto$proc_rom.cc:155:do_switch$1116$rdmux[0][2][3]$a$2027 [13:3] $memory$auto$proc_rom.cc:155:do_switch$1116$rdmux[0][2][3]$a$2027 [0] } = 12'000000000000
  Optimizing cells in module \cordic_atan_rom.
    Consolidated identical input bits for $mux cell $memory$auto$proc_rom.cc:155:do_switch$1116$rdmux[0][2][3]$2026:
      Old ports: A=$memory$auto$proc_rom.cc:155:do_switch$1116$rdmux[0][2][3]$a$2027, B=14'00000000000000, Y=$memory$auto$proc_rom.cc:155:do_switch$1116$rdmux[0][1][1]$b$2016
      New ports: A=$memory$auto$proc_rom.cc:155:do_switch$1116$rdmux[0][2][3]$a$2027 [2:1], B=2'00, Y=$memory$auto$proc_rom.cc:155:do_switch$1116$rdmux[0][1][1]$b$2016 [2:1]
      New connections: { $memory$auto$proc_rom.cc:155:do_switch$1116$rdmux[0][1][1]$b$2016 [13:3] $memory$auto$proc_rom.cc:155:do_switch$1116$rdmux[0][1][1]$b$2016 [0] } = 12'000000000000
    Consolidated identical input bits for $mux cell $memory$auto$proc_rom.cc:155:do_switch$1116$rdmux[0][2][2]$2023:
      Old ports: A=$memory$auto$proc_rom.cc:155:do_switch$1116$rdmux[0][2][2]$a$2024, B=$memory$auto$proc_rom.cc:155:do_switch$1116$rdmux[0][2][2]$b$2025, Y=$memory$auto$proc_rom.cc:155:do_switch$1116$rdmux[0][1][1]$a$2015
      New ports: A={ $memory$auto$proc_rom.cc:155:do_switch$1116$rdmux[0][2][2]$a$2024 [6:5] 2'00 }, B={ 2'00 $memory$auto$proc_rom.cc:155:do_switch$1116$rdmux[0][2][2]$b$2025 [4:3] }, Y=$memory$auto$proc_rom.cc:155:do_switch$1116$rdmux[0][1][1]$a$2015 [6:3]
      New connections: { $memory$auto$proc_rom.cc:155:do_switch$1116$rdmux[0][1][1]$a$2015 [13:7] $memory$auto$proc_rom.cc:155:do_switch$1116$rdmux[0][1][1]$a$2015 [2:0] } = 10'0000000000
    Consolidated identical input bits for $mux cell $memory$auto$proc_rom.cc:155:do_switch$1116$rdmux[0][2][1]$2020:
      Old ports: A=$memory$auto$proc_rom.cc:155:do_switch$1116$rdmux[0][2][1]$a$2021, B=$memory$auto$proc_rom.cc:155:do_switch$1116$rdmux[0][2][1]$b$2022, Y=$memory$auto$proc_rom.cc:155:do_switch$1116$rdmux[0][1][0]$b$2013
      New ports: A={ 1'1 $memory$auto$proc_rom.cc:155:do_switch$1116$rdmux[0][2][1]$a$2021 [0] $memory$auto$proc_rom.cc:155:do_switch$1116$rdmux[0][2][1]$a$2021 [0] $memory$auto$proc_rom.cc:155:do_switch$1116$rdmux[0][2][1]$a$2021 [0] }, B={ 1'0 $memory$auto$proc_rom.cc:155:do_switch$1116$rdmux[0][2][1]$b$2022 [8:7] 1'0 }, Y={ $memory$auto$proc_rom.cc:155:do_switch$1116$rdmux[0][1][0]$b$2013 [9:7] $memory$auto$proc_rom.cc:155:do_switch$1116$rdmux[0][1][0]$b$2013 [0] }
      New connections: { $memory$auto$proc_rom.cc:155:do_switch$1116$rdmux[0][1][0]$b$2013 [13:10] $memory$auto$proc_rom.cc:155:do_switch$1116$rdmux[0][1][0]$b$2013 [6:1] } = { 4'0000 $memory$auto$proc_rom.cc:155:do_switch$1116$rdmux[0][1][0]$b$2013 [0] $memory$auto$proc_rom.cc:155:do_switch$1116$rdmux[0][1][0]$b$2013 [0] $memory$auto$proc_rom.cc:155:do_switch$1116$rdmux[0][1][0]$b$2013 [0] $memory$auto$proc_rom.cc:155:do_switch$1116$rdmux[0][1][0]$b$2013 [0] $memory$auto$proc_rom.cc:155:do_switch$1116$rdmux[0][1][0]$b$2013 [0] $memory$auto$proc_rom.cc:155:do_switch$1116$rdmux[0][1][0]$b$2013 [0] }
    Consolidated identical input bits for $mux cell $memory$auto$proc_rom.cc:155:do_switch$1116$rdmux[0][2][0]$2017:
      Old ports: A=$memory$auto$proc_rom.cc:155:do_switch$1116$rdmux[0][2][0]$a$2018, B=$memory$auto$proc_rom.cc:155:do_switch$1116$rdmux[0][2][0]$b$2019, Y=$memory$auto$proc_rom.cc:155:do_switch$1116$rdmux[0][1][0]$a$2012
      New ports: A={ $memory$auto$proc_rom.cc:155:do_switch$1116$rdmux[0][2][0]$a$2018 [6] 1'1 $memory$auto$proc_rom.cc:155:do_switch$1116$rdmux[0][2][0]$a$2018 [6] $memory$auto$proc_rom.cc:155:do_switch$1116$rdmux[0][2][0]$a$2018 [6] $memory$auto$proc_rom.cc:155:do_switch$1116$rdmux[0][2][0]$a$2018 [3] $memory$auto$proc_rom.cc:155:do_switch$1116$rdmux[0][2][0]$a$2018 [3] 2'00 }, B={ 3'001 $memory$auto$proc_rom.cc:155:do_switch$1116$rdmux[0][2][0]$b$2019 [0] 1'1 $memory$auto$proc_rom.cc:155:do_switch$1116$rdmux[0][2][0]$b$2019 [1] $memory$auto$proc_rom.cc:155:do_switch$1116$rdmux[0][2][0]$b$2019 [1:0] }, Y={ $memory$auto$proc_rom.cc:155:do_switch$1116$rdmux[0][1][0]$a$2012 [13:12] $memory$auto$proc_rom.cc:155:do_switch$1116$rdmux[0][1][0]$a$2012 [9] $memory$auto$proc_rom.cc:155:do_switch$1116$rdmux[0][1][0]$a$2012 [6:5] $memory$auto$proc_rom.cc:155:do_switch$1116$rdmux[0][1][0]$a$2012 [3] $memory$auto$proc_rom.cc:155:do_switch$1116$rdmux[0][1][0]$a$2012 [1:0] }
      New connections: { $memory$auto$proc_rom.cc:155:do_switch$1116$rdmux[0][1][0]$a$2012 [11:10] $memory$auto$proc_rom.cc:155:do_switch$1116$rdmux[0][1][0]$a$2012 [8:7] $memory$auto$proc_rom.cc:155:do_switch$1116$rdmux[0][1][0]$a$2012 [4] $memory$auto$proc_rom.cc:155:do_switch$1116$rdmux[0][1][0]$a$2012 [2] } = { $memory$auto$proc_rom.cc:155:do_switch$1116$rdmux[0][1][0]$a$2012 [3] $memory$auto$proc_rom.cc:155:do_switch$1116$rdmux[0][1][0]$a$2012 [5] $memory$auto$proc_rom.cc:155:do_switch$1116$rdmux[0][1][0]$a$2012 [5] $memory$auto$proc_rom.cc:155:do_switch$1116$rdmux[0][1][0]$a$2012 [5] $memory$auto$proc_rom.cc:155:do_switch$1116$rdmux[0][1][0]$a$2012 [0] 1'1 }
  Optimizing cells in module \cordic_atan_rom.
    Consolidated identical input bits for $mux cell $memory$auto$proc_rom.cc:155:do_switch$1116$rdmux[0][1][1]$2014:
      Old ports: A=$memory$auto$proc_rom.cc:155:do_switch$1116$rdmux[0][1][1]$a$2015, B=$memory$auto$proc_rom.cc:155:do_switch$1116$rdmux[0][1][1]$b$2016, Y=$memory$auto$proc_rom.cc:155:do_switch$1116$rdmux[0][0][0]$b$2010
      New ports: A={ $memory$auto$proc_rom.cc:155:do_switch$1116$rdmux[0][1][1]$a$2015 [6:3] 2'00 }, B={ 4'0000 $memory$auto$proc_rom.cc:155:do_switch$1116$rdmux[0][1][1]$b$2016 [2:1] }, Y=$memory$auto$proc_rom.cc:155:do_switch$1116$rdmux[0][0][0]$b$2010 [6:1]
      New connections: { $memory$auto$proc_rom.cc:155:do_switch$1116$rdmux[0][0][0]$b$2010 [13:7] $memory$auto$proc_rom.cc:155:do_switch$1116$rdmux[0][0][0]$b$2010 [0] } = 8'00000000
    Consolidated identical input bits for $mux cell $memory$auto$proc_rom.cc:155:do_switch$1116$rdmux[0][1][0]$2011:
      Old ports: A=$memory$auto$proc_rom.cc:155:do_switch$1116$rdmux[0][1][0]$a$2012, B=$memory$auto$proc_rom.cc:155:do_switch$1116$rdmux[0][1][0]$b$2013, Y=$memory$auto$proc_rom.cc:155:do_switch$1116$rdmux[0][0][0]$a$2009
      New ports: A={ $memory$auto$proc_rom.cc:155:do_switch$1116$rdmux[0][1][0]$a$2012 [13:12] $memory$auto$proc_rom.cc:155:do_switch$1116$rdmux[0][1][0]$a$2012 [3] $memory$auto$proc_rom.cc:155:do_switch$1116$rdmux[0][1][0]$a$2012 [5] $memory$auto$proc_rom.cc:155:do_switch$1116$rdmux[0][1][0]$a$2012 [9] $memory$auto$proc_rom.cc:155:do_switch$1116$rdmux[0][1][0]$a$2012 [5] $memory$auto$proc_rom.cc:155:do_switch$1116$rdmux[0][1][0]$a$2012 [5] $memory$auto$proc_rom.cc:155:do_switch$1116$rdmux[0][1][0]$a$2012 [6:5] $memory$auto$proc_rom.cc:155:do_switch$1116$rdmux[0][1][0]$a$2012 [3] 1'1 $memory$auto$proc_rom.cc:155:do_switch$1116$rdmux[0][1][0]$a$2012 [1:0] }, B={ 4'0000 $memory$auto$proc_rom.cc:155:do_switch$1116$rdmux[0][1][0]$b$2013 [9:7] $memory$auto$proc_rom.cc:155:do_switch$1116$rdmux[0][1][0]$b$2013 [0] $memory$auto$proc_rom.cc:155:do_switch$1116$rdmux[0][1][0]$b$2013 [0] $memory$auto$proc_rom.cc:155:do_switch$1116$rdmux[0][1][0]$b$2013 [0] $memory$auto$proc_rom.cc:155:do_switch$1116$rdmux[0][1][0]$b$2013 [0] $memory$auto$proc_rom.cc:155:do_switch$1116$rdmux[0][1][0]$b$2013 [0] $memory$auto$proc_rom.cc:155:do_switch$1116$rdmux[0][1][0]$b$2013 [0] }, Y={ $memory$auto$proc_rom.cc:155:do_switch$1116$rdmux[0][0][0]$a$2009 [13:5] $memory$auto$proc_rom.cc:155:do_switch$1116$rdmux[0][0][0]$a$2009 [3:0] }
      New connections: $memory$auto$proc_rom.cc:155:do_switch$1116$rdmux[0][0][0]$a$2009 [4] = $memory$auto$proc_rom.cc:155:do_switch$1116$rdmux[0][0][0]$a$2009 [0]
  Optimizing cells in module \cordic_atan_rom.
  Optimizing cells in module \cordic_fsm.
Performed a total of 13 changes.

4.33.5. Executing OPT_MERGE pass (detect identical cells).
Finding identical cells in module `\cordic'.
Finding identical cells in module `\cordic_atan_rom'.
<suppressed ~15 debug messages>
Finding identical cells in module `\cordic_fsm'.
Removed a total of 5 cells.

4.33.6. Executing OPT_SHARE pass.
    Found cells that share an operand and can be merged by moving the $mux $procmux$1294 in front of them:
        $auto$alumacc.cc:495:replace_alu$1630
        $auto$alumacc.cc:495:replace_alu$1621

    Found cells that share an operand and can be merged by moving the $mux $procmux$1297 in front of them:
        $auto$alumacc.cc:495:replace_alu$1633
        $auto$alumacc.cc:495:replace_alu$1636

    Found cells that share an operand and can be merged by moving the $mux $procmux$1300 in front of them:
        $auto$alumacc.cc:495:replace_alu$1627
        $auto$alumacc.cc:495:replace_alu$1618

4.33.7. Executing OPT_DFF pass (perform DFF optimizations).

4.33.8. Executing OPT_CLEAN pass (remove unused cells and wires).
Finding unused cells or wires in module \cordic..
Finding unused cells or wires in module \cordic_atan_rom..
Finding unused cells or wires in module \cordic_fsm..
Removed 0 unused cells and 40 unused wires.
<suppressed ~2 debug messages>

4.33.9. Executing OPT_EXPR pass (perform const folding).
Optimizing module cordic.
<suppressed ~3 debug messages>
Optimizing module cordic_atan_rom.
<suppressed ~1 debug messages>
Optimizing module cordic_fsm.

4.33.10. Rerunning OPT passes. (Maybe there is more to do..)

4.33.11. Executing OPT_MUXTREE pass (detect dead branches in mux trees).
Running muxtree optimizer on module \cordic..
  Creating internal representation of mux trees.
  Evaluating internal representation of mux trees.
  Analyzing evaluation results.
Running muxtree optimizer on module \cordic_atan_rom..
  Creating internal representation of mux trees.
  Evaluating internal representation of mux trees.
  Analyzing evaluation results.
Running muxtree optimizer on module \cordic_fsm..
  Creating internal representation of mux trees.
  No muxes found in this module.
Removed 0 multiplexer ports.
<suppressed ~7 debug messages>

4.33.12. Executing OPT_REDUCE pass (consolidate $*mux and $reduce_* inputs).
  Optimizing cells in module \cordic.
  Optimizing cells in module \cordic_atan_rom.
  Optimizing cells in module \cordic_fsm.
Performed a total of 0 changes.

4.33.13. Executing OPT_MERGE pass (detect identical cells).
Finding identical cells in module `\cordic'.
Finding identical cells in module `\cordic_atan_rom'.
Finding identical cells in module `\cordic_fsm'.
Removed a total of 0 cells.

4.33.14. Executing OPT_SHARE pass.

4.33.15. Executing OPT_DFF pass (perform DFF optimizations).

4.33.16. Executing OPT_CLEAN pass (remove unused cells and wires).
Finding unused cells or wires in module \cordic..
Finding unused cells or wires in module \cordic_atan_rom..
Finding unused cells or wires in module \cordic_fsm..
Removed 0 unused cells and 3 unused wires.
<suppressed ~1 debug messages>

4.33.17. Executing OPT_EXPR pass (perform const folding).
Optimizing module cordic.
Optimizing module cordic_atan_rom.
Optimizing module cordic_fsm.

4.33.18. Rerunning OPT passes. (Maybe there is more to do..)

4.33.19. Executing OPT_MUXTREE pass (detect dead branches in mux trees).
Running muxtree optimizer on module \cordic..
  Creating internal representation of mux trees.
  Evaluating internal representation of mux trees.
  Analyzing evaluation results.
Running muxtree optimizer on module \cordic_atan_rom..
  Creating internal representation of mux trees.
  Evaluating internal representation of mux trees.
  Analyzing evaluation results.
Running muxtree optimizer on module \cordic_fsm..
  Creating internal representation of mux trees.
  No muxes found in this module.
Removed 0 multiplexer ports.
<suppressed ~7 debug messages>

4.33.20. Executing OPT_REDUCE pass (consolidate $*mux and $reduce_* inputs).
  Optimizing cells in module \cordic.
  Optimizing cells in module \cordic_atan_rom.
  Optimizing cells in module \cordic_fsm.
Performed a total of 0 changes.

4.33.21. Executing OPT_MERGE pass (detect identical cells).
Finding identical cells in module `\cordic'.
Finding identical cells in module `\cordic_atan_rom'.
Finding identical cells in module `\cordic_fsm'.
Removed a total of 0 cells.

4.33.22. Executing OPT_SHARE pass.

4.33.23. Executing OPT_DFF pass (perform DFF optimizations).

4.33.24. Executing OPT_CLEAN pass (remove unused cells and wires).
Finding unused cells or wires in module \cordic..
Finding unused cells or wires in module \cordic_atan_rom..
Finding unused cells or wires in module \cordic_fsm..

4.33.25. Executing OPT_EXPR pass (perform const folding).
Optimizing module cordic.
Optimizing module cordic_atan_rom.
Optimizing module cordic_fsm.

4.33.26. Finished OPT passes. (There is nothing left to do.)

4.34. Executing XILINX_SRL pass (Xilinx shift register extraction).

4.35. Executing TECHMAP pass (map to technology primitives).

4.35.1. Executing Verilog-2005 frontend: /usr/bin/../share/yosys/techmap.v
Parsing Verilog input from `/usr/bin/../share/yosys/techmap.v' to AST representation.
Generating RTLIL representation for module `\_90_simplemap_bool_ops'.
Generating RTLIL representation for module `\_90_simplemap_reduce_ops'.
Generating RTLIL representation for module `\_90_simplemap_logic_ops'.
Generating RTLIL representation for module `\_90_simplemap_compare_ops'.
Generating RTLIL representation for module `\_90_simplemap_various'.
Generating RTLIL representation for module `\_90_simplemap_registers'.
Generating RTLIL representation for module `\_90_shift_ops_shr_shl_sshl_sshr'.
Generating RTLIL representation for module `\_90_shift_shiftx'.
Generating RTLIL representation for module `\_90_fa'.
Generating RTLIL representation for module `\_90_lcu_brent_kung'.
Generating RTLIL representation for module `\_90_alu'.
Generating RTLIL representation for module `\_90_macc'.
Generating RTLIL representation for module `\_90_alumacc'.
Generating RTLIL representation for module `\$__div_mod_u'.
Generating RTLIL representation for module `\$__div_mod_trunc'.
Generating RTLIL representation for module `\_90_div'.
Generating RTLIL representation for module `\_90_mod'.
Generating RTLIL representation for module `\$__div_mod_floor'.
Generating RTLIL representation for module `\_90_divfloor'.
Generating RTLIL representation for module `\_90_modfloor'.
Generating RTLIL representation for module `\_90_pow'.
Generating RTLIL representation for module `\_90_pmux'.
Generating RTLIL representation for module `\_90_demux'.
Generating RTLIL representation for module `\_90_lut'.
Successfully finished Verilog frontend.

4.35.2. Executing Verilog-2005 frontend: /usr/bin/../share/yosys/xilinx/arith_map.v
Parsing Verilog input from `/usr/bin/../share/yosys/xilinx/arith_map.v' to AST representation.
Generating RTLIL representation for module `\_80_xilinx_lcu'.
Generating RTLIL representation for module `\_80_xilinx_alu'.
Successfully finished Verilog frontend.

4.35.3. Continuing TECHMAP pass.
Using extmapper simplemap for cells of type $logic_not.
Using extmapper simplemap for cells of type $and.
Using extmapper simplemap for cells of type $reduce_or.
Using extmapper simplemap for cells of type $dff.
Using extmapper simplemap for cells of type $eq.
Using extmapper simplemap for cells of type $mux.
Using extmapper simplemap for cells of type $not.
Using extmapper simplemap for cells of type $or.
Using template $paramod$constmap:00a5b8c078faac2d9dcf7d1311e85cfd31359fcf$paramod$8a12a9b73c8be786cf67ebac28abcbbf644a3888\_90_shift_ops_shr_shl_sshl_sshr for cells of type $sshr.
Using template $paramod$54fc778bf931772abc0a8cb58d2cab26ccc40132\_80_xilinx_alu for cells of type $alu.
Using template $paramod$8e67f0929c109ab6c266bc981725eaf9741ac115\_80_xilinx_alu for cells of type $alu.
Using extmapper simplemap for cells of type $reduce_and.
Using template $paramod$674141544fade965cf052b5e9d5b65813fc4e151\_80_xilinx_alu for cells of type $alu.
Running "alumacc" on wrapper $extern:wrap:$neg:A_SIGNED=1:A_WIDTH=16:Y_WIDTH=16:394426c56d1a028ba8fdd5469b163e04011def47.
Using template $extern:wrap:$neg:A_SIGNED=1:A_WIDTH=16:Y_WIDTH=16:394426c56d1a028ba8fdd5469b163e04011def47 for cells of type $extern:wrap:$neg:A_SIGNED=1:A_WIDTH=16:Y_WIDTH=16:394426c56d1a028ba8fdd5469b163e04011def47.
Using extmapper simplemap for cells of type $reduce_bool.
Using extmapper simplemap for cells of type $sdffe.
Using template $paramod\_80_xilinx_lcu\WIDTH=s32'00000000000000000000000000000011 for cells of type $lcu.
Using extmapper simplemap for cells of type $xor.
Using extmapper simplemap for cells of type $pos.
Using template $paramod$44619cfd3b1bb121a30965f0b8cf50541577ab9a\_80_xilinx_alu for cells of type $alu.
No more expansions possible.
<suppressed ~605 debug messages>

4.36. Executing OPT pass (performing simple optimizations).

4.36.1. Executing OPT_EXPR pass (perform const folding).
Optimizing module cordic.
<suppressed ~156 debug messages>
Optimizing module cordic_atan_rom.
<suppressed ~1 debug messages>
Optimizing module cordic_fsm.
<suppressed ~4 debug messages>

4.36.2. Executing OPT_MERGE pass (detect identical cells).
Finding identical cells in module `\cordic'.
<suppressed ~12 debug messages>
Finding identical cells in module `\cordic_atan_rom'.
<suppressed ~30 debug messages>
Finding identical cells in module `\cordic_fsm'.
Removed a total of 14 cells.

4.36.3. Executing OPT_DFF pass (perform DFF optimizations).

4.36.4. Executing OPT_CLEAN pass (remove unused cells and wires).
Finding unused cells or wires in module \cordic..
Finding unused cells or wires in module \cordic_atan_rom..
Finding unused cells or wires in module \cordic_fsm..
Removed 27 unused cells and 175 unused wires.
<suppressed ~30 debug messages>

4.36.5. Finished fast OPT passes.

4.37. Executing IOPADMAP pass (mapping inputs/outputs to IO-PAD cells).
Mapping port cordic.busy using OBUF.
Mapping port cordic.clk using IBUF.
Mapping port cordic.done using OBUF.
Mapping port cordic.rst using IBUF.
Mapping port cordic.start using IBUF.
Mapping port cordic.theta using IBUF.
Mapping port cordic.theta_fin using OBUF.
Mapping port cordic.x_f using OBUF.
Mapping port cordic.y_f using OBUF.

4.38. Executing TECHMAP pass (map to technology primitives).

4.38.1. Executing Verilog-2005 frontend: /usr/bin/../share/yosys/techmap.v
Parsing Verilog input from `/usr/bin/../share/yosys/techmap.v' to AST representation.
Generating RTLIL representation for module `\_90_simplemap_bool_ops'.
Generating RTLIL representation for module `\_90_simplemap_reduce_ops'.
Generating RTLIL representation for module `\_90_simplemap_logic_ops'.
Generating RTLIL representation for module `\_90_simplemap_compare_ops'.
Generating RTLIL representation for module `\_90_simplemap_various'.
Generating RTLIL representation for module `\_90_simplemap_registers'.
Generating RTLIL representation for module `\_90_shift_ops_shr_shl_sshl_sshr'.
Generating RTLIL representation for module `\_90_shift_shiftx'.
Generating RTLIL representation for module `\_90_fa'.
Generating RTLIL representation for module `\_90_lcu_brent_kung'.
Generating RTLIL representation for module `\_90_alu'.
Generating RTLIL representation for module `\_90_macc'.
Generating RTLIL representation for module `\_90_alumacc'.
Generating RTLIL representation for module `\$__div_mod_u'.
Generating RTLIL representation for module `\$__div_mod_trunc'.
Generating RTLIL representation for module `\_90_div'.
Generating RTLIL representation for module `\_90_mod'.
Generating RTLIL representation for module `\$__div_mod_floor'.
Generating RTLIL representation for module `\_90_divfloor'.
Generating RTLIL representation for module `\_90_modfloor'.
Generating RTLIL representation for module `\_90_pow'.
Generating RTLIL representation for module `\_90_pmux'.
Generating RTLIL representation for module `\_90_demux'.
Generating RTLIL representation for module `\_90_lut'.
Successfully finished Verilog frontend.

4.38.2. Executing Verilog-2005 frontend: /usr/bin/../share/yosys/xilinx/cells_map.v
Parsing Verilog input from `/usr/bin/../share/yosys/xilinx/cells_map.v' to AST representation.
Generating RTLIL representation for module `\$__SHREG_'.
Generating RTLIL representation for module `\$__XILINX_SHREG_'.
Generating RTLIL representation for module `\$__XILINX_MUXF78'.
Successfully finished Verilog frontend.

4.38.3. Continuing TECHMAP pass.
No more expansions possible.
<suppressed ~78 debug messages>

4.39. Executing DFFLEGALIZE pass (convert FFs to types supported by the target).

4.40. Executing OPT_EXPR pass (perform const folding).
Optimizing module cordic.
<suppressed ~9 debug messages>
Optimizing module cordic_atan_rom.
<suppressed ~1 debug messages>
Optimizing module cordic_fsm.

4.41. Executing ABC pass (technology mapping using ABC).

4.41.1. Extracting gate netlist of module `\cordic' to `<abc-temp-dir>/input.blif'..
Extracted 395 gates and 558 wires to a netlist network with 162 inputs and 133 outputs.

4.41.1.1. Executing ABC.
Running ABC command: "<yosys-exe-dir>/yosys-abc" -s -f <abc-temp-dir>/abc.script 2>&1
ABC: ABC command line: "source <abc-temp-dir>/abc.script".
ABC: 
ABC: + read_blif <abc-temp-dir>/input.blif 
ABC: + read_lut <abc-temp-dir>/lutdefs.txt 
ABC: + strash 
ABC: + &get -n 
ABC: + &fraig -x 
ABC: + &put 
ABC: + scorr 
ABC: Warning: The network is combinational (run "fraig" or "fraig_sweep").
ABC: + dc2 
ABC: + dretime 
ABC: + strash 
ABC: + dch -f 
ABC: + if 
ABC: + mfs2 
ABC: + write_blif <abc-temp-dir>/output.blif 

4.41.1.2. Re-integrating ABC results.
ABC RESULTS:              $lut cells:      186
ABC RESULTS:        internal signals:      263
ABC RESULTS:           input signals:      162
ABC RESULTS:          output signals:      133
Removing temp directory.

4.41.2. Extracting gate netlist of module `\cordic_atan_rom' to `<abc-temp-dir>/input.blif'..
Extracted 42 gates and 48 wires to a netlist network with 4 inputs and 14 outputs.

4.41.2.1. Executing ABC.
Running ABC command: "<yosys-exe-dir>/yosys-abc" -s -f <abc-temp-dir>/abc.script 2>&1
ABC: ABC command line: "source <abc-temp-dir>/abc.script".
ABC: 
ABC: + read_blif <abc-temp-dir>/input.blif 
ABC: + read_lut <abc-temp-dir>/lutdefs.txt 
ABC: + strash 
ABC: + &get -n 
ABC: + &fraig -x 
ABC: + &put 
ABC: + scorr 
ABC: Warning: The network is combinational (run "fraig" or "fraig_sweep").
ABC: + dc2 
ABC: + dretime 
ABC: + strash 
ABC: + dch -f 
ABC: + if 
ABC: + mfs2 
ABC: + write_blif <abc-temp-dir>/output.blif 

4.41.2.2. Re-integrating ABC results.
ABC RESULTS:              $lut cells:       14
ABC RESULTS:        internal signals:       30
ABC RESULTS:           input signals:        4
ABC RESULTS:          output signals:       14
Removing temp directory.

4.41.3. Extracting gate netlist of module `\cordic_fsm' to `<abc-temp-dir>/input.blif'..
Extracted 19 gates and 25 wires to a netlist network with 6 inputs and 5 outputs.

4.41.3.1. Executing ABC.
Running ABC command: "<yosys-exe-dir>/yosys-abc" -s -f <abc-temp-dir>/abc.script 2>&1
ABC: ABC command line: "source <abc-temp-dir>/abc.script".
ABC: 
ABC: + read_blif <abc-temp-dir>/input.blif 
ABC: + read_lut <abc-temp-dir>/lutdefs.txt 
ABC: + strash 
ABC: + &get -n 
ABC: + &fraig -x 
ABC: + &put 
ABC: + scorr 
ABC: Warning: The network is combinational (run "fraig" or "fraig_sweep").
ABC: + dc2 
ABC: + dretime 
ABC: + strash 
ABC: + dch -f 
ABC: + if 
ABC: + mfs2 
ABC: + write_blif <abc-temp-dir>/output.blif 

4.41.3.2. Re-integrating ABC results.
ABC RESULTS:              $lut cells:        5
ABC RESULTS:        internal signals:       14
ABC RESULTS:           input signals:        6
ABC RESULTS:          output signals:        5
Removing temp directory.
Removed 0 unused cells and 378 unused wires.

4.42. Executing TECHMAP pass (map to technology primitives).

4.42.1. Executing Verilog-2005 frontend: /usr/bin/../share/yosys/xilinx/ff_map.v
Parsing Verilog input from `/usr/bin/../share/yosys/xilinx/ff_map.v' to AST representation.
Generating RTLIL representation for module `\$_DFFE_NP0P_'.
Generating RTLIL representation for module `\$_DFFE_PP0P_'.
Generating RTLIL representation for module `\$_DFFE_NP1P_'.
Generating RTLIL representation for module `\$_DFFE_PP1P_'.
Generating RTLIL representation for module `\$_DFFSRE_NPPP_'.
Generating RTLIL representation for module `\$_DFFSRE_PPPP_'.
Generating RTLIL representation for module `\$_SDFFE_NP0P_'.
Generating RTLIL representation for module `\$_SDFFE_PP0P_'.
Generating RTLIL representation for module `\$_SDFFE_NP1P_'.
Generating RTLIL representation for module `\$_SDFFE_PP1P_'.
Generating RTLIL representation for module `\$_DLATCH_NP0_'.
Generating RTLIL representation for module `\$_DLATCH_PP0_'.
Generating RTLIL representation for module `\$_DLATCH_NP1_'.
Generating RTLIL representation for module `\$_DLATCH_PP1_'.
Generating RTLIL representation for module `\$_DLATCH_NPP_'.
Generating RTLIL representation for module `\$_DLATCH_PPP_'.
Successfully finished Verilog frontend.

4.42.2. Continuing TECHMAP pass.
Using template $paramod\$_SDFFE_PP0P_\_TECHMAP_WIREINIT_Q_=1'x for cells of type $_SDFFE_PP0P_.
No more expansions possible.
<suppressed ~132 debug messages>

4.43. Executing XILINX_SRL pass (Xilinx shift register extraction).

4.44. Executing TECHMAP pass (map to technology primitives).

4.44.1. Executing Verilog-2005 frontend: /usr/bin/../share/yosys/xilinx/lut_map.v
Parsing Verilog input from `/usr/bin/../share/yosys/xilinx/lut_map.v' to AST representation.
Generating RTLIL representation for module `\$lut'.
Successfully finished Verilog frontend.

4.44.2. Executing Verilog-2005 frontend: /usr/bin/../share/yosys/xilinx/cells_map.v
Parsing Verilog input from `/usr/bin/../share/yosys/xilinx/cells_map.v' to AST representation.
Generating RTLIL representation for module `\$__SHREG_'.
Generating RTLIL representation for module `\$__XILINX_SHREG_'.
Generating RTLIL representation for module `\$__XILINX_MUXF78'.
Successfully finished Verilog frontend.

4.44.3. Continuing TECHMAP pass.
Using template $paramod$669b936cdfc299f7676768d588f27de3fe847cfe\$lut for cells of type $lut.
Using template $paramod$965f8f2fa1a796a6c51222eabb50fbd26e97d98b\$lut for cells of type $lut.
Using template $paramod\$lut\WIDTH=32'00000000000000000000000000000011\LUT=8'01000000 for cells of type $lut.
Using template $paramod\$lut\WIDTH=32'00000000000000000000000000000010\LUT=4'1000 for cells of type $lut.
Using template $paramod$2de296c0f54c5ef532710b049108d6056e6152c5\$lut for cells of type $lut.
Using template $paramod$c1f5e9ae961059d0f64577387b2567bcd4832b20\$lut for cells of type $lut.
Using template $paramod$9d402491ebb4d24bca108c1481759cffa9839484\$lut for cells of type $lut.
Using template $paramod$6eb84a35ae406fbb1c53cd4766ee565ee9a3bde8\$lut for cells of type $lut.
Using template $paramod$7927bcf0ebf9ad32c99c221ff948f324620c5795\$lut for cells of type $lut.
Using template $paramod$be951c38b751c61c055288977a45dc1ef1304484\$lut for cells of type $lut.
Using template $paramod$ad3a97108c9f4d10f8acfa309b668b9455d3d733\$lut for cells of type $lut.
Using template $paramod$20c44ea59bcc5005199bd247650bc57df9138fa8\$lut for cells of type $lut.
Using template $paramod$4613ac811d54a7344e5fa56d51722e82a64ecb8c\$lut for cells of type $lut.
Using template $paramod$453111cff761ac57957f9972d987be765170f931\$lut for cells of type $lut.
Using template $paramod\$lut\WIDTH=32'00000000000000000000000000000011\LUT=8'00000001 for cells of type $lut.
Using template $paramod$97e449d15b607612c49291044eca4e2c8b59088e\$lut for cells of type $lut.
Using template $paramod$658b9ed803f0d3d335616d3858b53e0a2522f1e8\$lut for cells of type $lut.
Using template $paramod$cd6c4b4da6d8737b72fd2dc8f5d83d8967445809\$lut for cells of type $lut.
Using template $paramod\$lut\WIDTH=32'00000000000000000000000000000001\LUT=2'01 for cells of type $lut.
Using template $paramod$2d3ba667e1bb663616320ee027494ac84a318704\$lut for cells of type $lut.
Using template $paramod$56310ff701860d13f2863d5da88c08ae3780813d\$lut for cells of type $lut.
Using template $paramod$f54c0ffd7b041ca43eac7710ab19c0666d826c22\$lut for cells of type $lut.
Using template $paramod$d2ef43814113ff73f9ebc73be6b7b228fcced45d\$lut for cells of type $lut.
Using template $paramod$2e42f4cdfa2b7be54cbecc74818d81b621a7793c\$lut for cells of type $lut.
Using template $paramod$446e7f592e70cd026e03e9ab8ab84556ce5f251b\$lut for cells of type $lut.
Using template $paramod$a547ebbcb936a0942e18c1762283837f76f0003a\$lut for cells of type $lut.
Using template $paramod$7ffeab24ba07f23d354ecc0be64ce86e4a497bc6\$lut for cells of type $lut.
Using template $paramod$0aed34e47c72b03b1a7c14ea83d3c720b5565286\$lut for cells of type $lut.
Using template $paramod$af763bca85949884aefa417266a961f9c91132de\$lut for cells of type $lut.
Using template $paramod$c2ac46cc89affc503a62a50029ded4f2400dcc89\$lut for cells of type $lut.
Using template $paramod$56c6fc98268f6966dd23dcb4af9b8f5298fa7ead\$lut for cells of type $lut.
Using template $paramod\$lut\WIDTH=32'00000000000000000000000000000011\LUT=8'01011100 for cells of type $lut.
Using template $paramod$f9c112f5fe2c17715d8c265f1ad593784a1e8114\$lut for cells of type $lut.
Using template $paramod$536270849f160949735ff76e64a8905f88da9b50\$lut for cells of type $lut.
Using template $paramod$094232f1f514e716e12d4d9d2b195b7cb87faba3\$lut for cells of type $lut.
Using template $paramod$8f590874c5701190b9c94e4a5333fc3ea42bbdd9\$lut for cells of type $lut.
Using template $paramod$74039f550c80815491e583c36febc108d15f81d6\$lut for cells of type $lut.
Using template $paramod$1a64f21ea15b05b7fc930804a66f6689ebbd6394\$lut for cells of type $lut.
Using template $paramod$ee19d45db61acb4c70d938b97483a4ed4b792645\$lut for cells of type $lut.
Using template $paramod\$lut\WIDTH=32'00000000000000000000000000000010\LUT=4'1110 for cells of type $lut.
Using template $paramod\$lut\WIDTH=32'00000000000000000000000000000011\LUT=8'11001010 for cells of type $lut.
Using template $paramod$6051bdb1976d279702edf946b6a84c27e46d7c66\$lut for cells of type $lut.
Using template $paramod$82f00acae8b5f8749433ed65e9029b0be1927ea3\$lut for cells of type $lut.
Using template $paramod$7a988de7554d6c5e09a742c0a2d36472e50c73b1\$lut for cells of type $lut.
Using template $paramod$4e8850e0e7705f7b4d8b4a49a664e4cf63507c5a\$lut for cells of type $lut.
Using template $paramod$5bb6067bf95d744cab28ed4828d19f40c2fb8968\$lut for cells of type $lut.
Using template $paramod$821131537f5bd0b4836f5026076702f8fb1bcdf3\$lut for cells of type $lut.
Using template $paramod$6a34cd5b50e324824168b4186d0b04ba5e83b039\$lut for cells of type $lut.
Using template $paramod$f5a66a09cf99617133e9c7900d74d95f706c8bb2\$lut for cells of type $lut.
Using template $paramod$da908e93bffb4cfd3bd5498e2296e442a4d1317d\$lut for cells of type $lut.
Using template $paramod$a51d094f29a8ff6c5d7f7b3b7ee4074bcc78b464\$lut for cells of type $lut.
Using template $paramod$626c3e5357c5f692a07c08ccf12fdd1b88fa9e71\$lut for cells of type $lut.
Using template $paramod$473ed014acfb17c2fa5c84d0a737220596d48223\$lut for cells of type $lut.
Using template $paramod$7bb6a37e65823eeb4b38c370fec30ab082759a14\$lut for cells of type $lut.
Using template $paramod\$lut\WIDTH=32'00000000000000000000000000000010\LUT=4'0001 for cells of type $lut.
Using template $paramod$6d6beead1425af15cf78b27fd9b11b41b5d4bce8\$lut for cells of type $lut.
Using template $paramod\$lut\WIDTH=32'00000000000000000000000000000010\LUT=4'0100 for cells of type $lut.
Using template $paramod$12fb017f90e7463fe74789d2ec23494cce2be24a\$lut for cells of type $lut.
Using template $paramod$59e75a61b2e4a983c96d8aa2f40028bf6469834d\$lut for cells of type $lut.
Using template $paramod$af8bebe1cec4d74defd45caf7d2681f8fe6b0334\$lut for cells of type $lut.
Using template $paramod$ea62bcbebe053ced7a18045f4a0148b51165f1f7\$lut for cells of type $lut.
Using template $paramod$ca97a66a9cdffc2cf753adb97ad36ec7b8f5fe65\$lut for cells of type $lut.
Using template $paramod$b106756f6b267a83d3b83c2115d29066c7bf2753\$lut for cells of type $lut.
Using template $paramod$692927e279b3d5c42ee4aacb287247c0b34943ed\$lut for cells of type $lut.
Using template $paramod$57216e43f7740bfc754414dbe254d2cda9a5e00c\$lut for cells of type $lut.
Using template $paramod$ede3ec7ca66f4b0d81af050565e7400b28750263\$lut for cells of type $lut.
Using template $paramod$3306bedf204ba25638c3013a5d9db4518c3c6d54\$lut for cells of type $lut.
Using template $paramod$8f9df5f78689253601ffce03bdf088e63e08b4e7\$lut for cells of type $lut.
Using template $paramod$81c5bcf38da46ef1175da9b86dfbd25acb2bd174\$lut for cells of type $lut.
Using template $paramod$ed7fb81d7b6bcc160fc24f2ecae227b4de965379\$lut for cells of type $lut.
Using template $paramod$cd105d985c12167c3e75fbd48e67aaa262c810f6\$lut for cells of type $lut.
Using template $paramod$793a021966cdb41f5d46ca3998cbe72648389254\$lut for cells of type $lut.
Using template $paramod$780d1527c0c07299abf9948a2d30be4932651b5e\$lut for cells of type $lut.
Using template $paramod$038ca4c6ac9297d52c7a4936ee408722ca99fb5c\$lut for cells of type $lut.
Using template $paramod$79e00f2baed8e073ef3066f784250beac7ff7035\$lut for cells of type $lut.
Using template $paramod$ad80ff77bd76b6d505ad6a94227fe7f2565d3b10\$lut for cells of type $lut.
Using template $paramod$8c144d1ce3ecac8b6d83675f7ead41aafcbb9eb2\$lut for cells of type $lut.
Using template $paramod$14260f0d6cfb7834fe1abcb150c51715f14ac053\$lut for cells of type $lut.
Using template $paramod$c45576938a9b58d891a9ccf0c10041ea33e86e1d\$lut for cells of type $lut.
Using template $paramod$ca260995b172aa4c9c5dd2cfd96abcb790c4fdd6\$lut for cells of type $lut.
Using template $paramod$a9d84daecdbb63c0e5acd82ac973d29db07401bf\$lut for cells of type $lut.
Using template $paramod$b8a3a2c810cf35d37bfb408c289f54af0a5a1bad\$lut for cells of type $lut.
Using template $paramod$83f50c93231e3645f8f4e5f5c1448d78b900ee9a\$lut for cells of type $lut.
Using template $paramod$9e2cd57dbcd4f821a9b1fe338a8e928b63c44bab\$lut for cells of type $lut.
Using template $paramod$e71acd1fd0d505c5322a040014ca4f2fbd36a053\$lut for cells of type $lut.
Using template $paramod$e46bba18817578e7f70c4240c2f0cb94ab21895e\$lut for cells of type $lut.
Using template $paramod$367bd2634b8d24ffcbcd638172c338f05051bf19\$lut for cells of type $lut.
Using template $paramod$486008372b3a6e1ec1f1fc25b535f269b8f58355\$lut for cells of type $lut.
Using template $paramod$377731e73d47d3446e5628f04a169e0646c358f4\$lut for cells of type $lut.
Using template $paramod$75a1012da4d22baaadd114013964207747f7e1b3\$lut for cells of type $lut.
Using template $paramod$d1167f9a44a0d06e504cdbb7d34d85f3f0788ff1\$lut for cells of type $lut.
Using template $paramod$b589a3e0201f1b8a1ca4bec7193219896e696c9f\$lut for cells of type $lut.
Using template $paramod$386c99260d6843c77f0d975879902c27de1a8b24\$lut for cells of type $lut.
Using template $paramod$305781f2a412a490db09c180d20eea03d03d3632\$lut for cells of type $lut.
Using template $paramod$70a6524f23d9008fc7b7e774988e9f236640fcd9\$lut for cells of type $lut.
No more expansions possible.
<suppressed ~1634 debug messages>

4.45. Executing XILINX_DFFOPT pass (optimize FF control signal usage).
Optimizing FFs in cordic.
  Merging D + CE LUTs for $auto$ff.cc:266:slice$2578/x_reg (2 -> 4)
  Merging D + CE LUTs for $auto$ff.cc:266:slice$2579/x_reg (2 -> 4)
  Merging D + CE LUTs for $auto$ff.cc:266:slice$2580/x_reg (2 -> 4)
  Merging D + CE LUTs for $auto$ff.cc:266:slice$2581/x_reg (2 -> 4)
  Merging D + CE LUTs for $auto$ff.cc:266:slice$2582/x_reg (2 -> 4)
  Merging D + CE LUTs for $auto$ff.cc:266:slice$2583/x_reg (2 -> 4)
  Merging D + CE LUTs for $auto$ff.cc:266:slice$2584/x_reg (2 -> 4)
  Merging D + CE LUTs for $auto$ff.cc:266:slice$2577/x_reg (2 -> 4)
  Merging D + CE LUTs for $auto$ff.cc:266:slice$2585/x_reg (2 -> 4)
  Merging D + CE LUTs for $auto$ff.cc:266:slice$2658/z_reg (3 -> 5)
  Merging D + CE LUTs for $auto$ff.cc:266:slice$2659/z_reg (3 -> 5)
  Merging D + CE LUTs for $auto$ff.cc:266:slice$2660/z_reg (3 -> 5)
  Merging D + CE LUTs for $auto$ff.cc:266:slice$2661/z_reg (3 -> 5)
  Merging D + CE LUTs for $auto$ff.cc:266:slice$2662/z_reg (3 -> 5)
  Merging D + CE LUTs for $auto$ff.cc:266:slice$2663/z_reg (3 -> 5)
  Merging D + CE LUTs for $auto$ff.cc:266:slice$2664/z_reg (3 -> 5)
  Merging D + CE LUTs for $auto$ff.cc:266:slice$2665/z_reg (3 -> 5)
  Merging D + CE LUTs for $auto$ff.cc:266:slice$2666/z_reg (3 -> 5)
  Merging D + CE LUTs for $auto$ff.cc:266:slice$2667/z_reg (3 -> 5)
  Merging D + CE LUTs for $auto$ff.cc:266:slice$2668/z_reg (3 -> 5)
  Merging D + CE LUTs for $auto$ff.cc:266:slice$2669/z_reg (3 -> 5)
  Merging D + CE LUTs for $auto$ff.cc:266:slice$2670/z_reg (3 -> 5)
  Merging D + CE LUTs for $auto$ff.cc:266:slice$2671/z_reg (3 -> 5)
  Merging D + CE LUTs for $auto$ff.cc:266:slice$2657/z_reg (3 -> 5)
  Merging D + CE LUTs for $auto$ff.cc:266:slice$2672/z_reg (3 -> 5)
Optimizing FFs in cordic_atan_rom.
Optimizing FFs in cordic_fsm.

4.46. Executing OPT_LUT_INS pass (discard unused LUT inputs).
Optimizing LUTs in cordic.
  Optimizing lut $abc$3170$auto$blifparse.cc:535:parse_blif$3310.genblk1.genblk1.genblk1.genblk1.genblk1.genblk1.genblk1.genblk1.genblk1.genblk1.lut0.genblk1.genblk1.genblk1.genblk1.genblk1.genblk1.genblk1.genblk1.genblk1.lut0 (6 -> 2)
  Optimizing lut $abc$3170$auto$blifparse.cc:535:parse_blif$3304.genblk1.genblk1.genblk1.genblk1.genblk1.genblk1.genblk1.genblk1.genblk1.genblk1.lut0.genblk1.genblk1.genblk1.genblk1.genblk1.genblk1.genblk1.genblk1.genblk1.lut0 (6 -> 1)
  Optimizing lut $abc$3170$auto$blifparse.cc:535:parse_blif$3304.genblk1.genblk1.genblk1.genblk1.genblk1.genblk1.genblk1.genblk1.genblk1.genblk1.lut1.genblk1.genblk1.genblk1.genblk1.genblk1.genblk1.genblk1.genblk1.genblk1.lut0 (6 -> 5)
  Optimizing lut $abc$3170$auto$blifparse.cc:535:parse_blif$3309.genblk1.genblk1.genblk1.genblk1.genblk1.genblk1.genblk1.genblk1.genblk1.genblk1.lut0.genblk1.genblk1.genblk1.genblk1.genblk1.genblk1.genblk1.genblk1.genblk1.lut0 (6 -> 2)
  Optimizing lut $abc$3170$auto$blifparse.cc:535:parse_blif$3309.genblk1.genblk1.genblk1.genblk1.genblk1.genblk1.genblk1.genblk1.genblk1.genblk1.lut1.genblk1.genblk1.genblk1.genblk1.genblk1.genblk1.genblk1.genblk1.genblk1.lut0 (6 -> 2)
  Optimizing lut $abc$3170$auto$blifparse.cc:535:parse_blif$3303.genblk1.genblk1.genblk1.genblk1.genblk1.genblk1.genblk1.genblk1.genblk1.genblk1.lut0.genblk1.genblk1.genblk1.genblk1.genblk1.genblk1.genblk1.genblk1.genblk1.lut0 (6 -> 1)
  Optimizing lut $abc$3170$auto$blifparse.cc:535:parse_blif$3303.genblk1.genblk1.genblk1.genblk1.genblk1.genblk1.genblk1.genblk1.genblk1.genblk1.lut1.genblk1.genblk1.genblk1.genblk1.genblk1.genblk1.genblk1.genblk1.genblk1.lut0 (6 -> 5)
  Optimizing lut $abc$3170$auto$blifparse.cc:535:parse_blif$3308.genblk1.genblk1.genblk1.genblk1.genblk1.genblk1.genblk1.genblk1.genblk1.genblk1.lut0.genblk1.genblk1.genblk1.genblk1.genblk1.genblk1.genblk1.genblk1.genblk1.lut0 (6 -> 1)
  Optimizing lut $abc$3170$auto$blifparse.cc:535:parse_blif$3308.genblk1.genblk1.genblk1.genblk1.genblk1.genblk1.genblk1.genblk1.genblk1.genblk1.lut1.genblk1.genblk1.genblk1.genblk1.genblk1.genblk1.genblk1.genblk1.genblk1.lut0 (6 -> 5)
  Optimizing lut $abc$3170$auto$blifparse.cc:535:parse_blif$3302.genblk1.genblk1.genblk1.genblk1.genblk1.genblk1.genblk1.genblk1.genblk1.genblk1.lut0.genblk1.genblk1.genblk1.genblk1.genblk1.genblk1.genblk1.genblk1.genblk1.lut0 (6 -> 1)
  Optimizing lut $abc$3170$auto$blifparse.cc:535:parse_blif$3302.genblk1.genblk1.genblk1.genblk1.genblk1.genblk1.genblk1.genblk1.genblk1.genblk1.lut1.genblk1.genblk1.genblk1.genblk1.genblk1.genblk1.genblk1.genblk1.genblk1.lut0 (6 -> 5)
  Optimizing lut $abc$3170$auto$blifparse.cc:535:parse_blif$3307.genblk1.genblk1.genblk1.genblk1.genblk1.genblk1.genblk1.genblk1.genblk1.genblk1.lut0.genblk1.genblk1.genblk1.genblk1.genblk1.genblk1.genblk1.genblk1.genblk1.lut0 (6 -> 1)
  Optimizing lut $abc$3170$auto$blifparse.cc:535:parse_blif$3211.genblk1.genblk1.genblk1.genblk1.genblk1.genblk1.genblk1.genblk1.genblk1.lut0 (6 -> 4)
  Optimizing lut $abc$3170$auto$blifparse.cc:535:parse_blif$3305.genblk1.genblk1.genblk1.genblk1.genblk1.genblk1.genblk1.genblk1.genblk1.genblk1.lut0.genblk1.genblk1.genblk1.genblk1.genblk1.genblk1.genblk1.genblk1.genblk1.lut0 (6 -> 1)
  Optimizing lut $abc$3170$auto$blifparse.cc:535:parse_blif$3305.genblk1.genblk1.genblk1.genblk1.genblk1.genblk1.genblk1.genblk1.genblk1.genblk1.lut1.genblk1.genblk1.genblk1.genblk1.genblk1.genblk1.genblk1.genblk1.genblk1.lut0 (6 -> 5)
  Optimizing lut $abc$3170$auto$blifparse.cc:535:parse_blif$3306.genblk1.genblk1.genblk1.genblk1.genblk1.genblk1.genblk1.genblk1.genblk1.genblk1.lut0.genblk1.genblk1.genblk1.genblk1.genblk1.genblk1.genblk1.genblk1.genblk1.lut0 (6 -> 1)
  Optimizing lut $abc$3170$auto$blifparse.cc:535:parse_blif$3306.genblk1.genblk1.genblk1.genblk1.genblk1.genblk1.genblk1.genblk1.genblk1.genblk1.lut1.genblk1.genblk1.genblk1.genblk1.genblk1.genblk1.genblk1.genblk1.genblk1.lut0 (6 -> 5)
  Optimizing lut $abc$3170$auto$blifparse.cc:535:parse_blif$3301.genblk1.genblk1.genblk1.genblk1.genblk1.genblk1.genblk1.genblk1.genblk1.genblk1.lut0.genblk1.genblk1.genblk1.genblk1.genblk1.genblk1.genblk1.genblk1.genblk1.lut0 (6 -> 1)
  Optimizing lut $abc$3170$auto$blifparse.cc:535:parse_blif$3301.genblk1.genblk1.genblk1.genblk1.genblk1.genblk1.genblk1.genblk1.genblk1.genblk1.lut1.genblk1.genblk1.genblk1.genblk1.genblk1.genblk1.genblk1.genblk1.genblk1.lut0 (6 -> 5)
  Optimizing lut $abc$3170$auto$blifparse.cc:535:parse_blif$3311.genblk1.genblk1.genblk1.genblk1.genblk1.genblk1.genblk1.genblk1.genblk1.genblk1.lut0.genblk1.genblk1.genblk1.genblk1.genblk1.genblk1.genblk1.genblk1.genblk1.lut0 (6 -> 2)
  Optimizing lut $abc$3170$auto$blifparse.cc:535:parse_blif$3206.genblk1.genblk1.genblk1.genblk1.genblk1.genblk1.genblk1.genblk1.genblk1.lut0 (6 -> 4)
  Optimizing lut $abc$3170$auto$blifparse.cc:535:parse_blif$3319.genblk1.genblk1.genblk1.genblk1.genblk1.genblk1.genblk1.genblk1.genblk1.genblk1.lut0.genblk1.genblk1.genblk1.genblk1.genblk1.genblk1.genblk1.genblk1.genblk1.lut0 (6 -> 1)
  Optimizing lut $abc$3170$auto$blifparse.cc:535:parse_blif$3217.genblk1.genblk1.genblk1.genblk1.genblk1.genblk1.genblk1.genblk1.genblk1.lut0 (6 -> 0)
  Optimizing lut $abc$3170$auto$blifparse.cc:535:parse_blif$3318.genblk1.genblk1.genblk1.genblk1.genblk1.genblk1.genblk1.genblk1.genblk1.genblk1.lut0.genblk1.genblk1.genblk1.genblk1.genblk1.genblk1.genblk1.genblk1.genblk1.lut0 (6 -> 1)
  Optimizing lut $abc$3170$auto$blifparse.cc:535:parse_blif$3318.genblk1.genblk1.genblk1.genblk1.genblk1.genblk1.genblk1.genblk1.genblk1.genblk1.lut1.genblk1.genblk1.genblk1.genblk1.genblk1.genblk1.genblk1.genblk1.genblk1.lut0 (6 -> 5)
  Optimizing lut $abc$3170$auto$blifparse.cc:535:parse_blif$3317.genblk1.genblk1.genblk1.genblk1.genblk1.genblk1.genblk1.genblk1.genblk1.genblk1.lut0.genblk1.genblk1.genblk1.genblk1.genblk1.genblk1.genblk1.genblk1.genblk1.lut0 (6 -> 1)
  Optimizing lut $abc$3170$auto$blifparse.cc:535:parse_blif$3317.genblk1.genblk1.genblk1.genblk1.genblk1.genblk1.genblk1.genblk1.genblk1.genblk1.lut1.genblk1.genblk1.genblk1.genblk1.genblk1.genblk1.genblk1.genblk1.genblk1.lut0 (6 -> 5)
  Optimizing lut $abc$3170$auto$blifparse.cc:535:parse_blif$3325.genblk1.genblk1.genblk1.genblk1.genblk1.genblk1.genblk1.genblk1.genblk1.genblk1.lut0.genblk1.genblk1.genblk1.genblk1.genblk1.genblk1.genblk1.genblk1.genblk1.lut0 (6 -> 2)
  Optimizing lut $abc$3170$auto$blifparse.cc:535:parse_blif$3325.genblk1.genblk1.genblk1.genblk1.genblk1.genblk1.genblk1.genblk1.genblk1.genblk1.lut1.genblk1.genblk1.genblk1.genblk1.genblk1.genblk1.genblk1.genblk1.genblk1.lut0 (6 -> 2)
  Optimizing lut $abc$3170$auto$blifparse.cc:535:parse_blif$3324.genblk1.genblk1.genblk1.genblk1.genblk1.genblk1.genblk1.genblk1.genblk1.genblk1.lut0.genblk1.genblk1.genblk1.genblk1.genblk1.genblk1.genblk1.genblk1.genblk1.lut0 (6 -> 1)
  Optimizing lut $abc$3170$auto$blifparse.cc:535:parse_blif$3324.genblk1.genblk1.genblk1.genblk1.genblk1.genblk1.genblk1.genblk1.genblk1.genblk1.lut1.genblk1.genblk1.genblk1.genblk1.genblk1.genblk1.genblk1.genblk1.genblk1.lut0 (6 -> 5)
  Optimizing lut $abc$3170$auto$blifparse.cc:535:parse_blif$3323.genblk1.genblk1.genblk1.genblk1.genblk1.genblk1.genblk1.genblk1.genblk1.genblk1.lut0.genblk1.genblk1.genblk1.genblk1.genblk1.genblk1.genblk1.genblk1.genblk1.lut0 (6 -> 1)
  Optimizing lut $abc$3170$auto$blifparse.cc:535:parse_blif$3323.genblk1.genblk1.genblk1.genblk1.genblk1.genblk1.genblk1.genblk1.genblk1.genblk1.lut1.genblk1.genblk1.genblk1.genblk1.genblk1.genblk1.genblk1.genblk1.genblk1.lut0 (6 -> 5)
  Optimizing lut $abc$3170$auto$blifparse.cc:535:parse_blif$3328.genblk1.genblk1.genblk1.genblk1.genblk1.genblk1.genblk1.genblk1.genblk1.genblk1.lut0.genblk1.genblk1.genblk1.genblk1.genblk1.genblk1.genblk1.genblk1.genblk1.lut0 (6 -> 1)
  Optimizing lut $abc$3170$auto$blifparse.cc:535:parse_blif$3328.genblk1.genblk1.genblk1.genblk1.genblk1.genblk1.genblk1.genblk1.genblk1.genblk1.lut1.genblk1.genblk1.genblk1.genblk1.genblk1.genblk1.genblk1.genblk1.genblk1.lut0 (6 -> 5)
  Optimizing lut $abc$3170$auto$blifparse.cc:535:parse_blif$3320.genblk1.genblk1.genblk1.genblk1.genblk1.genblk1.genblk1.genblk1.genblk1.genblk1.lut0.genblk1.genblk1.genblk1.genblk1.genblk1.genblk1.genblk1.genblk1.genblk1.lut0 (6 -> 1)
  Optimizing lut $abc$3170$auto$blifparse.cc:535:parse_blif$3320.genblk1.genblk1.genblk1.genblk1.genblk1.genblk1.genblk1.genblk1.genblk1.genblk1.lut1.genblk1.genblk1.genblk1.genblk1.genblk1.genblk1.genblk1.genblk1.genblk1.lut0 (6 -> 5)
  Optimizing lut $abc$3170$auto$blifparse.cc:535:parse_blif$3326.genblk1.genblk1.genblk1.genblk1.genblk1.genblk1.genblk1.genblk1.genblk1.genblk1.lut0.genblk1.genblk1.genblk1.genblk1.genblk1.genblk1.genblk1.genblk1.genblk1.lut0 (6 -> 1)
  Optimizing lut $abc$3170$auto$blifparse.cc:535:parse_blif$3326.genblk1.genblk1.genblk1.genblk1.genblk1.genblk1.genblk1.genblk1.genblk1.genblk1.lut1.genblk1.genblk1.genblk1.genblk1.genblk1.genblk1.genblk1.genblk1.genblk1.lut0 (6 -> 5)
  Optimizing lut $abc$3170$auto$blifparse.cc:535:parse_blif$3321.genblk1.genblk1.genblk1.genblk1.genblk1.genblk1.genblk1.genblk1.genblk1.genblk1.lut1.genblk1.genblk1.genblk1.genblk1.genblk1.genblk1.genblk1.genblk1.genblk1.lut0 (6 -> 5)
  Optimizing lut $abc$3170$auto$blifparse.cc:535:parse_blif$3258.genblk1.genblk1.genblk1.genblk1.genblk1.genblk1.genblk1.genblk1.genblk1.lut0 (6 -> 4)
  Optimizing lut $abc$3170$auto$blifparse.cc:535:parse_blif$3256.genblk1.genblk1.genblk1.genblk1.genblk1.genblk1.genblk1.genblk1.genblk1.lut1 (6 -> 4)
  Optimizing lut $abc$3170$auto$blifparse.cc:535:parse_blif$3223.genblk1.genblk1.genblk1.genblk1.genblk1.genblk1.genblk1.genblk1.genblk1.genblk1.lut1.genblk1.genblk1.genblk1.genblk1.genblk1.genblk1.genblk1.genblk1.genblk1.lut0 (6 -> 1)
  Optimizing lut $abc$3170$auto$blifparse.cc:535:parse_blif$3227.genblk1.genblk1.genblk1.genblk1.genblk1.genblk1.genblk1.genblk1.genblk1.lut1 (6 -> 4)
  Optimizing lut $abc$3170$auto$blifparse.cc:535:parse_blif$3263.genblk1.genblk1.genblk1.genblk1.genblk1.genblk1.genblk1.genblk1.genblk1.genblk1.lut0.genblk1.genblk1.genblk1.genblk1.genblk1.genblk1.genblk1.genblk1.genblk1.lut0 (6 -> 3)
  Optimizing lut $abc$3170$auto$blifparse.cc:535:parse_blif$3248.genblk1.genblk1.genblk1.genblk1.genblk1.genblk1.genblk1.genblk1.genblk1.lut1 (6 -> 4)
  Optimizing lut $abc$3170$auto$blifparse.cc:535:parse_blif$3267.genblk1.genblk1.genblk1.genblk1.genblk1.genblk1.genblk1.genblk1.genblk1.lut1 (6 -> 4)
  Optimizing lut $abc$3170$auto$blifparse.cc:535:parse_blif$3304.genblk1.genblk1.genblk1.genblk1.genblk1.genblk1.genblk1.genblk1.genblk1.genblk1.lut1.genblk1.genblk1.genblk1.genblk1.genblk1.genblk1.genblk1.genblk1.genblk1.lut1 (6 -> 5)
  Optimizing lut $abc$3170$auto$blifparse.cc:535:parse_blif$3309.genblk1.genblk1.genblk1.genblk1.genblk1.genblk1.genblk1.genblk1.genblk1.genblk1.lut1.genblk1.genblk1.genblk1.genblk1.genblk1.genblk1.genblk1.genblk1.genblk1.lut1 (6 -> 5)
  Optimizing lut $abc$3170$auto$blifparse.cc:535:parse_blif$3303.genblk1.genblk1.genblk1.genblk1.genblk1.genblk1.genblk1.genblk1.genblk1.genblk1.lut1.genblk1.genblk1.genblk1.genblk1.genblk1.genblk1.genblk1.genblk1.genblk1.lut1 (6 -> 5)
  Optimizing lut $abc$3170$auto$blifparse.cc:535:parse_blif$3308.genblk1.genblk1.genblk1.genblk1.genblk1.genblk1.genblk1.genblk1.genblk1.genblk1.lut1.genblk1.genblk1.genblk1.genblk1.genblk1.genblk1.genblk1.genblk1.genblk1.lut1 (6 -> 5)
  Optimizing lut $abc$3170$auto$blifparse.cc:535:parse_blif$3302.genblk1.genblk1.genblk1.genblk1.genblk1.genblk1.genblk1.genblk1.genblk1.genblk1.lut1.genblk1.genblk1.genblk1.genblk1.genblk1.genblk1.genblk1.genblk1.genblk1.lut1 (6 -> 5)
  Optimizing lut $abc$3170$auto$blifparse.cc:535:parse_blif$3307.genblk1.genblk1.genblk1.genblk1.genblk1.genblk1.genblk1.genblk1.genblk1.genblk1.lut1.genblk1.genblk1.genblk1.genblk1.genblk1.genblk1.genblk1.genblk1.genblk1.lut0 (6 -> 5)
  Optimizing lut $abc$3170$auto$blifparse.cc:535:parse_blif$3307.genblk1.genblk1.genblk1.genblk1.genblk1.genblk1.genblk1.genblk1.genblk1.genblk1.lut1.genblk1.genblk1.genblk1.genblk1.genblk1.genblk1.genblk1.genblk1.genblk1.lut1 (6 -> 5)
  Optimizing lut $abc$3170$auto$blifparse.cc:535:parse_blif$3305.genblk1.genblk1.genblk1.genblk1.genblk1.genblk1.genblk1.genblk1.genblk1.genblk1.lut1.genblk1.genblk1.genblk1.genblk1.genblk1.genblk1.genblk1.genblk1.genblk1.lut1 (6 -> 5)
  Optimizing lut $abc$3170$auto$blifparse.cc:535:parse_blif$3301.genblk1.genblk1.genblk1.genblk1.genblk1.genblk1.genblk1.genblk1.genblk1.genblk1.lut1.genblk1.genblk1.genblk1.genblk1.genblk1.genblk1.genblk1.genblk1.genblk1.lut1 (6 -> 5)
  Optimizing lut $abc$3170$auto$blifparse.cc:535:parse_blif$3207.genblk1.genblk1.genblk1.genblk1.genblk1.genblk1.genblk1.genblk1.genblk1.lut0 (6 -> 0)
  Optimizing lut $abc$3170$auto$blifparse.cc:535:parse_blif$3216.genblk1.genblk1.genblk1.genblk1.genblk1.genblk1.genblk1.genblk1.genblk1.lut0 (6 -> 4)
  Optimizing lut $abc$3170$auto$blifparse.cc:535:parse_blif$3319.genblk1.genblk1.genblk1.genblk1.genblk1.genblk1.genblk1.genblk1.genblk1.genblk1.lut1.genblk1.genblk1.genblk1.genblk1.genblk1.genblk1.genblk1.genblk1.genblk1.lut0 (6 -> 5)
  Optimizing lut $abc$3170$auto$blifparse.cc:535:parse_blif$3317.genblk1.genblk1.genblk1.genblk1.genblk1.genblk1.genblk1.genblk1.genblk1.genblk1.lut1.genblk1.genblk1.genblk1.genblk1.genblk1.genblk1.genblk1.genblk1.genblk1.lut1 (6 -> 5)
  Optimizing lut $abc$3170$auto$blifparse.cc:535:parse_blif$3326.genblk1.genblk1.genblk1.genblk1.genblk1.genblk1.genblk1.genblk1.genblk1.genblk1.lut1.genblk1.genblk1.genblk1.genblk1.genblk1.genblk1.genblk1.genblk1.genblk1.lut1 (6 -> 5)
  Optimizing lut $abc$3170$auto$blifparse.cc:535:parse_blif$3321.genblk1.genblk1.genblk1.genblk1.genblk1.genblk1.genblk1.genblk1.genblk1.genblk1.lut1.genblk1.genblk1.genblk1.genblk1.genblk1.genblk1.genblk1.genblk1.genblk1.lut1 (6 -> 5)
  Optimizing lut $abc$3170$auto$blifparse.cc:535:parse_blif$3223.genblk1.genblk1.genblk1.genblk1.genblk1.genblk1.genblk1.genblk1.genblk1.genblk1.lut0.genblk1.genblk1.genblk1.genblk1.genblk1.genblk1.genblk1.genblk1.genblk1.lut0 (6 -> 3)
  Optimizing lut $abc$3170$auto$blifparse.cc:535:parse_blif$3263.genblk1.genblk1.genblk1.genblk1.genblk1.genblk1.genblk1.genblk1.genblk1.genblk1.lut1.genblk1.genblk1.genblk1.genblk1.genblk1.genblk1.genblk1.genblk1.genblk1.lut1 (6 -> 1)
  Optimizing lut $abc$3170$auto$blifparse.cc:535:parse_blif$3213.genblk1.genblk1.genblk1.genblk1.genblk1.genblk1.genblk1.genblk1.genblk1.lut0 (6 -> 4)
  Optimizing lut $abc$3170$auto$blifparse.cc:535:parse_blif$3256.genblk1.genblk1.genblk1.genblk1.genblk1.genblk1.genblk1.genblk1.genblk1.lut0 (6 -> 4)
  Optimizing lut $abc$3170$auto$blifparse.cc:535:parse_blif$3310.genblk1.genblk1.genblk1.genblk1.genblk1.genblk1.genblk1.genblk1.genblk1.genblk1.lut1.genblk1.genblk1.genblk1.genblk1.genblk1.genblk1.genblk1.genblk1.genblk1.lut1 (6 -> 5)
  Optimizing lut $abc$3170$auto$blifparse.cc:535:parse_blif$3206.genblk1.genblk1.genblk1.genblk1.genblk1.genblk1.genblk1.genblk1.genblk1.lut1 (6 -> 4)
  Optimizing lut $abc$3170$auto$blifparse.cc:535:parse_blif$3208.genblk1.genblk1.genblk1.genblk1.genblk1.genblk1.genblk1.genblk1.genblk1.lut1 (6 -> 4)
  Optimizing lut $abc$3170$auto$blifparse.cc:535:parse_blif$3321.genblk1.genblk1.genblk1.genblk1.genblk1.genblk1.genblk1.genblk1.genblk1.genblk1.lut0.genblk1.genblk1.genblk1.genblk1.genblk1.genblk1.genblk1.genblk1.genblk1.lut0 (6 -> 1)
  Optimizing lut $abc$3170$auto$blifparse.cc:535:parse_blif$3211.genblk1.genblk1.genblk1.genblk1.genblk1.genblk1.genblk1.genblk1.genblk1.lut1 (6 -> 4)
  Optimizing lut $abc$3170$auto$blifparse.cc:535:parse_blif$3213.genblk1.genblk1.genblk1.genblk1.genblk1.genblk1.genblk1.genblk1.genblk1.lut1 (6 -> 4)
  Optimizing lut $abc$3170$auto$blifparse.cc:535:parse_blif$3311.genblk1.genblk1.genblk1.genblk1.genblk1.genblk1.genblk1.genblk1.genblk1.genblk1.lut1.genblk1.genblk1.genblk1.genblk1.genblk1.genblk1.genblk1.genblk1.genblk1.lut0 (6 -> 2)
  Optimizing lut $abc$3170$auto$blifparse.cc:535:parse_blif$3216.genblk1.genblk1.genblk1.genblk1.genblk1.genblk1.genblk1.genblk1.genblk1.lut1 (6 -> 4)
  Optimizing lut $abc$3170$auto$blifparse.cc:535:parse_blif$3311.genblk1.genblk1.genblk1.genblk1.genblk1.genblk1.genblk1.genblk1.genblk1.genblk1.lut1.genblk1.genblk1.genblk1.genblk1.genblk1.genblk1.genblk1.genblk1.genblk1.lut1 (6 -> 5)
  Optimizing lut $abc$3170$auto$blifparse.cc:535:parse_blif$3223.genblk1.genblk1.genblk1.genblk1.genblk1.genblk1.genblk1.genblk1.genblk1.genblk1.lut0.genblk1.genblk1.genblk1.genblk1.genblk1.genblk1.genblk1.genblk1.genblk1.lut1 (6 -> 3)
  Optimizing lut $abc$3170$auto$blifparse.cc:535:parse_blif$3325.genblk1.genblk1.genblk1.genblk1.genblk1.genblk1.genblk1.genblk1.genblk1.genblk1.lut1.genblk1.genblk1.genblk1.genblk1.genblk1.genblk1.genblk1.genblk1.genblk1.lut1 (6 -> 5)
  Optimizing lut $abc$3170$auto$blifparse.cc:535:parse_blif$3263.genblk1.genblk1.genblk1.genblk1.genblk1.genblk1.genblk1.genblk1.genblk1.genblk1.lut1.genblk1.genblk1.genblk1.genblk1.genblk1.genblk1.genblk1.genblk1.genblk1.lut0 (6 -> 1)
  Optimizing lut $abc$3170$auto$blifparse.cc:535:parse_blif$3318.genblk1.genblk1.genblk1.genblk1.genblk1.genblk1.genblk1.genblk1.genblk1.genblk1.lut1.genblk1.genblk1.genblk1.genblk1.genblk1.genblk1.genblk1.genblk1.genblk1.lut1 (6 -> 5)
  Optimizing lut $abc$3170$auto$blifparse.cc:535:parse_blif$3324.genblk1.genblk1.genblk1.genblk1.genblk1.genblk1.genblk1.genblk1.genblk1.genblk1.lut1.genblk1.genblk1.genblk1.genblk1.genblk1.genblk1.genblk1.genblk1.genblk1.lut1 (6 -> 5)
  Optimizing lut $abc$3170$auto$blifparse.cc:535:parse_blif$3209.genblk1.genblk1.genblk1.genblk1.genblk1.genblk1.genblk1.genblk1.genblk1.lut0 (6 -> 0)
  Optimizing lut $abc$3170$auto$blifparse.cc:535:parse_blif$3246.genblk1.genblk1.genblk1.genblk1.genblk1.genblk1.genblk1.genblk1.genblk1.lut1 (6 -> 4)
  Optimizing lut $abc$3170$auto$blifparse.cc:535:parse_blif$3223.genblk1.genblk1.genblk1.genblk1.genblk1.genblk1.genblk1.genblk1.genblk1.genblk1.lut1.genblk1.genblk1.genblk1.genblk1.genblk1.genblk1.genblk1.genblk1.genblk1.lut1 (6 -> 1)
  Optimizing lut $abc$3170$auto$blifparse.cc:535:parse_blif$3322.genblk1.genblk1.genblk1.genblk1.genblk1.genblk1.genblk1.genblk1.genblk1.genblk1.lut1.genblk1.genblk1.genblk1.genblk1.genblk1.genblk1.genblk1.genblk1.genblk1.lut0 (6 -> 5)
  Optimizing lut $abc$3170$auto$blifparse.cc:535:parse_blif$3227.genblk1.genblk1.genblk1.genblk1.genblk1.genblk1.genblk1.genblk1.genblk1.lut0 (6 -> 5)
  Optimizing lut $abc$3170$auto$blifparse.cc:535:parse_blif$3253.genblk1.genblk1.genblk1.genblk1.genblk1.genblk1.genblk1.genblk1.genblk1.lut0 (6 -> 4)
  Optimizing lut $abc$3170$auto$blifparse.cc:535:parse_blif$3246.genblk1.genblk1.genblk1.genblk1.genblk1.genblk1.genblk1.genblk1.genblk1.lut0 (6 -> 4)
  Optimizing lut $abc$3170$auto$blifparse.cc:535:parse_blif$3208.genblk1.genblk1.genblk1.genblk1.genblk1.genblk1.genblk1.genblk1.genblk1.lut0 (6 -> 4)
  Optimizing lut $abc$3170$auto$blifparse.cc:535:parse_blif$3212.genblk1.genblk1.genblk1.genblk1.genblk1.genblk1.genblk1.genblk1.genblk1.lut0 (6 -> 0)
  Optimizing lut $abc$3170$auto$blifparse.cc:535:parse_blif$3251.genblk1.genblk1.genblk1.genblk1.genblk1.genblk1.genblk1.genblk1.genblk1.lut1 (6 -> 4)
  Optimizing lut $abc$3170$auto$blifparse.cc:535:parse_blif$3322.genblk1.genblk1.genblk1.genblk1.genblk1.genblk1.genblk1.genblk1.genblk1.genblk1.lut0.genblk1.genblk1.genblk1.genblk1.genblk1.genblk1.genblk1.genblk1.genblk1.lut0 (6 -> 1)
  Optimizing lut $abc$3170$auto$blifparse.cc:535:parse_blif$3249.genblk1.genblk1.genblk1.genblk1.genblk1.genblk1.genblk1.genblk1.genblk1.lut0 (6 -> 0)
  Optimizing lut $abc$3170$auto$blifparse.cc:535:parse_blif$3253.genblk1.genblk1.genblk1.genblk1.genblk1.genblk1.genblk1.genblk1.genblk1.lut1 (6 -> 4)
  Optimizing lut $abc$3170$auto$blifparse.cc:535:parse_blif$3251.genblk1.genblk1.genblk1.genblk1.genblk1.genblk1.genblk1.genblk1.genblk1.lut0 (6 -> 4)
  Optimizing lut $abc$3170$auto$blifparse.cc:535:parse_blif$3257.genblk1.genblk1.genblk1.genblk1.genblk1.genblk1.genblk1.genblk1.genblk1.lut0 (6 -> 0)
  Optimizing lut $abc$3170$auto$blifparse.cc:535:parse_blif$3267.genblk1.genblk1.genblk1.genblk1.genblk1.genblk1.genblk1.genblk1.genblk1.lut0 (6 -> 5)
  Optimizing lut $abc$3170$auto$blifparse.cc:535:parse_blif$3258.genblk1.genblk1.genblk1.genblk1.genblk1.genblk1.genblk1.genblk1.genblk1.lut1 (6 -> 4)
  Optimizing lut $abc$3170$auto$blifparse.cc:535:parse_blif$3218.genblk1.genblk1.genblk1.genblk1.genblk1.genblk1.genblk1.genblk1.genblk1.lut1 (6 -> 4)
  Optimizing lut $abc$3170$auto$blifparse.cc:535:parse_blif$3263.genblk1.genblk1.genblk1.genblk1.genblk1.genblk1.genblk1.genblk1.genblk1.genblk1.lut0.genblk1.genblk1.genblk1.genblk1.genblk1.genblk1.genblk1.genblk1.genblk1.lut1 (6 -> 3)
  Optimizing lut $abc$3170$auto$blifparse.cc:535:parse_blif$3218.genblk1.genblk1.genblk1.genblk1.genblk1.genblk1.genblk1.genblk1.genblk1.lut0 (6 -> 4)
  Optimizing lut $abc$3170$auto$blifparse.cc:535:parse_blif$3310.genblk1.genblk1.genblk1.genblk1.genblk1.genblk1.genblk1.genblk1.genblk1.genblk1.lut1.genblk1.genblk1.genblk1.genblk1.genblk1.genblk1.genblk1.genblk1.genblk1.lut0 (6 -> 2)
  Optimizing lut $abc$3170$auto$blifparse.cc:535:parse_blif$3320.genblk1.genblk1.genblk1.genblk1.genblk1.genblk1.genblk1.genblk1.genblk1.genblk1.lut1.genblk1.genblk1.genblk1.genblk1.genblk1.genblk1.genblk1.genblk1.genblk1.lut1 (6 -> 5)
  Optimizing lut $abc$3170$auto$blifparse.cc:535:parse_blif$3328.genblk1.genblk1.genblk1.genblk1.genblk1.genblk1.genblk1.genblk1.genblk1.genblk1.lut1.genblk1.genblk1.genblk1.genblk1.genblk1.genblk1.genblk1.genblk1.genblk1.lut1 (6 -> 5)
  Optimizing lut $abc$3170$auto$blifparse.cc:535:parse_blif$3323.genblk1.genblk1.genblk1.genblk1.genblk1.genblk1.genblk1.genblk1.genblk1.genblk1.lut1.genblk1.genblk1.genblk1.genblk1.genblk1.genblk1.genblk1.genblk1.genblk1.lut1 (6 -> 5)
  Optimizing lut $abc$3170$auto$blifparse.cc:535:parse_blif$3306.genblk1.genblk1.genblk1.genblk1.genblk1.genblk1.genblk1.genblk1.genblk1.genblk1.lut1.genblk1.genblk1.genblk1.genblk1.genblk1.genblk1.genblk1.genblk1.genblk1.lut1 (6 -> 5)
  Optimizing lut $abc$3170$auto$blifparse.cc:535:parse_blif$3301.genblk1.genblk1.genblk1.genblk1.genblk1.genblk1.genblk1.genblk1.genblk1.genblk1.lut0.genblk1.genblk1.genblk1.genblk1.genblk1.genblk1.genblk1.genblk1.genblk1.lut1 (6 -> 1)
  Optimizing lut $abc$3170$auto$blifparse.cc:535:parse_blif$3302.genblk1.genblk1.genblk1.genblk1.genblk1.genblk1.genblk1.genblk1.genblk1.genblk1.lut0.genblk1.genblk1.genblk1.genblk1.genblk1.genblk1.genblk1.genblk1.genblk1.lut1 (6 -> 1)
  Optimizing lut $abc$3170$auto$blifparse.cc:535:parse_blif$3303.genblk1.genblk1.genblk1.genblk1.genblk1.genblk1.genblk1.genblk1.genblk1.genblk1.lut0.genblk1.genblk1.genblk1.genblk1.genblk1.genblk1.genblk1.genblk1.genblk1.lut1 (6 -> 1)
  Optimizing lut $abc$3170$auto$blifparse.cc:535:parse_blif$3304.genblk1.genblk1.genblk1.genblk1.genblk1.genblk1.genblk1.genblk1.genblk1.genblk1.lut0.genblk1.genblk1.genblk1.genblk1.genblk1.genblk1.genblk1.genblk1.genblk1.lut1 (6 -> 1)
  Optimizing lut $abc$3170$auto$blifparse.cc:535:parse_blif$3305.genblk1.genblk1.genblk1.genblk1.genblk1.genblk1.genblk1.genblk1.genblk1.genblk1.lut0.genblk1.genblk1.genblk1.genblk1.genblk1.genblk1.genblk1.genblk1.genblk1.lut1 (6 -> 1)
  Optimizing lut $abc$3170$auto$blifparse.cc:535:parse_blif$3306.genblk1.genblk1.genblk1.genblk1.genblk1.genblk1.genblk1.genblk1.genblk1.genblk1.lut0.genblk1.genblk1.genblk1.genblk1.genblk1.genblk1.genblk1.genblk1.genblk1.lut1 (6 -> 1)
  Optimizing lut $abc$3170$auto$blifparse.cc:535:parse_blif$3307.genblk1.genblk1.genblk1.genblk1.genblk1.genblk1.genblk1.genblk1.genblk1.genblk1.lut0.genblk1.genblk1.genblk1.genblk1.genblk1.genblk1.genblk1.genblk1.genblk1.lut1 (6 -> 1)
  Optimizing lut $abc$3170$auto$blifparse.cc:535:parse_blif$3308.genblk1.genblk1.genblk1.genblk1.genblk1.genblk1.genblk1.genblk1.genblk1.genblk1.lut0.genblk1.genblk1.genblk1.genblk1.genblk1.genblk1.genblk1.genblk1.genblk1.lut1 (6 -> 1)
  Optimizing lut $abc$3170$auto$blifparse.cc:535:parse_blif$3309.genblk1.genblk1.genblk1.genblk1.genblk1.genblk1.genblk1.genblk1.genblk1.genblk1.lut0.genblk1.genblk1.genblk1.genblk1.genblk1.genblk1.genblk1.genblk1.genblk1.lut1 (6 -> 5)
  Optimizing lut $abc$3170$auto$blifparse.cc:535:parse_blif$3310.genblk1.genblk1.genblk1.genblk1.genblk1.genblk1.genblk1.genblk1.genblk1.genblk1.lut0.genblk1.genblk1.genblk1.genblk1.genblk1.genblk1.genblk1.genblk1.genblk1.lut1 (6 -> 5)
  Optimizing lut $abc$3170$auto$blifparse.cc:535:parse_blif$3311.genblk1.genblk1.genblk1.genblk1.genblk1.genblk1.genblk1.genblk1.genblk1.genblk1.lut0.genblk1.genblk1.genblk1.genblk1.genblk1.genblk1.genblk1.genblk1.genblk1.lut1 (6 -> 5)
  Optimizing lut $abc$3170$auto$blifparse.cc:535:parse_blif$3319.genblk1.genblk1.genblk1.genblk1.genblk1.genblk1.genblk1.genblk1.genblk1.genblk1.lut1.genblk1.genblk1.genblk1.genblk1.genblk1.genblk1.genblk1.genblk1.genblk1.lut1 (6 -> 5)
  Optimizing lut $abc$3170$auto$blifparse.cc:535:parse_blif$3317.genblk1.genblk1.genblk1.genblk1.genblk1.genblk1.genblk1.genblk1.genblk1.genblk1.lut0.genblk1.genblk1.genblk1.genblk1.genblk1.genblk1.genblk1.genblk1.genblk1.lut1 (6 -> 1)
  Optimizing lut $abc$3170$auto$blifparse.cc:535:parse_blif$3318.genblk1.genblk1.genblk1.genblk1.genblk1.genblk1.genblk1.genblk1.genblk1.genblk1.lut0.genblk1.genblk1.genblk1.genblk1.genblk1.genblk1.genblk1.genblk1.genblk1.lut1 (6 -> 1)
  Optimizing lut $abc$3170$auto$blifparse.cc:535:parse_blif$3319.genblk1.genblk1.genblk1.genblk1.genblk1.genblk1.genblk1.genblk1.genblk1.genblk1.lut0.genblk1.genblk1.genblk1.genblk1.genblk1.genblk1.genblk1.genblk1.genblk1.lut1 (6 -> 1)
  Optimizing lut $abc$3170$auto$blifparse.cc:535:parse_blif$3320.genblk1.genblk1.genblk1.genblk1.genblk1.genblk1.genblk1.genblk1.genblk1.genblk1.lut0.genblk1.genblk1.genblk1.genblk1.genblk1.genblk1.genblk1.genblk1.genblk1.lut1 (6 -> 1)
  Optimizing lut $abc$3170$auto$blifparse.cc:535:parse_blif$3321.genblk1.genblk1.genblk1.genblk1.genblk1.genblk1.genblk1.genblk1.genblk1.genblk1.lut0.genblk1.genblk1.genblk1.genblk1.genblk1.genblk1.genblk1.genblk1.genblk1.lut1 (6 -> 1)
  Optimizing lut $abc$3170$auto$blifparse.cc:535:parse_blif$3322.genblk1.genblk1.genblk1.genblk1.genblk1.genblk1.genblk1.genblk1.genblk1.genblk1.lut0.genblk1.genblk1.genblk1.genblk1.genblk1.genblk1.genblk1.genblk1.genblk1.lut1 (6 -> 1)
  Optimizing lut $abc$3170$auto$blifparse.cc:535:parse_blif$3323.genblk1.genblk1.genblk1.genblk1.genblk1.genblk1.genblk1.genblk1.genblk1.genblk1.lut0.genblk1.genblk1.genblk1.genblk1.genblk1.genblk1.genblk1.genblk1.genblk1.lut1 (6 -> 1)
  Optimizing lut $abc$3170$auto$blifparse.cc:535:parse_blif$3324.genblk1.genblk1.genblk1.genblk1.genblk1.genblk1.genblk1.genblk1.genblk1.genblk1.lut0.genblk1.genblk1.genblk1.genblk1.genblk1.genblk1.genblk1.genblk1.genblk1.lut1 (6 -> 1)
  Optimizing lut $abc$3170$auto$blifparse.cc:535:parse_blif$3325.genblk1.genblk1.genblk1.genblk1.genblk1.genblk1.genblk1.genblk1.genblk1.genblk1.lut0.genblk1.genblk1.genblk1.genblk1.genblk1.genblk1.genblk1.genblk1.genblk1.lut1 (6 -> 5)
  Optimizing lut $abc$3170$auto$blifparse.cc:535:parse_blif$3326.genblk1.genblk1.genblk1.genblk1.genblk1.genblk1.genblk1.genblk1.genblk1.genblk1.lut0.genblk1.genblk1.genblk1.genblk1.genblk1.genblk1.genblk1.genblk1.genblk1.lut1 (6 -> 1)
  Optimizing lut $abc$3170$auto$blifparse.cc:535:parse_blif$3328.genblk1.genblk1.genblk1.genblk1.genblk1.genblk1.genblk1.genblk1.genblk1.genblk1.lut0.genblk1.genblk1.genblk1.genblk1.genblk1.genblk1.genblk1.genblk1.genblk1.lut1 (6 -> 1)
  Optimizing lut $abc$3170$auto$blifparse.cc:535:parse_blif$3252.genblk1.genblk1.genblk1.genblk1.genblk1.genblk1.genblk1.genblk1.genblk1.lut0 (6 -> 0)
  Optimizing lut $abc$3170$auto$blifparse.cc:535:parse_blif$3322.genblk1.genblk1.genblk1.genblk1.genblk1.genblk1.genblk1.genblk1.genblk1.genblk1.lut1.genblk1.genblk1.genblk1.genblk1.genblk1.genblk1.genblk1.genblk1.genblk1.lut1 (6 -> 5)
  Optimizing lut $abc$3170$auto$blifparse.cc:535:parse_blif$3248.genblk1.genblk1.genblk1.genblk1.genblk1.genblk1.genblk1.genblk1.genblk1.lut0 (6 -> 4)
  Optimizing lut $abc$3170$auto$blifparse.cc:535:parse_blif$3247.genblk1.genblk1.genblk1.genblk1.genblk1.genblk1.genblk1.genblk1.genblk1.lut0 (6 -> 0)
Optimizing LUTs in cordic_atan_rom.
Optimizing LUTs in cordic_fsm.

4.47. Executing CLKBUFMAP pass (inserting clock buffers).
Inserting BUFG on cordic.$iopadmap$clk[0].
Removed 26 unused cells and 1468 unused wires.

4.48. Executing HIERARCHY pass (managing design hierarchy).
Attribute `top' found on module `cordic'. Setting top module to cordic.

4.48.1. Analyzing design hierarchy..
Top module:  \cordic
Used module:     \cordic_atan_rom
Used module:     \cordic_fsm

4.48.2. Analyzing design hierarchy..
Top module:  \cordic
Used module:     \cordic_atan_rom
Used module:     \cordic_fsm
Removed 0 unused modules.

4.49. Printing statistics.

=== cordic ===

   Number of wires:                299
   Number of wire bits:            944
   Number of public wires:          21
   Number of public wire bits:     189
   Number of ports:                  9
   Number of port bits:             69
   Number of memories:               0
   Number of memory bits:            0
   Number of processes:              0
   Number of cells:                563
     BUFG                            1
     CARRY4                         26
     FDRE                          100
     IBUF                           19
     INV                            21
     LUT1                           40
     LUT2                           12
     LUT3                           11
     LUT4                           64
     LUT5                           84
     LUT6                           39
     MUXF7                          70
     MUXF8                          24
     OBUF                           50
     cordic_atan_rom                 1
     cordic_fsm                      1

   Estimated number of LCs:        198

=== cordic_atan_rom ===

   Number of wires:                  2
   Number of wire bits:             20
   Number of public wires:           2
   Number of public wire bits:      20
   Number of ports:                  2
   Number of port bits:             20
   Number of memories:               0
   Number of memory bits:            0
   Number of processes:              0
   Number of cells:                 14
     LUT3                            1
     LUT4                           13

   Estimated number of LCs:         14

=== cordic_fsm ===

   Number of wires:                 13
   Number of wire bits:             15
   Number of public wires:          10
   Number of public wire bits:      12
   Number of ports:                  9
   Number of port bits:              9
   Number of memories:               0
   Number of memory bits:            0
   Number of processes:              0
   Number of cells:                  8
     FDRE                            3
     LUT2                            2
     LUT3                            1
     LUT4                            1
     LUT5                            1

   Estimated number of LCs:          3

=== design hierarchy ===

   cordic                            1
     cordic_atan_rom                 1
     cordic_fsm                      1

   Number of wires:                314
   Number of wire bits:            979
   Number of public wires:          33
   Number of public wire bits:     221
   Number of ports:                 20
   Number of port bits:             98
   Number of memories:               0
   Number of memory bits:            0
   Number of processes:              0
   Number of cells:                583
     BUFG                            1
     CARRY4                         26
     FDRE                          103
     IBUF                           19
     INV                            21
     LUT1                           40
     LUT2                           14
     LUT3                           13
     LUT4                           78
     LUT5                           85
     LUT6                           39
     MUXF7                          70
     MUXF8                          24
     OBUF                           50

   Estimated number of LCs:        215

4.50. Executing CHECK pass (checking for obvious problems).
Checking module cordic...
Checking module cordic_atan_rom...
Checking module cordic_fsm...
Found and reported 0 problems.

5. Printing statistics.

=== cordic ===

   Number of wires:                299
   Number of wire bits:            944
   Number of public wires:          21
   Number of public wire bits:     189
   Number of ports:                  9
   Number of port bits:             69
   Number of memories:               0
   Number of memory bits:            0
   Number of processes:              0
   Number of cells:                563
     BUFG                            1
     CARRY4                         26
     FDRE                          100
     IBUF                           19
     INV                            21
     LUT1                           40
     LUT2                           12
     LUT3                           11
     LUT4                           64
     LUT5                           84
     LUT6                           39
     MUXF7                          70
     MUXF8                          24
     OBUF                           50
     cordic_atan_rom                 1
     cordic_fsm                      1

=== cordic_atan_rom ===

   Number of wires:                  2
   Number of wire bits:             20
   Number of public wires:           2
   Number of public wire bits:      20
   Number of ports:                  2
   Number of port bits:             20
   Number of memories:               0
   Number of memory bits:            0
   Number of processes:              0
   Number of cells:                 14
     LUT3                            1
     LUT4                           13

=== cordic_fsm ===

   Number of wires:                 13
   Number of wire bits:             15
   Number of public wires:          10
   Number of public wire bits:      12
   Number of ports:                  9
   Number of port bits:              9
   Number of memories:               0
   Number of memory bits:            0
   Number of processes:              0
   Number of cells:                  8
     FDRE                            3
     LUT2                            2
     LUT3                            1
     LUT4                            1
     LUT5                            1

=== design hierarchy ===

   cordic                            1
     cordic_atan_rom                 1
     cordic_fsm                      1

   Number of wires:                314
   Number of wire bits:            979
   Number of public wires:          33
   Number of public wire bits:     221
   Number of ports:                 20
   Number of port bits:             98
   Number of memories:               0
   Number of memory bits:            0
   Number of processes:              0
   Number of cells:                583
     BUFG                            1
     CARRY4                         26
     FDRE                          103
     IBUF                           19
     INV                            21
     LUT1                           40
     LUT2                           14
     LUT3                           13
     LUT4                           78
     LUT5                           85
     LUT6                           39
     MUXF7                          70
     MUXF8                          24
     OBUF                           50

End of script. Logfile hash: 10cdfdfd25, CPU: user 3.79s system 0.11s, MEM: 126.07 MB peak
Yosys 0.52 (git sha1 fee39a3284c90249e1d9684cf6944ffbbcbb8f90)
Time spent: 50% 21x read_verilog (2 sec), 9% 18x opt_clean (0 sec), ...
