
 /----------------------------------------------------------------------------\
 |  yosys -- Yosys Open SYnthesis Suite                                       |
 |  Copyright (C) 2012 - 2025  Claire Xenia Wolf <claire@yosyshq.com>         |
 |  Distributed under an ISC-like license, type "license" to see terms        |
 \----------------------------------------------------------------------------/
 Yosys 0.52 (git sha1 fee39a3284c90249e1d9684cf6944ffbbcbb8f90)

-- Running command `read_verilog -sv cordic_stage.sv cordic_pipeline.sv; synth_xilinx -family xc7 -top cordic_pipeline; stat' --

1. Executing Verilog-2005 frontend: cordic_stage.sv
Parsing SystemVerilog input from `cordic_stage.sv' to AST representation.
Generating RTLIL representation for module `\cordic_stage'.
Successfully finished Verilog frontend.

2. Executing Verilog-2005 frontend: cordic_pipeline.sv
Parsing SystemVerilog input from `cordic_pipeline.sv' to AST representation.
Generating RTLIL representation for module `\cordic_pipeline'.
Warning: Replacing memory \valid_pipe with list of registers. See cordic_pipeline.sv:26
Warning: Replacing memory \z_pipe with list of registers. See cordic_pipeline.sv:25
Warning: Replacing memory \y_pipe with list of registers. See cordic_pipeline.sv:24
Warning: Replacing memory \x_pipe with list of registers. See cordic_pipeline.sv:23
Successfully finished Verilog frontend.

3. Executing SYNTH_XILINX pass.

3.1. Executing Verilog-2005 frontend: /usr/bin/../share/yosys/xilinx/cells_sim.v
Parsing Verilog input from `/usr/bin/../share/yosys/xilinx/cells_sim.v' to AST representation.
Generating RTLIL representation for module `\VCC'.
Generating RTLIL representation for module `\GND'.
Generating RTLIL representation for module `\IBUF'.
Generating RTLIL representation for module `\IBUFG'.
Generating RTLIL representation for module `\OBUF'.
Generating RTLIL representation for module `\IOBUF'.
Generating RTLIL representation for module `\OBUFT'.
Generating RTLIL representation for module `\BUFG'.
Generating RTLIL representation for module `\BUFGCTRL'.
Generating RTLIL representation for module `\BUFHCE'.
Generating RTLIL representation for module `\INV'.
Generating RTLIL representation for module `\LUT1'.
Generating RTLIL representation for module `\LUT2'.
Generating RTLIL representation for module `\LUT3'.
Generating RTLIL representation for module `\LUT4'.
Generating RTLIL representation for module `\LUT5'.
Generating RTLIL representation for module `\LUT6'.
Generating RTLIL representation for module `\LUT6_2'.
Generating RTLIL representation for module `\$__ABC9_LUT7'.
Generating RTLIL representation for module `\$__ABC9_LUT8'.
Generating RTLIL representation for module `\MUXCY'.
Generating RTLIL representation for module `\MUXF5'.
Generating RTLIL representation for module `\MUXF6'.
Generating RTLIL representation for module `\MUXF7'.
Generating RTLIL representation for module `\MUXF8'.
Generating RTLIL representation for module `\MUXF9'.
Generating RTLIL representation for module `\XORCY'.
Generating RTLIL representation for module `\CARRY4'.
Generating RTLIL representation for module `\CARRY8'.
Generating RTLIL representation for module `\ORCY'.
Generating RTLIL representation for module `\MULT_AND'.
Generating RTLIL representation for module `\FDRE'.
Generating RTLIL representation for module `\FDRE_1'.
Generating RTLIL representation for module `\FDSE'.
Generating RTLIL representation for module `\FDSE_1'.
Generating RTLIL representation for module `\FDRSE'.
Generating RTLIL representation for module `\FDRSE_1'.
Generating RTLIL representation for module `\FDCE'.
Generating RTLIL representation for module `\FDCE_1'.
Generating RTLIL representation for module `\FDPE'.
Generating RTLIL representation for module `\FDPE_1'.
Generating RTLIL representation for module `\FDCPE'.
Generating RTLIL representation for module `\FDCPE_1'.
Generating RTLIL representation for module `\LDCE'.
Generating RTLIL representation for module `\LDPE'.
Generating RTLIL representation for module `\LDCPE'.
Generating RTLIL representation for module `\AND2B1L'.
Generating RTLIL representation for module `\OR2L'.
Generating RTLIL representation for module `\RAM16X1S'.
Generating RTLIL representation for module `\RAM16X1S_1'.
Generating RTLIL representation for module `\RAM32X1S'.
Generating RTLIL representation for module `\RAM32X1S_1'.
Generating RTLIL representation for module `\RAM64X1S'.
Generating RTLIL representation for module `\RAM64X1S_1'.
Generating RTLIL representation for module `\RAM128X1S'.
Generating RTLIL representation for module `\RAM128X1S_1'.
Generating RTLIL representation for module `\RAM256X1S'.
Generating RTLIL representation for module `\RAM512X1S'.
Generating RTLIL representation for module `\RAM16X2S'.
Generating RTLIL representation for module `\RAM32X2S'.
Generating RTLIL representation for module `\RAM64X2S'.
Generating RTLIL representation for module `\RAM16X4S'.
Generating RTLIL representation for module `\RAM32X4S'.
Generating RTLIL representation for module `\RAM16X8S'.
Generating RTLIL representation for module `\RAM32X8S'.
Generating RTLIL representation for module `\RAM16X1D'.
Generating RTLIL representation for module `\RAM16X1D_1'.
Generating RTLIL representation for module `\RAM32X1D'.
Generating RTLIL representation for module `\RAM32X1D_1'.
Generating RTLIL representation for module `\RAM64X1D'.
Generating RTLIL representation for module `\RAM64X1D_1'.
Generating RTLIL representation for module `\RAM128X1D'.
Generating RTLIL representation for module `\RAM256X1D'.
Generating RTLIL representation for module `\RAM32M'.
Generating RTLIL representation for module `\RAM32M16'.
Generating RTLIL representation for module `\RAM64M'.
Generating RTLIL representation for module `\RAM64M8'.
Generating RTLIL representation for module `\RAM32X16DR8'.
Generating RTLIL representation for module `\RAM64X8SW'.
Generating RTLIL representation for module `\ROM16X1'.
Generating RTLIL representation for module `\ROM32X1'.
Generating RTLIL representation for module `\ROM64X1'.
Generating RTLIL representation for module `\ROM128X1'.
Generating RTLIL representation for module `\ROM256X1'.
Generating RTLIL representation for module `\SRL16'.
Generating RTLIL representation for module `\SRL16E'.
Generating RTLIL representation for module `\SRLC16'.
Generating RTLIL representation for module `\SRLC16E'.
Generating RTLIL representation for module `\SRLC32E'.
Generating RTLIL representation for module `\CFGLUT5'.
Generating RTLIL representation for module `\MULT18X18'.
Generating RTLIL representation for module `\MULT18X18S'.
Generating RTLIL representation for module `\MULT18X18SIO'.
Generating RTLIL representation for module `\DSP48A'.
Generating RTLIL representation for module `\DSP48A1'.
Generating RTLIL representation for module `\DSP48'.
Generating RTLIL representation for module `\DSP48E1'.
Generating RTLIL representation for module `\RAMB18E1'.
Generating RTLIL representation for module `\RAMB36E1'.
Successfully finished Verilog frontend.

3.2. Executing Verilog-2005 frontend: /usr/bin/../share/yosys/xilinx/cells_xtra.v
Parsing Verilog input from `/usr/bin/../share/yosys/xilinx/cells_xtra.v' to AST representation.
Generating RTLIL representation for module `\RAMB4_S1'.
Generating RTLIL representation for module `\RAMB4_S2'.
Generating RTLIL representation for module `\RAMB4_S4'.
Generating RTLIL representation for module `\RAMB4_S8'.
Generating RTLIL representation for module `\RAMB4_S16'.
Generating RTLIL representation for module `\RAMB4_S1_S1'.
Generating RTLIL representation for module `\RAMB4_S1_S2'.
Generating RTLIL representation for module `\RAMB4_S1_S4'.
Generating RTLIL representation for module `\RAMB4_S1_S8'.
Generating RTLIL representation for module `\RAMB4_S1_S16'.
Generating RTLIL representation for module `\RAMB4_S2_S2'.
Generating RTLIL representation for module `\RAMB4_S2_S4'.
Generating RTLIL representation for module `\RAMB4_S2_S8'.
Generating RTLIL representation for module `\RAMB4_S2_S16'.
Generating RTLIL representation for module `\RAMB4_S4_S4'.
Generating RTLIL representation for module `\RAMB4_S4_S8'.
Generating RTLIL representation for module `\RAMB4_S4_S16'.
Generating RTLIL representation for module `\RAMB4_S8_S8'.
Generating RTLIL representation for module `\RAMB4_S8_S16'.
Generating RTLIL representation for module `\RAMB4_S16_S16'.
Generating RTLIL representation for module `\RAMB16_S1'.
Generating RTLIL representation for module `\RAMB16_S2'.
Generating RTLIL representation for module `\RAMB16_S4'.
Generating RTLIL representation for module `\RAMB16_S9'.
Generating RTLIL representation for module `\RAMB16_S18'.
Generating RTLIL representation for module `\RAMB16_S36'.
Generating RTLIL representation for module `\RAMB16_S1_S1'.
Generating RTLIL representation for module `\RAMB16_S1_S2'.
Generating RTLIL representation for module `\RAMB16_S1_S4'.
Generating RTLIL representation for module `\RAMB16_S1_S9'.
Generating RTLIL representation for module `\RAMB16_S1_S18'.
Generating RTLIL representation for module `\RAMB16_S1_S36'.
Generating RTLIL representation for module `\RAMB16_S2_S2'.
Generating RTLIL representation for module `\RAMB16_S2_S4'.
Generating RTLIL representation for module `\RAMB16_S2_S9'.
Generating RTLIL representation for module `\RAMB16_S2_S18'.
Generating RTLIL representation for module `\RAMB16_S2_S36'.
Generating RTLIL representation for module `\RAMB16_S4_S4'.
Generating RTLIL representation for module `\RAMB16_S4_S9'.
Generating RTLIL representation for module `\RAMB16_S4_S18'.
Generating RTLIL representation for module `\RAMB16_S4_S36'.
Generating RTLIL representation for module `\RAMB16_S9_S9'.
Generating RTLIL representation for module `\RAMB16_S9_S18'.
Generating RTLIL representation for module `\RAMB16_S9_S36'.
Generating RTLIL representation for module `\RAMB16_S18_S18'.
Generating RTLIL representation for module `\RAMB16_S18_S36'.
Generating RTLIL representation for module `\RAMB16_S36_S36'.
Generating RTLIL representation for module `\RAMB16BWE_S18'.
Generating RTLIL representation for module `\RAMB16BWE_S36'.
Generating RTLIL representation for module `\RAMB16BWE_S18_S9'.
Generating RTLIL representation for module `\RAMB16BWE_S18_S18'.
Generating RTLIL representation for module `\RAMB16BWE_S36_S9'.
Generating RTLIL representation for module `\RAMB16BWE_S36_S18'.
Generating RTLIL representation for module `\RAMB16BWE_S36_S36'.
Generating RTLIL representation for module `\RAMB16BWER'.
Generating RTLIL representation for module `\RAMB8BWER'.
Generating RTLIL representation for module `\FIFO16'.
Generating RTLIL representation for module `\RAMB16'.
Generating RTLIL representation for module `\RAMB32_S64_ECC'.
Generating RTLIL representation for module `\FIFO18'.
Generating RTLIL representation for module `\FIFO18_36'.
Generating RTLIL representation for module `\FIFO36'.
Generating RTLIL representation for module `\FIFO36_72'.
Generating RTLIL representation for module `\RAMB18'.
Generating RTLIL representation for module `\RAMB36'.
Generating RTLIL representation for module `\RAMB18SDP'.
Generating RTLIL representation for module `\RAMB36SDP'.
Generating RTLIL representation for module `\FIFO18E1'.
Generating RTLIL representation for module `\FIFO36E1'.
Generating RTLIL representation for module `\FIFO18E2'.
Generating RTLIL representation for module `\FIFO36E2'.
Generating RTLIL representation for module `\RAMB18E2'.
Generating RTLIL representation for module `\RAMB36E2'.
Generating RTLIL representation for module `\URAM288'.
Generating RTLIL representation for module `\URAM288_BASE'.
Generating RTLIL representation for module `\DSP48E'.
Generating RTLIL representation for module `\DSP48E2'.
Generating RTLIL representation for module `\FDDRCPE'.
Generating RTLIL representation for module `\FDDRRSE'.
Generating RTLIL representation for module `\IFDDRCPE'.
Generating RTLIL representation for module `\IFDDRRSE'.
Generating RTLIL representation for module `\OFDDRCPE'.
Generating RTLIL representation for module `\OFDDRRSE'.
Generating RTLIL representation for module `\OFDDRTCPE'.
Generating RTLIL representation for module `\OFDDRTRSE'.
Generating RTLIL representation for module `\IDDR2'.
Generating RTLIL representation for module `\ODDR2'.
Generating RTLIL representation for module `\IDDR'.
Generating RTLIL representation for module `\IDDR_2CLK'.
Generating RTLIL representation for module `\ODDR'.
Generating RTLIL representation for module `\IDELAYCTRL'.
Generating RTLIL representation for module `\IDELAY'.
Generating RTLIL representation for module `\ISERDES'.
Generating RTLIL representation for module `\OSERDES'.
Generating RTLIL representation for module `\IODELAY'.
Generating RTLIL representation for module `\ISERDES_NODELAY'.
Generating RTLIL representation for module `\IODELAYE1'.
Generating RTLIL representation for module `\ISERDESE1'.
Generating RTLIL representation for module `\OSERDESE1'.
Generating RTLIL representation for module `\IDELAYE2'.
Generating RTLIL representation for module `\ODELAYE2'.
Generating RTLIL representation for module `\ISERDESE2'.
Generating RTLIL representation for module `\OSERDESE2'.
Generating RTLIL representation for module `\PHASER_IN'.
Generating RTLIL representation for module `\PHASER_IN_PHY'.
Generating RTLIL representation for module `\PHASER_OUT'.
Generating RTLIL representation for module `\PHASER_OUT_PHY'.
Generating RTLIL representation for module `\PHASER_REF'.
Generating RTLIL representation for module `\PHY_CONTROL'.
Generating RTLIL representation for module `\IDDRE1'.
Generating RTLIL representation for module `\ODDRE1'.
Generating RTLIL representation for module `\IDELAYE3'.
Generating RTLIL representation for module `\ODELAYE3'.
Generating RTLIL representation for module `\ISERDESE3'.
Generating RTLIL representation for module `\OSERDESE3'.
Generating RTLIL representation for module `\BITSLICE_CONTROL'.
Generating RTLIL representation for module `\RIU_OR'.
Generating RTLIL representation for module `\RX_BITSLICE'.
Generating RTLIL representation for module `\RXTX_BITSLICE'.
Generating RTLIL representation for module `\TX_BITSLICE'.
Generating RTLIL representation for module `\TX_BITSLICE_TRI'.
Generating RTLIL representation for module `\IODELAY2'.
Generating RTLIL representation for module `\IODRP2'.
Generating RTLIL representation for module `\IODRP2_MCB'.
Generating RTLIL representation for module `\ISERDES2'.
Generating RTLIL representation for module `\OSERDES2'.
Generating RTLIL representation for module `\IBUF_DLY_ADJ'.
Generating RTLIL representation for module `\IBUF_IBUFDISABLE'.
Generating RTLIL representation for module `\IBUF_INTERMDISABLE'.
Generating RTLIL representation for module `\IBUF_ANALOG'.
Generating RTLIL representation for module `\IBUFE3'.
Generating RTLIL representation for module `\IBUFDS'.
Generating RTLIL representation for module `\IBUFDS_DLY_ADJ'.
Generating RTLIL representation for module `\IBUFDS_IBUFDISABLE'.
Generating RTLIL representation for module `\IBUFDS_INTERMDISABLE'.
Generating RTLIL representation for module `\IBUFDS_DIFF_OUT'.
Generating RTLIL representation for module `\IBUFDS_DIFF_OUT_IBUFDISABLE'.
Generating RTLIL representation for module `\IBUFDS_DIFF_OUT_INTERMDISABLE'.
Generating RTLIL representation for module `\IBUFDSE3'.
Generating RTLIL representation for module `\IBUFDS_DPHY'.
Generating RTLIL representation for module `\IBUFGDS'.
Generating RTLIL representation for module `\IBUFGDS_DIFF_OUT'.
Generating RTLIL representation for module `\IOBUF_DCIEN'.
Generating RTLIL representation for module `\IOBUF_INTERMDISABLE'.
Generating RTLIL representation for module `\IOBUFE3'.
Generating RTLIL representation for module `\IOBUFDS'.
Generating RTLIL representation for module `\IOBUFDS_DCIEN'.
Generating RTLIL representation for module `\IOBUFDS_INTERMDISABLE'.
Generating RTLIL representation for module `\IOBUFDS_DIFF_OUT'.
Generating RTLIL representation for module `\IOBUFDS_DIFF_OUT_DCIEN'.
Generating RTLIL representation for module `\IOBUFDS_DIFF_OUT_INTERMDISABLE'.
Generating RTLIL representation for module `\IOBUFDSE3'.
Generating RTLIL representation for module `\OBUFDS'.
Generating RTLIL representation for module `\OBUFDS_DPHY'.
Generating RTLIL representation for module `\OBUFTDS'.
Generating RTLIL representation for module `\KEEPER'.
Generating RTLIL representation for module `\PULLDOWN'.
Generating RTLIL representation for module `\PULLUP'.
Generating RTLIL representation for module `\DCIRESET'.
Generating RTLIL representation for module `\HPIO_VREF'.
Generating RTLIL representation for module `\BUFGCE'.
Generating RTLIL representation for module `\BUFGCE_1'.
Generating RTLIL representation for module `\BUFGMUX'.
Generating RTLIL representation for module `\BUFGMUX_1'.
Generating RTLIL representation for module `\BUFGMUX_CTRL'.
Generating RTLIL representation for module `\BUFGMUX_VIRTEX4'.
Generating RTLIL representation for module `\BUFG_GT'.
Generating RTLIL representation for module `\BUFG_GT_SYNC'.
Generating RTLIL representation for module `\BUFG_PS'.
Generating RTLIL representation for module `\BUFGCE_DIV'.
Generating RTLIL representation for module `\BUFH'.
Generating RTLIL representation for module `\BUFIO2'.
Generating RTLIL representation for module `\BUFIO2_2CLK'.
Generating RTLIL representation for module `\BUFIO2FB'.
Generating RTLIL representation for module `\BUFPLL'.
Generating RTLIL representation for module `\BUFPLL_MCB'.
Generating RTLIL representation for module `\BUFIO'.
Generating RTLIL representation for module `\BUFIODQS'.
Generating RTLIL representation for module `\BUFR'.
Generating RTLIL representation for module `\BUFMR'.
Generating RTLIL representation for module `\BUFMRCE'.
Generating RTLIL representation for module `\DCM'.
Generating RTLIL representation for module `\DCM_SP'.
Generating RTLIL representation for module `\DCM_CLKGEN'.
Generating RTLIL representation for module `\DCM_ADV'.
Generating RTLIL representation for module `\DCM_BASE'.
Generating RTLIL representation for module `\DCM_PS'.
Generating RTLIL representation for module `\PMCD'.
Generating RTLIL representation for module `\PLL_ADV'.
Generating RTLIL representation for module `\PLL_BASE'.
Generating RTLIL representation for module `\MMCM_ADV'.
Generating RTLIL representation for module `\MMCM_BASE'.
Generating RTLIL representation for module `\MMCME2_ADV'.
Generating RTLIL representation for module `\MMCME2_BASE'.
Generating RTLIL representation for module `\PLLE2_ADV'.
Generating RTLIL representation for module `\PLLE2_BASE'.
Generating RTLIL representation for module `\MMCME3_ADV'.
Generating RTLIL representation for module `\MMCME3_BASE'.
Generating RTLIL representation for module `\PLLE3_ADV'.
Generating RTLIL representation for module `\PLLE3_BASE'.
Generating RTLIL representation for module `\MMCME4_ADV'.
Generating RTLIL representation for module `\MMCME4_BASE'.
Generating RTLIL representation for module `\PLLE4_ADV'.
Generating RTLIL representation for module `\PLLE4_BASE'.
Generating RTLIL representation for module `\BUFT'.
Generating RTLIL representation for module `\IN_FIFO'.
Generating RTLIL representation for module `\OUT_FIFO'.
Generating RTLIL representation for module `\HARD_SYNC'.
Generating RTLIL representation for module `\STARTUP_SPARTAN3'.
Generating RTLIL representation for module `\STARTUP_SPARTAN3E'.
Generating RTLIL representation for module `\STARTUP_SPARTAN3A'.
Generating RTLIL representation for module `\STARTUP_SPARTAN6'.
Generating RTLIL representation for module `\STARTUP_VIRTEX4'.
Generating RTLIL representation for module `\STARTUP_VIRTEX5'.
Generating RTLIL representation for module `\STARTUP_VIRTEX6'.
Generating RTLIL representation for module `\STARTUPE2'.
Generating RTLIL representation for module `\STARTUPE3'.
Generating RTLIL representation for module `\CAPTURE_SPARTAN3'.
Generating RTLIL representation for module `\CAPTURE_SPARTAN3A'.
Generating RTLIL representation for module `\CAPTURE_VIRTEX4'.
Generating RTLIL representation for module `\CAPTURE_VIRTEX5'.
Generating RTLIL representation for module `\CAPTURE_VIRTEX6'.
Generating RTLIL representation for module `\CAPTUREE2'.
Generating RTLIL representation for module `\ICAP_SPARTAN3A'.
Generating RTLIL representation for module `\ICAP_SPARTAN6'.
Generating RTLIL representation for module `\ICAP_VIRTEX4'.
Generating RTLIL representation for module `\ICAP_VIRTEX5'.
Generating RTLIL representation for module `\ICAP_VIRTEX6'.
Generating RTLIL representation for module `\ICAPE2'.
Generating RTLIL representation for module `\ICAPE3'.
Generating RTLIL representation for module `\BSCAN_SPARTAN3'.
Generating RTLIL representation for module `\BSCAN_SPARTAN3A'.
Generating RTLIL representation for module `\BSCAN_SPARTAN6'.
Generating RTLIL representation for module `\BSCAN_VIRTEX4'.
Generating RTLIL representation for module `\BSCAN_VIRTEX5'.
Generating RTLIL representation for module `\BSCAN_VIRTEX6'.
Generating RTLIL representation for module `\BSCANE2'.
Generating RTLIL representation for module `\DNA_PORT'.
Generating RTLIL representation for module `\DNA_PORTE2'.
Generating RTLIL representation for module `\FRAME_ECC_VIRTEX4'.
Generating RTLIL representation for module `\FRAME_ECC_VIRTEX5'.
Generating RTLIL representation for module `\FRAME_ECC_VIRTEX6'.
Generating RTLIL representation for module `\FRAME_ECCE2'.
Generating RTLIL representation for module `\FRAME_ECCE3'.
Generating RTLIL representation for module `\FRAME_ECCE4'.
Generating RTLIL representation for module `\USR_ACCESS_VIRTEX4'.
Generating RTLIL representation for module `\USR_ACCESS_VIRTEX5'.
Generating RTLIL representation for module `\USR_ACCESS_VIRTEX6'.
Generating RTLIL representation for module `\USR_ACCESSE2'.
Generating RTLIL representation for module `\POST_CRC_INTERNAL'.
Generating RTLIL representation for module `\SUSPEND_SYNC'.
Generating RTLIL representation for module `\KEY_CLEAR'.
Generating RTLIL representation for module `\MASTER_JTAG'.
Generating RTLIL representation for module `\SPI_ACCESS'.
Generating RTLIL representation for module `\EFUSE_USR'.
Generating RTLIL representation for module `\SYSMON'.
Generating RTLIL representation for module `\XADC'.
Generating RTLIL representation for module `\SYSMONE1'.
Generating RTLIL representation for module `\SYSMONE4'.
Generating RTLIL representation for module `\GTPA1_DUAL'.
Generating RTLIL representation for module `\GT11_CUSTOM'.
Generating RTLIL representation for module `\GT11_DUAL'.
Generating RTLIL representation for module `\GT11CLK'.
Generating RTLIL representation for module `\GT11CLK_MGT'.
Generating RTLIL representation for module `\GTP_DUAL'.
Generating RTLIL representation for module `\GTX_DUAL'.
Generating RTLIL representation for module `\CRC32'.
Generating RTLIL representation for module `\CRC64'.
Generating RTLIL representation for module `\GTHE1_QUAD'.
Generating RTLIL representation for module `\GTXE1'.
Generating RTLIL representation for module `\IBUFDS_GTXE1'.
Generating RTLIL representation for module `\IBUFDS_GTHE1'.
Generating RTLIL representation for module `\GTHE2_CHANNEL'.
Generating RTLIL representation for module `\GTHE2_COMMON'.
Generating RTLIL representation for module `\GTPE2_CHANNEL'.
Generating RTLIL representation for module `\GTPE2_COMMON'.
Generating RTLIL representation for module `\GTXE2_CHANNEL'.
Generating RTLIL representation for module `\GTXE2_COMMON'.
Generating RTLIL representation for module `\IBUFDS_GTE2'.
Generating RTLIL representation for module `\GTHE3_CHANNEL'.
Generating RTLIL representation for module `\GTHE3_COMMON'.
Generating RTLIL representation for module `\GTYE3_CHANNEL'.
Generating RTLIL representation for module `\GTYE3_COMMON'.
Generating RTLIL representation for module `\IBUFDS_GTE3'.
Generating RTLIL representation for module `\OBUFDS_GTE3'.
Generating RTLIL representation for module `\OBUFDS_GTE3_ADV'.
Generating RTLIL representation for module `\GTHE4_CHANNEL'.
Generating RTLIL representation for module `\GTHE4_COMMON'.
Generating RTLIL representation for module `\GTYE4_CHANNEL'.
Generating RTLIL representation for module `\GTYE4_COMMON'.
Generating RTLIL representation for module `\IBUFDS_GTE4'.
Generating RTLIL representation for module `\OBUFDS_GTE4'.
Generating RTLIL representation for module `\OBUFDS_GTE4_ADV'.
Generating RTLIL representation for module `\GTM_DUAL'.
Generating RTLIL representation for module `\IBUFDS_GTM'.
Generating RTLIL representation for module `\OBUFDS_GTM'.
Generating RTLIL representation for module `\OBUFDS_GTM_ADV'.
Generating RTLIL representation for module `\HSDAC'.
Generating RTLIL representation for module `\HSADC'.
Generating RTLIL representation for module `\RFDAC'.
Generating RTLIL representation for module `\RFADC'.
Generating RTLIL representation for module `\PCIE_A1'.
Generating RTLIL representation for module `\PCIE_EP'.
Generating RTLIL representation for module `\PCIE_2_0'.
Generating RTLIL representation for module `\PCIE_2_1'.
Generating RTLIL representation for module `\PCIE_3_0'.
Generating RTLIL representation for module `\PCIE_3_1'.
Generating RTLIL representation for module `\PCIE40E4'.
Generating RTLIL representation for module `\PCIE4CE4'.
Generating RTLIL representation for module `\EMAC'.
Generating RTLIL representation for module `\TEMAC'.
Generating RTLIL representation for module `\TEMAC_SINGLE'.
Generating RTLIL representation for module `\CMAC'.
Generating RTLIL representation for module `\CMACE4'.
Generating RTLIL representation for module `\MCB'.
Generating RTLIL representation for module `\HBM_REF_CLK'.
Generating RTLIL representation for module `\HBM_SNGLBLI_INTF_APB'.
Generating RTLIL representation for module `\HBM_SNGLBLI_INTF_AXI'.
Generating RTLIL representation for module `\HBM_ONE_STACK_INTF'.
Generating RTLIL representation for module `\HBM_TWO_STACK_INTF'.
Generating RTLIL representation for module `\PPC405_ADV'.
Generating RTLIL representation for module `\PPC440'.
Generating RTLIL representation for module `\PS7'.
Generating RTLIL representation for module `\PS8'.
Generating RTLIL representation for module `\ILKN'.
Generating RTLIL representation for module `\ILKNE4'.
Generating RTLIL representation for module `\VCU'.
Generating RTLIL representation for module `\FE'.
Successfully finished Verilog frontend.

3.3. Executing HIERARCHY pass (managing design hierarchy).

3.3.1. Analyzing design hierarchy..
Top module:  \cordic_pipeline
Used module:     \cordic_stage
Parameter \SHIFT = 13

3.3.2. Executing AST frontend in derive mode using pre-parsed AST for module `\cordic_stage'.
Parameter \SHIFT = 13
Generating RTLIL representation for module `$paramod\cordic_stage\SHIFT=s32'00000000000000000000000000001101'.
Parameter \SHIFT = 12

3.3.3. Executing AST frontend in derive mode using pre-parsed AST for module `\cordic_stage'.
Parameter \SHIFT = 12
Generating RTLIL representation for module `$paramod\cordic_stage\SHIFT=s32'00000000000000000000000000001100'.
Parameter \SHIFT = 11

3.3.4. Executing AST frontend in derive mode using pre-parsed AST for module `\cordic_stage'.
Parameter \SHIFT = 11
Generating RTLIL representation for module `$paramod\cordic_stage\SHIFT=s32'00000000000000000000000000001011'.
Parameter \SHIFT = 10

3.3.5. Executing AST frontend in derive mode using pre-parsed AST for module `\cordic_stage'.
Parameter \SHIFT = 10
Generating RTLIL representation for module `$paramod\cordic_stage\SHIFT=s32'00000000000000000000000000001010'.
Parameter \SHIFT = 9

3.3.6. Executing AST frontend in derive mode using pre-parsed AST for module `\cordic_stage'.
Parameter \SHIFT = 9
Generating RTLIL representation for module `$paramod\cordic_stage\SHIFT=s32'00000000000000000000000000001001'.
Parameter \SHIFT = 8

3.3.7. Executing AST frontend in derive mode using pre-parsed AST for module `\cordic_stage'.
Parameter \SHIFT = 8
Generating RTLIL representation for module `$paramod\cordic_stage\SHIFT=s32'00000000000000000000000000001000'.
Parameter \SHIFT = 7

3.3.8. Executing AST frontend in derive mode using pre-parsed AST for module `\cordic_stage'.
Parameter \SHIFT = 7
Generating RTLIL representation for module `$paramod\cordic_stage\SHIFT=s32'00000000000000000000000000000111'.
Parameter \SHIFT = 6

3.3.9. Executing AST frontend in derive mode using pre-parsed AST for module `\cordic_stage'.
Parameter \SHIFT = 6
Generating RTLIL representation for module `$paramod\cordic_stage\SHIFT=s32'00000000000000000000000000000110'.
Parameter \SHIFT = 5

3.3.10. Executing AST frontend in derive mode using pre-parsed AST for module `\cordic_stage'.
Parameter \SHIFT = 5
Generating RTLIL representation for module `$paramod\cordic_stage\SHIFT=s32'00000000000000000000000000000101'.
Parameter \SHIFT = 4

3.3.11. Executing AST frontend in derive mode using pre-parsed AST for module `\cordic_stage'.
Parameter \SHIFT = 4
Generating RTLIL representation for module `$paramod\cordic_stage\SHIFT=s32'00000000000000000000000000000100'.
Parameter \SHIFT = 3

3.3.12. Executing AST frontend in derive mode using pre-parsed AST for module `\cordic_stage'.
Parameter \SHIFT = 3
Generating RTLIL representation for module `$paramod\cordic_stage\SHIFT=s32'00000000000000000000000000000011'.
Parameter \SHIFT = 2

3.3.13. Executing AST frontend in derive mode using pre-parsed AST for module `\cordic_stage'.
Parameter \SHIFT = 2
Generating RTLIL representation for module `$paramod\cordic_stage\SHIFT=s32'00000000000000000000000000000010'.
Parameter \SHIFT = 1

3.3.14. Executing AST frontend in derive mode using pre-parsed AST for module `\cordic_stage'.
Parameter \SHIFT = 1
Generating RTLIL representation for module `$paramod\cordic_stage\SHIFT=s32'00000000000000000000000000000001'.
Parameter \SHIFT = 0

3.3.15. Executing AST frontend in derive mode using pre-parsed AST for module `\cordic_stage'.
Parameter \SHIFT = 0
Generating RTLIL representation for module `$paramod\cordic_stage\SHIFT=s32'00000000000000000000000000000000'.
Reprocessing module cordic_pipeline because instantiated module $paramod\cordic_stage\SHIFT=s32'00000000000000000000000000001101 has become available.
Generating RTLIL representation for module `\cordic_pipeline'.
Warning: Replacing memory \valid_pipe with list of registers. See cordic_pipeline.sv:26
Warning: Replacing memory \z_pipe with list of registers. See cordic_pipeline.sv:25
Warning: Replacing memory \y_pipe with list of registers. See cordic_pipeline.sv:24
Warning: Replacing memory \x_pipe with list of registers. See cordic_pipeline.sv:23

3.3.16. Analyzing design hierarchy..
Top module:  \cordic_pipeline
Used module:     \cordic_stage
Parameter \SHIFT = 13
Found cached RTLIL representation for module `$paramod\cordic_stage\SHIFT=s32'00000000000000000000000000001101'.
Parameter \SHIFT = 12
Found cached RTLIL representation for module `$paramod\cordic_stage\SHIFT=s32'00000000000000000000000000001100'.
Parameter \SHIFT = 11
Found cached RTLIL representation for module `$paramod\cordic_stage\SHIFT=s32'00000000000000000000000000001011'.
Parameter \SHIFT = 10
Found cached RTLIL representation for module `$paramod\cordic_stage\SHIFT=s32'00000000000000000000000000001010'.
Parameter \SHIFT = 9
Found cached RTLIL representation for module `$paramod\cordic_stage\SHIFT=s32'00000000000000000000000000001001'.
Parameter \SHIFT = 8
Found cached RTLIL representation for module `$paramod\cordic_stage\SHIFT=s32'00000000000000000000000000001000'.
Parameter \SHIFT = 7
Found cached RTLIL representation for module `$paramod\cordic_stage\SHIFT=s32'00000000000000000000000000000111'.
Parameter \SHIFT = 6
Found cached RTLIL representation for module `$paramod\cordic_stage\SHIFT=s32'00000000000000000000000000000110'.
Parameter \SHIFT = 5
Found cached RTLIL representation for module `$paramod\cordic_stage\SHIFT=s32'00000000000000000000000000000101'.
Parameter \SHIFT = 4
Found cached RTLIL representation for module `$paramod\cordic_stage\SHIFT=s32'00000000000000000000000000000100'.
Parameter \SHIFT = 3
Found cached RTLIL representation for module `$paramod\cordic_stage\SHIFT=s32'00000000000000000000000000000011'.
Parameter \SHIFT = 2
Found cached RTLIL representation for module `$paramod\cordic_stage\SHIFT=s32'00000000000000000000000000000010'.
Parameter \SHIFT = 1
Found cached RTLIL representation for module `$paramod\cordic_stage\SHIFT=s32'00000000000000000000000000000001'.
Parameter \SHIFT = 0
Found cached RTLIL representation for module `$paramod\cordic_stage\SHIFT=s32'00000000000000000000000000000000'.

3.3.17. Analyzing design hierarchy..
Top module:  \cordic_pipeline
Used module:     $paramod\cordic_stage\SHIFT=s32'00000000000000000000000000001101
Used module:     $paramod\cordic_stage\SHIFT=s32'00000000000000000000000000001100
Used module:     $paramod\cordic_stage\SHIFT=s32'00000000000000000000000000001011
Used module:     $paramod\cordic_stage\SHIFT=s32'00000000000000000000000000001010
Used module:     $paramod\cordic_stage\SHIFT=s32'00000000000000000000000000001001
Used module:     $paramod\cordic_stage\SHIFT=s32'00000000000000000000000000001000
Used module:     $paramod\cordic_stage\SHIFT=s32'00000000000000000000000000000111
Used module:     $paramod\cordic_stage\SHIFT=s32'00000000000000000000000000000110
Used module:     $paramod\cordic_stage\SHIFT=s32'00000000000000000000000000000101
Used module:     $paramod\cordic_stage\SHIFT=s32'00000000000000000000000000000100
Used module:     $paramod\cordic_stage\SHIFT=s32'00000000000000000000000000000011
Used module:     $paramod\cordic_stage\SHIFT=s32'00000000000000000000000000000010
Used module:     $paramod\cordic_stage\SHIFT=s32'00000000000000000000000000000001
Used module:     $paramod\cordic_stage\SHIFT=s32'00000000000000000000000000000000

3.3.18. Analyzing design hierarchy..
Top module:  \cordic_pipeline
Used module:     $paramod\cordic_stage\SHIFT=s32'00000000000000000000000000001101
Used module:     $paramod\cordic_stage\SHIFT=s32'00000000000000000000000000001100
Used module:     $paramod\cordic_stage\SHIFT=s32'00000000000000000000000000001011
Used module:     $paramod\cordic_stage\SHIFT=s32'00000000000000000000000000001010
Used module:     $paramod\cordic_stage\SHIFT=s32'00000000000000000000000000001001
Used module:     $paramod\cordic_stage\SHIFT=s32'00000000000000000000000000001000
Used module:     $paramod\cordic_stage\SHIFT=s32'00000000000000000000000000000111
Used module:     $paramod\cordic_stage\SHIFT=s32'00000000000000000000000000000110
Used module:     $paramod\cordic_stage\SHIFT=s32'00000000000000000000000000000101
Used module:     $paramod\cordic_stage\SHIFT=s32'00000000000000000000000000000100
Used module:     $paramod\cordic_stage\SHIFT=s32'00000000000000000000000000000011
Used module:     $paramod\cordic_stage\SHIFT=s32'00000000000000000000000000000010
Used module:     $paramod\cordic_stage\SHIFT=s32'00000000000000000000000000000001
Used module:     $paramod\cordic_stage\SHIFT=s32'00000000000000000000000000000000
Removing unused module `\cordic_stage'.
Removed 1 unused modules.

3.4. Executing PROC pass (convert processes to netlists).

3.4.1. Executing PROC_CLEAN pass (remove empty switches from decision trees).
Cleaned up 0 empty switches.

3.4.2. Executing PROC_RMDEAD pass (remove dead branches from decision trees).
Marked 1 switch rules as full_case in process $proc$cordic_stage.sv:56$1293 in module $paramod\cordic_stage\SHIFT=s32'00000000000000000000000000000001.
Marked 1 switch rules as full_case in process $proc$cordic_stage.sv:0$1281 in module $paramod\cordic_stage\SHIFT=s32'00000000000000000000000000000001.
Marked 1 switch rules as full_case in process $proc$cordic_stage.sv:56$1279 in module $paramod\cordic_stage\SHIFT=s32'00000000000000000000000000000010.
Marked 1 switch rules as full_case in process $proc$cordic_stage.sv:0$1267 in module $paramod\cordic_stage\SHIFT=s32'00000000000000000000000000000010.
Marked 1 switch rules as full_case in process $proc$cordic_stage.sv:56$1265 in module $paramod\cordic_stage\SHIFT=s32'00000000000000000000000000000011.
Marked 1 switch rules as full_case in process $proc$cordic_stage.sv:0$1253 in module $paramod\cordic_stage\SHIFT=s32'00000000000000000000000000000011.
Marked 1 switch rules as full_case in process $proc$cordic_stage.sv:56$1251 in module $paramod\cordic_stage\SHIFT=s32'00000000000000000000000000000100.
Marked 1 switch rules as full_case in process $proc$cordic_stage.sv:0$1239 in module $paramod\cordic_stage\SHIFT=s32'00000000000000000000000000000100.
Marked 1 switch rules as full_case in process $proc$cordic_stage.sv:56$1237 in module $paramod\cordic_stage\SHIFT=s32'00000000000000000000000000000101.
Marked 1 switch rules as full_case in process $proc$cordic_stage.sv:0$1225 in module $paramod\cordic_stage\SHIFT=s32'00000000000000000000000000000101.
Marked 1 switch rules as full_case in process $proc$cordic_stage.sv:56$1223 in module $paramod\cordic_stage\SHIFT=s32'00000000000000000000000000000110.
Marked 1 switch rules as full_case in process $proc$cordic_stage.sv:0$1211 in module $paramod\cordic_stage\SHIFT=s32'00000000000000000000000000000110.
Marked 1 switch rules as full_case in process $proc$cordic_stage.sv:56$1209 in module $paramod\cordic_stage\SHIFT=s32'00000000000000000000000000000111.
Marked 1 switch rules as full_case in process $proc$cordic_stage.sv:0$1197 in module $paramod\cordic_stage\SHIFT=s32'00000000000000000000000000000111.
Marked 1 switch rules as full_case in process $proc$cordic_stage.sv:56$1195 in module $paramod\cordic_stage\SHIFT=s32'00000000000000000000000000001000.
Marked 1 switch rules as full_case in process $proc$cordic_stage.sv:0$1183 in module $paramod\cordic_stage\SHIFT=s32'00000000000000000000000000001000.
Marked 1 switch rules as full_case in process $proc$cordic_stage.sv:56$1181 in module $paramod\cordic_stage\SHIFT=s32'00000000000000000000000000001001.
Marked 1 switch rules as full_case in process $proc$cordic_stage.sv:0$1169 in module $paramod\cordic_stage\SHIFT=s32'00000000000000000000000000001001.
Marked 1 switch rules as full_case in process $proc$cordic_stage.sv:56$1167 in module $paramod\cordic_stage\SHIFT=s32'00000000000000000000000000001010.
Marked 1 switch rules as full_case in process $proc$cordic_stage.sv:0$1155 in module $paramod\cordic_stage\SHIFT=s32'00000000000000000000000000001010.
Marked 1 switch rules as full_case in process $proc$cordic_stage.sv:56$1153 in module $paramod\cordic_stage\SHIFT=s32'00000000000000000000000000001011.
Marked 1 switch rules as full_case in process $proc$cordic_stage.sv:0$1141 in module $paramod\cordic_stage\SHIFT=s32'00000000000000000000000000001011.
Marked 1 switch rules as full_case in process $proc$cordic_stage.sv:56$1139 in module $paramod\cordic_stage\SHIFT=s32'00000000000000000000000000001100.
Marked 1 switch rules as full_case in process $proc$cordic_stage.sv:0$1127 in module $paramod\cordic_stage\SHIFT=s32'00000000000000000000000000001100.
Marked 1 switch rules as full_case in process $proc$cordic_stage.sv:56$1125 in module $paramod\cordic_stage\SHIFT=s32'00000000000000000000000000001101.
Marked 1 switch rules as full_case in process $proc$cordic_stage.sv:0$1113 in module $paramod\cordic_stage\SHIFT=s32'00000000000000000000000000001101.
Marked 1 switch rules as full_case in process $proc$/usr/bin/../share/yosys/xilinx/cells_sim.v:1986$930 in module RAM64M.
Marked 1 switch rules as full_case in process $proc$/usr/bin/../share/yosys/xilinx/cells_sim.v:1812$810 in module RAM32M.
Marked 1 switch rules as full_case in process $proc$/usr/bin/../share/yosys/xilinx/cells_sim.v:1716$757 in module RAM128X1D.
Marked 1 switch rules as full_case in process $proc$/usr/bin/../share/yosys/xilinx/cells_sim.v:1611$720 in module RAM64X1D.
Marked 1 switch rules as full_case in process $proc$/usr/bin/../share/yosys/xilinx/cells_sim.v:1565$702 in module RAM32X1D_1.
Marked 1 switch rules as full_case in process $proc$/usr/bin/../share/yosys/xilinx/cells_sim.v:1506$672 in module RAM32X1D.
Marked 1 switch rules as full_case in process $proc$/usr/bin/../share/yosys/xilinx/cells_sim.v:815$621 in module FDPE_1.
Marked 1 switch rules as full_case in process $proc$/usr/bin/../share/yosys/xilinx/cells_sim.v:774$618 in module FDPE.
Marked 1 switch rules as full_case in process $proc$/usr/bin/../share/yosys/xilinx/cells_sim.v:736$603 in module FDCE_1.
Marked 1 switch rules as full_case in process $proc$/usr/bin/../share/yosys/xilinx/cells_sim.v:695$600 in module FDCE.
Marked 1 switch rules as full_case in process $proc$/usr/bin/../share/yosys/xilinx/cells_sim.v:592$585 in module FDSE_1.
Marked 1 switch rules as full_case in process $proc$/usr/bin/../share/yosys/xilinx/cells_sim.v:559$581 in module FDSE.
Marked 1 switch rules as full_case in process $proc$/usr/bin/../share/yosys/xilinx/cells_sim.v:527$563 in module FDRE_1.
Marked 1 switch rules as full_case in process $proc$/usr/bin/../share/yosys/xilinx/cells_sim.v:494$559 in module FDRE.
Marked 1 switch rules as full_case in process $proc$cordic_stage.sv:56$1307 in module $paramod\cordic_stage\SHIFT=s32'00000000000000000000000000000000.
Marked 1 switch rules as full_case in process $proc$cordic_stage.sv:0$1295 in module $paramod\cordic_stage\SHIFT=s32'00000000000000000000000000000000.
Removed a total of 0 dead cases.

3.4.3. Executing PROC_PRUNE pass (remove redundant assignments in processes).
Removed 56 redundant assignments.
Promoted 165 assignments to connections.

3.4.4. Executing PROC_INIT pass (extract init attributes).
Found init rule in `\SRLC32E.$proc$/usr/bin/../share/yosys/xilinx/cells_sim.v:2405$1059'.
  Set init value: \r = 0
Found init rule in `\SRLC16E.$proc$/usr/bin/../share/yosys/xilinx/cells_sim.v:2361$1052'.
  Set init value: \r = 16'0000000000000000
Found init rule in `\SRLC16.$proc$/usr/bin/../share/yosys/xilinx/cells_sim.v:2329$1045'.
  Set init value: \r = 16'0000000000000000
Found init rule in `\SRL16E.$proc$/usr/bin/../share/yosys/xilinx/cells_sim.v:2292$1042'.
  Set init value: \r = 16'0000000000000000
Found init rule in `\SRL16.$proc$/usr/bin/../share/yosys/xilinx/cells_sim.v:2264$1035'.
  Set init value: \r = 16'0000000000000000
Found init rule in `\RAM64M.$proc$/usr/bin/../share/yosys/xilinx/cells_sim.v:1980$1008'.
  Set init value: \mem_d = 64'0000000000000000000000000000000000000000000000000000000000000000
Found init rule in `\RAM64M.$proc$/usr/bin/../share/yosys/xilinx/cells_sim.v:1979$1007'.
  Set init value: \mem_c = 64'0000000000000000000000000000000000000000000000000000000000000000
Found init rule in `\RAM64M.$proc$/usr/bin/../share/yosys/xilinx/cells_sim.v:1978$1006'.
  Set init value: \mem_b = 64'0000000000000000000000000000000000000000000000000000000000000000
Found init rule in `\RAM64M.$proc$/usr/bin/../share/yosys/xilinx/cells_sim.v:1977$1005'.
  Set init value: \mem_a = 64'0000000000000000000000000000000000000000000000000000000000000000
Found init rule in `\RAM32M.$proc$/usr/bin/../share/yosys/xilinx/cells_sim.v:1806$908'.
  Set init value: \mem_d = 64'0000000000000000000000000000000000000000000000000000000000000000
Found init rule in `\RAM32M.$proc$/usr/bin/../share/yosys/xilinx/cells_sim.v:1805$907'.
  Set init value: \mem_c = 64'0000000000000000000000000000000000000000000000000000000000000000
Found init rule in `\RAM32M.$proc$/usr/bin/../share/yosys/xilinx/cells_sim.v:1804$906'.
  Set init value: \mem_b = 64'0000000000000000000000000000000000000000000000000000000000000000
Found init rule in `\RAM32M.$proc$/usr/bin/../share/yosys/xilinx/cells_sim.v:1803$905'.
  Set init value: \mem_a = 64'0000000000000000000000000000000000000000000000000000000000000000
Found init rule in `\RAM128X1D.$proc$/usr/bin/../share/yosys/xilinx/cells_sim.v:1712$787'.
  Set init value: \mem = 128'00000000000000000000000000000000000000000000000000000000000000000000000000000000000000000000000000000000000000000000000000000000
Found init rule in `\RAM64X1D.$proc$/usr/bin/../share/yosys/xilinx/cells_sim.v:1607$750'.
  Set init value: \mem = 64'0000000000000000000000000000000000000000000000000000000000000000
Found init rule in `\RAM32X1D_1.$proc$/usr/bin/../share/yosys/xilinx/cells_sim.v:1561$714'.
  Set init value: \mem = 0
Found init rule in `\RAM32X1D.$proc$/usr/bin/../share/yosys/xilinx/cells_sim.v:1502$696'.
  Set init value: \mem = 0
Found init rule in `\FDPE_1.$proc$/usr/bin/../share/yosys/xilinx/cells_sim.v:0$624'.
  Set init value: \Q = 1'1
Found init rule in `\FDPE.$proc$/usr/bin/../share/yosys/xilinx/cells_sim.v:0$620'.
  Set init value: \Q = 1'1
Found init rule in `\FDCE_1.$proc$/usr/bin/../share/yosys/xilinx/cells_sim.v:0$606'.
  Set init value: \Q = 1'0
Found init rule in `\FDCE.$proc$/usr/bin/../share/yosys/xilinx/cells_sim.v:0$602'.
  Set init value: \Q = 1'0
Found init rule in `\FDSE_1.$proc$/usr/bin/../share/yosys/xilinx/cells_sim.v:0$588'.
  Set init value: \Q = 1'1
Found init rule in `\FDSE.$proc$/usr/bin/../share/yosys/xilinx/cells_sim.v:0$584'.
  Set init value: \Q = 1'1
Found init rule in `\FDRE_1.$proc$/usr/bin/../share/yosys/xilinx/cells_sim.v:0$566'.
  Set init value: \Q = 1'0
Found init rule in `\FDRE.$proc$/usr/bin/../share/yosys/xilinx/cells_sim.v:0$562'.
  Set init value: \Q = 1'0

3.4.5. Executing PROC_ARST pass (detect async resets in processes).
Found async reset \PRE in `\FDPE_1.$proc$/usr/bin/../share/yosys/xilinx/cells_sim.v:815$621'.
Found async reset \PRE in `\FDPE.$proc$/usr/bin/../share/yosys/xilinx/cells_sim.v:774$618'.
Found async reset \CLR in `\FDCE_1.$proc$/usr/bin/../share/yosys/xilinx/cells_sim.v:736$603'.
Found async reset \CLR in `\FDCE.$proc$/usr/bin/../share/yosys/xilinx/cells_sim.v:695$600'.

3.4.6. Executing PROC_ROM pass (convert switches to ROMs).
Converted 0 switches.
<suppressed ~49 debug messages>

3.4.7. Executing PROC_MUX pass (convert decision trees to multiplexers).
Creating decoders for process `$paramod\cordic_stage\SHIFT=s32'00000000000000000000000000000001.$proc$cordic_stage.sv:56$1293'.
     1/4: $0\z_out[15:0]
     2/4: $0\y_out[15:0]
     3/4: $0\x_out[15:0]
     4/4: $0\valid_out[0:0]
Creating decoders for process `$paramod\cordic_stage\SHIFT=s32'00000000000000000000000000000001.$proc$cordic_stage.sv:0$1281'.
     1/3: $1\z_calc[15:0]
     2/3: $1\y_calc[15:0]
     3/3: $1\x_calc[15:0]
Creating decoders for process `$paramod\cordic_stage\SHIFT=s32'00000000000000000000000000000010.$proc$cordic_stage.sv:56$1279'.
     1/4: $0\z_out[15:0]
     2/4: $0\y_out[15:0]
     3/4: $0\x_out[15:0]
     4/4: $0\valid_out[0:0]
Creating decoders for process `$paramod\cordic_stage\SHIFT=s32'00000000000000000000000000000010.$proc$cordic_stage.sv:0$1267'.
     1/3: $1\z_calc[15:0]
     2/3: $1\y_calc[15:0]
     3/3: $1\x_calc[15:0]
Creating decoders for process `$paramod\cordic_stage\SHIFT=s32'00000000000000000000000000000011.$proc$cordic_stage.sv:56$1265'.
     1/4: $0\z_out[15:0]
     2/4: $0\y_out[15:0]
     3/4: $0\x_out[15:0]
     4/4: $0\valid_out[0:0]
Creating decoders for process `$paramod\cordic_stage\SHIFT=s32'00000000000000000000000000000011.$proc$cordic_stage.sv:0$1253'.
     1/3: $1\z_calc[15:0]
     2/3: $1\y_calc[15:0]
     3/3: $1\x_calc[15:0]
Creating decoders for process `$paramod\cordic_stage\SHIFT=s32'00000000000000000000000000000100.$proc$cordic_stage.sv:56$1251'.
     1/4: $0\z_out[15:0]
     2/4: $0\y_out[15:0]
     3/4: $0\x_out[15:0]
     4/4: $0\valid_out[0:0]
Creating decoders for process `$paramod\cordic_stage\SHIFT=s32'00000000000000000000000000000100.$proc$cordic_stage.sv:0$1239'.
     1/3: $1\z_calc[15:0]
     2/3: $1\y_calc[15:0]
     3/3: $1\x_calc[15:0]
Creating decoders for process `$paramod\cordic_stage\SHIFT=s32'00000000000000000000000000000101.$proc$cordic_stage.sv:56$1237'.
     1/4: $0\z_out[15:0]
     2/4: $0\y_out[15:0]
     3/4: $0\x_out[15:0]
     4/4: $0\valid_out[0:0]
Creating decoders for process `$paramod\cordic_stage\SHIFT=s32'00000000000000000000000000000101.$proc$cordic_stage.sv:0$1225'.
     1/3: $1\z_calc[15:0]
     2/3: $1\y_calc[15:0]
     3/3: $1\x_calc[15:0]
Creating decoders for process `$paramod\cordic_stage\SHIFT=s32'00000000000000000000000000000110.$proc$cordic_stage.sv:56$1223'.
     1/4: $0\z_out[15:0]
     2/4: $0\y_out[15:0]
     3/4: $0\x_out[15:0]
     4/4: $0\valid_out[0:0]
Creating decoders for process `$paramod\cordic_stage\SHIFT=s32'00000000000000000000000000000110.$proc$cordic_stage.sv:0$1211'.
     1/3: $1\z_calc[15:0]
     2/3: $1\y_calc[15:0]
     3/3: $1\x_calc[15:0]
Creating decoders for process `$paramod\cordic_stage\SHIFT=s32'00000000000000000000000000000111.$proc$cordic_stage.sv:56$1209'.
     1/4: $0\z_out[15:0]
     2/4: $0\y_out[15:0]
     3/4: $0\x_out[15:0]
     4/4: $0\valid_out[0:0]
Creating decoders for process `$paramod\cordic_stage\SHIFT=s32'00000000000000000000000000000111.$proc$cordic_stage.sv:0$1197'.
     1/3: $1\z_calc[15:0]
     2/3: $1\y_calc[15:0]
     3/3: $1\x_calc[15:0]
Creating decoders for process `$paramod\cordic_stage\SHIFT=s32'00000000000000000000000000001000.$proc$cordic_stage.sv:56$1195'.
     1/4: $0\z_out[15:0]
     2/4: $0\y_out[15:0]
     3/4: $0\x_out[15:0]
     4/4: $0\valid_out[0:0]
Creating decoders for process `$paramod\cordic_stage\SHIFT=s32'00000000000000000000000000001000.$proc$cordic_stage.sv:0$1183'.
     1/3: $1\z_calc[15:0]
     2/3: $1\y_calc[15:0]
     3/3: $1\x_calc[15:0]
Creating decoders for process `$paramod\cordic_stage\SHIFT=s32'00000000000000000000000000001001.$proc$cordic_stage.sv:56$1181'.
     1/4: $0\z_out[15:0]
     2/4: $0\y_out[15:0]
     3/4: $0\x_out[15:0]
     4/4: $0\valid_out[0:0]
Creating decoders for process `$paramod\cordic_stage\SHIFT=s32'00000000000000000000000000001001.$proc$cordic_stage.sv:0$1169'.
     1/3: $1\z_calc[15:0]
     2/3: $1\y_calc[15:0]
     3/3: $1\x_calc[15:0]
Creating decoders for process `$paramod\cordic_stage\SHIFT=s32'00000000000000000000000000001010.$proc$cordic_stage.sv:56$1167'.
     1/4: $0\z_out[15:0]
     2/4: $0\y_out[15:0]
     3/4: $0\x_out[15:0]
     4/4: $0\valid_out[0:0]
Creating decoders for process `$paramod\cordic_stage\SHIFT=s32'00000000000000000000000000001010.$proc$cordic_stage.sv:0$1155'.
     1/3: $1\z_calc[15:0]
     2/3: $1\y_calc[15:0]
     3/3: $1\x_calc[15:0]
Creating decoders for process `$paramod\cordic_stage\SHIFT=s32'00000000000000000000000000001011.$proc$cordic_stage.sv:56$1153'.
     1/4: $0\z_out[15:0]
     2/4: $0\y_out[15:0]
     3/4: $0\x_out[15:0]
     4/4: $0\valid_out[0:0]
Creating decoders for process `$paramod\cordic_stage\SHIFT=s32'00000000000000000000000000001011.$proc$cordic_stage.sv:0$1141'.
     1/3: $1\z_calc[15:0]
     2/3: $1\y_calc[15:0]
     3/3: $1\x_calc[15:0]
Creating decoders for process `$paramod\cordic_stage\SHIFT=s32'00000000000000000000000000001100.$proc$cordic_stage.sv:56$1139'.
     1/4: $0\z_out[15:0]
     2/4: $0\y_out[15:0]
     3/4: $0\x_out[15:0]
     4/4: $0\valid_out[0:0]
Creating decoders for process `$paramod\cordic_stage\SHIFT=s32'00000000000000000000000000001100.$proc$cordic_stage.sv:0$1127'.
     1/3: $1\z_calc[15:0]
     2/3: $1\y_calc[15:0]
     3/3: $1\x_calc[15:0]
Creating decoders for process `$paramod\cordic_stage\SHIFT=s32'00000000000000000000000000001101.$proc$cordic_stage.sv:56$1125'.
     1/4: $0\z_out[15:0]
     2/4: $0\y_out[15:0]
     3/4: $0\x_out[15:0]
     4/4: $0\valid_out[0:0]
Creating decoders for process `$paramod\cordic_stage\SHIFT=s32'00000000000000000000000000001101.$proc$cordic_stage.sv:0$1113'.
     1/3: $1\z_calc[15:0]
     2/3: $1\y_calc[15:0]
     3/3: $1\x_calc[15:0]
Creating decoders for process `\SRLC32E.$proc$/usr/bin/../share/yosys/xilinx/cells_sim.v:2405$1059'.
Creating decoders for process `\SRLC32E.$proc$/usr/bin/../share/yosys/xilinx/cells_sim.v:2413$1058'.
     1/1: $0\r[31:0]
Creating decoders for process `\SRLC16E.$proc$/usr/bin/../share/yosys/xilinx/cells_sim.v:2361$1052'.
Creating decoders for process `\SRLC16E.$proc$/usr/bin/../share/yosys/xilinx/cells_sim.v:2369$1051'.
     1/1: $0\r[15:0]
Creating decoders for process `\SRLC16.$proc$/usr/bin/../share/yosys/xilinx/cells_sim.v:2329$1045'.
Creating decoders for process `\SRLC16.$proc$/usr/bin/../share/yosys/xilinx/cells_sim.v:2332$1044'.
Creating decoders for process `\SRL16E.$proc$/usr/bin/../share/yosys/xilinx/cells_sim.v:2292$1042'.
Creating decoders for process `\SRL16E.$proc$/usr/bin/../share/yosys/xilinx/cells_sim.v:2299$1041'.
     1/1: $0\r[15:0]
Creating decoders for process `\SRL16.$proc$/usr/bin/../share/yosys/xilinx/cells_sim.v:2264$1035'.
Creating decoders for process `\SRL16.$proc$/usr/bin/../share/yosys/xilinx/cells_sim.v:2266$1034'.
Creating decoders for process `\RAM64M.$proc$/usr/bin/../share/yosys/xilinx/cells_sim.v:1980$1008'.
Creating decoders for process `\RAM64M.$proc$/usr/bin/../share/yosys/xilinx/cells_sim.v:1979$1007'.
Creating decoders for process `\RAM64M.$proc$/usr/bin/../share/yosys/xilinx/cells_sim.v:1978$1006'.
Creating decoders for process `\RAM64M.$proc$/usr/bin/../share/yosys/xilinx/cells_sim.v:1977$1005'.
Creating decoders for process `\RAM64M.$proc$/usr/bin/../share/yosys/xilinx/cells_sim.v:1986$930'.
     1/8: $1$lookahead\mem_d$929[63:0]$946
     2/8: $1$bitselwrite$pos$/usr/bin/../share/yosys/xilinx/cells_sim.v:1991$920[5:0]$942
     3/8: $1$lookahead\mem_c$928[63:0]$945
     4/8: $1$bitselwrite$pos$/usr/bin/../share/yosys/xilinx/cells_sim.v:1990$919[5:0]$941
     5/8: $1$lookahead\mem_b$927[63:0]$944
     6/8: $1$bitselwrite$pos$/usr/bin/../share/yosys/xilinx/cells_sim.v:1989$918[5:0]$940
     7/8: $1$lookahead\mem_a$926[63:0]$943
     8/8: $1$bitselwrite$pos$/usr/bin/../share/yosys/xilinx/cells_sim.v:1988$917[5:0]$939
Creating decoders for process `\RAM32M.$proc$/usr/bin/../share/yosys/xilinx/cells_sim.v:1806$908'.
Creating decoders for process `\RAM32M.$proc$/usr/bin/../share/yosys/xilinx/cells_sim.v:1805$907'.
Creating decoders for process `\RAM32M.$proc$/usr/bin/../share/yosys/xilinx/cells_sim.v:1804$906'.
Creating decoders for process `\RAM32M.$proc$/usr/bin/../share/yosys/xilinx/cells_sim.v:1803$905'.
Creating decoders for process `\RAM32M.$proc$/usr/bin/../share/yosys/xilinx/cells_sim.v:1812$810'.
     1/8: $1$lookahead\mem_d$809[63:0]$826
     2/8: $1$bitselwrite$pos$/usr/bin/../share/yosys/xilinx/cells_sim.v:1817$792[31:0]$822
     3/8: $1$lookahead\mem_c$808[63:0]$825
     4/8: $1$bitselwrite$pos$/usr/bin/../share/yosys/xilinx/cells_sim.v:1816$791[31:0]$821
     5/8: $1$lookahead\mem_b$807[63:0]$824
     6/8: $1$bitselwrite$pos$/usr/bin/../share/yosys/xilinx/cells_sim.v:1815$790[31:0]$820
     7/8: $1$lookahead\mem_a$806[63:0]$823
     8/8: $1$bitselwrite$pos$/usr/bin/../share/yosys/xilinx/cells_sim.v:1814$789[31:0]$819
Creating decoders for process `\RAM128X1D.$proc$/usr/bin/../share/yosys/xilinx/cells_sim.v:1712$787'.
Creating decoders for process `\RAM128X1D.$proc$/usr/bin/../share/yosys/xilinx/cells_sim.v:1716$757'.
     1/2: $1$lookahead\mem$756[127:0]$761
     2/2: $1$bitselwrite$pos$/usr/bin/../share/yosys/xilinx/cells_sim.v:1716$752[6:0]$760
Creating decoders for process `\RAM64X1D.$proc$/usr/bin/../share/yosys/xilinx/cells_sim.v:1607$750'.
Creating decoders for process `\RAM64X1D.$proc$/usr/bin/../share/yosys/xilinx/cells_sim.v:1611$720'.
     1/2: $1$lookahead\mem$719[63:0]$724
     2/2: $1$bitselwrite$pos$/usr/bin/../share/yosys/xilinx/cells_sim.v:1611$715[5:0]$723
Creating decoders for process `\RAM32X1D_1.$proc$/usr/bin/../share/yosys/xilinx/cells_sim.v:1561$714'.
Creating decoders for process `\RAM32X1D_1.$proc$/usr/bin/../share/yosys/xilinx/cells_sim.v:1565$702'.
     1/2: $1$lookahead\mem$701[31:0]$706
     2/2: $1$bitselwrite$pos$/usr/bin/../share/yosys/xilinx/cells_sim.v:1565$697[4:0]$705
Creating decoders for process `\RAM32X1D.$proc$/usr/bin/../share/yosys/xilinx/cells_sim.v:1502$696'.
Creating decoders for process `\RAM32X1D.$proc$/usr/bin/../share/yosys/xilinx/cells_sim.v:1506$672'.
     1/2: $1$lookahead\mem$671[31:0]$676
     2/2: $1$bitselwrite$pos$/usr/bin/../share/yosys/xilinx/cells_sim.v:1506$667[4:0]$675
Creating decoders for process `\FDPE_1.$proc$/usr/bin/../share/yosys/xilinx/cells_sim.v:0$624'.
Creating decoders for process `\FDPE_1.$proc$/usr/bin/../share/yosys/xilinx/cells_sim.v:815$621'.
     1/1: $0\Q[0:0]
Creating decoders for process `\FDPE.$proc$/usr/bin/../share/yosys/xilinx/cells_sim.v:0$620'.
Creating decoders for process `\FDPE.$proc$/usr/bin/../share/yosys/xilinx/cells_sim.v:774$618'.
     1/1: $0\Q[0:0]
Creating decoders for process `\FDCE_1.$proc$/usr/bin/../share/yosys/xilinx/cells_sim.v:0$606'.
Creating decoders for process `\FDCE_1.$proc$/usr/bin/../share/yosys/xilinx/cells_sim.v:736$603'.
     1/1: $0\Q[0:0]
Creating decoders for process `\FDCE.$proc$/usr/bin/../share/yosys/xilinx/cells_sim.v:0$602'.
Creating decoders for process `\FDCE.$proc$/usr/bin/../share/yosys/xilinx/cells_sim.v:695$600'.
     1/1: $0\Q[0:0]
Creating decoders for process `\FDSE_1.$proc$/usr/bin/../share/yosys/xilinx/cells_sim.v:0$588'.
Creating decoders for process `\FDSE_1.$proc$/usr/bin/../share/yosys/xilinx/cells_sim.v:592$585'.
     1/1: $0\Q[0:0]
Creating decoders for process `\FDSE.$proc$/usr/bin/../share/yosys/xilinx/cells_sim.v:0$584'.
Creating decoders for process `\FDSE.$proc$/usr/bin/../share/yosys/xilinx/cells_sim.v:559$581'.
     1/1: $0\Q[0:0]
Creating decoders for process `\FDRE_1.$proc$/usr/bin/../share/yosys/xilinx/cells_sim.v:0$566'.
Creating decoders for process `\FDRE_1.$proc$/usr/bin/../share/yosys/xilinx/cells_sim.v:527$563'.
     1/1: $0\Q[0:0]
Creating decoders for process `\FDRE.$proc$/usr/bin/../share/yosys/xilinx/cells_sim.v:0$562'.
Creating decoders for process `\FDRE.$proc$/usr/bin/../share/yosys/xilinx/cells_sim.v:494$559'.
     1/1: $0\Q[0:0]
Creating decoders for process `$paramod\cordic_stage\SHIFT=s32'00000000000000000000000000000000.$proc$cordic_stage.sv:56$1307'.
     1/4: $0\z_out[15:0]
     2/4: $0\y_out[15:0]
     3/4: $0\x_out[15:0]
     4/4: $0\valid_out[0:0]
Creating decoders for process `$paramod\cordic_stage\SHIFT=s32'00000000000000000000000000000000.$proc$cordic_stage.sv:0$1295'.
     1/3: $1\z_calc[15:0]
     2/3: $1\y_calc[15:0]
     3/3: $1\x_calc[15:0]
Creating decoders for process `\cordic_pipeline.$proc$cordic_pipeline.sv:0$1420'.

3.4.8. Executing PROC_DLATCH pass (convert process syncs to latches).
No latch inferred for signal `$paramod\cordic_stage\SHIFT=s32'00000000000000000000000000000001.\x_calc' from process `$paramod\cordic_stage\SHIFT=s32'00000000000000000000000000000001.$proc$cordic_stage.sv:0$1281'.
No latch inferred for signal `$paramod\cordic_stage\SHIFT=s32'00000000000000000000000000000001.\y_calc' from process `$paramod\cordic_stage\SHIFT=s32'00000000000000000000000000000001.$proc$cordic_stage.sv:0$1281'.
No latch inferred for signal `$paramod\cordic_stage\SHIFT=s32'00000000000000000000000000000001.\z_calc' from process `$paramod\cordic_stage\SHIFT=s32'00000000000000000000000000000001.$proc$cordic_stage.sv:0$1281'.
No latch inferred for signal `$paramod\cordic_stage\SHIFT=s32'00000000000000000000000000000010.\x_calc' from process `$paramod\cordic_stage\SHIFT=s32'00000000000000000000000000000010.$proc$cordic_stage.sv:0$1267'.
No latch inferred for signal `$paramod\cordic_stage\SHIFT=s32'00000000000000000000000000000010.\y_calc' from process `$paramod\cordic_stage\SHIFT=s32'00000000000000000000000000000010.$proc$cordic_stage.sv:0$1267'.
No latch inferred for signal `$paramod\cordic_stage\SHIFT=s32'00000000000000000000000000000010.\z_calc' from process `$paramod\cordic_stage\SHIFT=s32'00000000000000000000000000000010.$proc$cordic_stage.sv:0$1267'.
No latch inferred for signal `$paramod\cordic_stage\SHIFT=s32'00000000000000000000000000000011.\x_calc' from process `$paramod\cordic_stage\SHIFT=s32'00000000000000000000000000000011.$proc$cordic_stage.sv:0$1253'.
No latch inferred for signal `$paramod\cordic_stage\SHIFT=s32'00000000000000000000000000000011.\y_calc' from process `$paramod\cordic_stage\SHIFT=s32'00000000000000000000000000000011.$proc$cordic_stage.sv:0$1253'.
No latch inferred for signal `$paramod\cordic_stage\SHIFT=s32'00000000000000000000000000000011.\z_calc' from process `$paramod\cordic_stage\SHIFT=s32'00000000000000000000000000000011.$proc$cordic_stage.sv:0$1253'.
No latch inferred for signal `$paramod\cordic_stage\SHIFT=s32'00000000000000000000000000000100.\x_calc' from process `$paramod\cordic_stage\SHIFT=s32'00000000000000000000000000000100.$proc$cordic_stage.sv:0$1239'.
No latch inferred for signal `$paramod\cordic_stage\SHIFT=s32'00000000000000000000000000000100.\y_calc' from process `$paramod\cordic_stage\SHIFT=s32'00000000000000000000000000000100.$proc$cordic_stage.sv:0$1239'.
No latch inferred for signal `$paramod\cordic_stage\SHIFT=s32'00000000000000000000000000000100.\z_calc' from process `$paramod\cordic_stage\SHIFT=s32'00000000000000000000000000000100.$proc$cordic_stage.sv:0$1239'.
No latch inferred for signal `$paramod\cordic_stage\SHIFT=s32'00000000000000000000000000000101.\x_calc' from process `$paramod\cordic_stage\SHIFT=s32'00000000000000000000000000000101.$proc$cordic_stage.sv:0$1225'.
No latch inferred for signal `$paramod\cordic_stage\SHIFT=s32'00000000000000000000000000000101.\y_calc' from process `$paramod\cordic_stage\SHIFT=s32'00000000000000000000000000000101.$proc$cordic_stage.sv:0$1225'.
No latch inferred for signal `$paramod\cordic_stage\SHIFT=s32'00000000000000000000000000000101.\z_calc' from process `$paramod\cordic_stage\SHIFT=s32'00000000000000000000000000000101.$proc$cordic_stage.sv:0$1225'.
No latch inferred for signal `$paramod\cordic_stage\SHIFT=s32'00000000000000000000000000000110.\x_calc' from process `$paramod\cordic_stage\SHIFT=s32'00000000000000000000000000000110.$proc$cordic_stage.sv:0$1211'.
No latch inferred for signal `$paramod\cordic_stage\SHIFT=s32'00000000000000000000000000000110.\y_calc' from process `$paramod\cordic_stage\SHIFT=s32'00000000000000000000000000000110.$proc$cordic_stage.sv:0$1211'.
No latch inferred for signal `$paramod\cordic_stage\SHIFT=s32'00000000000000000000000000000110.\z_calc' from process `$paramod\cordic_stage\SHIFT=s32'00000000000000000000000000000110.$proc$cordic_stage.sv:0$1211'.
No latch inferred for signal `$paramod\cordic_stage\SHIFT=s32'00000000000000000000000000000111.\x_calc' from process `$paramod\cordic_stage\SHIFT=s32'00000000000000000000000000000111.$proc$cordic_stage.sv:0$1197'.
No latch inferred for signal `$paramod\cordic_stage\SHIFT=s32'00000000000000000000000000000111.\y_calc' from process `$paramod\cordic_stage\SHIFT=s32'00000000000000000000000000000111.$proc$cordic_stage.sv:0$1197'.
No latch inferred for signal `$paramod\cordic_stage\SHIFT=s32'00000000000000000000000000000111.\z_calc' from process `$paramod\cordic_stage\SHIFT=s32'00000000000000000000000000000111.$proc$cordic_stage.sv:0$1197'.
No latch inferred for signal `$paramod\cordic_stage\SHIFT=s32'00000000000000000000000000001000.\x_calc' from process `$paramod\cordic_stage\SHIFT=s32'00000000000000000000000000001000.$proc$cordic_stage.sv:0$1183'.
No latch inferred for signal `$paramod\cordic_stage\SHIFT=s32'00000000000000000000000000001000.\y_calc' from process `$paramod\cordic_stage\SHIFT=s32'00000000000000000000000000001000.$proc$cordic_stage.sv:0$1183'.
No latch inferred for signal `$paramod\cordic_stage\SHIFT=s32'00000000000000000000000000001000.\z_calc' from process `$paramod\cordic_stage\SHIFT=s32'00000000000000000000000000001000.$proc$cordic_stage.sv:0$1183'.
No latch inferred for signal `$paramod\cordic_stage\SHIFT=s32'00000000000000000000000000001001.\x_calc' from process `$paramod\cordic_stage\SHIFT=s32'00000000000000000000000000001001.$proc$cordic_stage.sv:0$1169'.
No latch inferred for signal `$paramod\cordic_stage\SHIFT=s32'00000000000000000000000000001001.\y_calc' from process `$paramod\cordic_stage\SHIFT=s32'00000000000000000000000000001001.$proc$cordic_stage.sv:0$1169'.
No latch inferred for signal `$paramod\cordic_stage\SHIFT=s32'00000000000000000000000000001001.\z_calc' from process `$paramod\cordic_stage\SHIFT=s32'00000000000000000000000000001001.$proc$cordic_stage.sv:0$1169'.
No latch inferred for signal `$paramod\cordic_stage\SHIFT=s32'00000000000000000000000000001010.\x_calc' from process `$paramod\cordic_stage\SHIFT=s32'00000000000000000000000000001010.$proc$cordic_stage.sv:0$1155'.
No latch inferred for signal `$paramod\cordic_stage\SHIFT=s32'00000000000000000000000000001010.\y_calc' from process `$paramod\cordic_stage\SHIFT=s32'00000000000000000000000000001010.$proc$cordic_stage.sv:0$1155'.
No latch inferred for signal `$paramod\cordic_stage\SHIFT=s32'00000000000000000000000000001010.\z_calc' from process `$paramod\cordic_stage\SHIFT=s32'00000000000000000000000000001010.$proc$cordic_stage.sv:0$1155'.
No latch inferred for signal `$paramod\cordic_stage\SHIFT=s32'00000000000000000000000000001011.\x_calc' from process `$paramod\cordic_stage\SHIFT=s32'00000000000000000000000000001011.$proc$cordic_stage.sv:0$1141'.
No latch inferred for signal `$paramod\cordic_stage\SHIFT=s32'00000000000000000000000000001011.\y_calc' from process `$paramod\cordic_stage\SHIFT=s32'00000000000000000000000000001011.$proc$cordic_stage.sv:0$1141'.
No latch inferred for signal `$paramod\cordic_stage\SHIFT=s32'00000000000000000000000000001011.\z_calc' from process `$paramod\cordic_stage\SHIFT=s32'00000000000000000000000000001011.$proc$cordic_stage.sv:0$1141'.
No latch inferred for signal `$paramod\cordic_stage\SHIFT=s32'00000000000000000000000000001100.\x_calc' from process `$paramod\cordic_stage\SHIFT=s32'00000000000000000000000000001100.$proc$cordic_stage.sv:0$1127'.
No latch inferred for signal `$paramod\cordic_stage\SHIFT=s32'00000000000000000000000000001100.\y_calc' from process `$paramod\cordic_stage\SHIFT=s32'00000000000000000000000000001100.$proc$cordic_stage.sv:0$1127'.
No latch inferred for signal `$paramod\cordic_stage\SHIFT=s32'00000000000000000000000000001100.\z_calc' from process `$paramod\cordic_stage\SHIFT=s32'00000000000000000000000000001100.$proc$cordic_stage.sv:0$1127'.
No latch inferred for signal `$paramod\cordic_stage\SHIFT=s32'00000000000000000000000000001101.\x_calc' from process `$paramod\cordic_stage\SHIFT=s32'00000000000000000000000000001101.$proc$cordic_stage.sv:0$1113'.
No latch inferred for signal `$paramod\cordic_stage\SHIFT=s32'00000000000000000000000000001101.\y_calc' from process `$paramod\cordic_stage\SHIFT=s32'00000000000000000000000000001101.$proc$cordic_stage.sv:0$1113'.
No latch inferred for signal `$paramod\cordic_stage\SHIFT=s32'00000000000000000000000000001101.\z_calc' from process `$paramod\cordic_stage\SHIFT=s32'00000000000000000000000000001101.$proc$cordic_stage.sv:0$1113'.
No latch inferred for signal `$paramod\cordic_stage\SHIFT=s32'00000000000000000000000000000000.\x_calc' from process `$paramod\cordic_stage\SHIFT=s32'00000000000000000000000000000000.$proc$cordic_stage.sv:0$1295'.
No latch inferred for signal `$paramod\cordic_stage\SHIFT=s32'00000000000000000000000000000000.\y_calc' from process `$paramod\cordic_stage\SHIFT=s32'00000000000000000000000000000000.$proc$cordic_stage.sv:0$1295'.
No latch inferred for signal `$paramod\cordic_stage\SHIFT=s32'00000000000000000000000000000000.\z_calc' from process `$paramod\cordic_stage\SHIFT=s32'00000000000000000000000000000000.$proc$cordic_stage.sv:0$1295'.
No latch inferred for signal `\cordic_pipeline.\x_pipe[0]' from process `\cordic_pipeline.$proc$cordic_pipeline.sv:0$1420'.
No latch inferred for signal `\cordic_pipeline.\x_pipe[1]' from process `\cordic_pipeline.$proc$cordic_pipeline.sv:0$1420'.
No latch inferred for signal `\cordic_pipeline.\x_pipe[2]' from process `\cordic_pipeline.$proc$cordic_pipeline.sv:0$1420'.
No latch inferred for signal `\cordic_pipeline.\x_pipe[3]' from process `\cordic_pipeline.$proc$cordic_pipeline.sv:0$1420'.
No latch inferred for signal `\cordic_pipeline.\x_pipe[4]' from process `\cordic_pipeline.$proc$cordic_pipeline.sv:0$1420'.
No latch inferred for signal `\cordic_pipeline.\x_pipe[5]' from process `\cordic_pipeline.$proc$cordic_pipeline.sv:0$1420'.
No latch inferred for signal `\cordic_pipeline.\x_pipe[6]' from process `\cordic_pipeline.$proc$cordic_pipeline.sv:0$1420'.
No latch inferred for signal `\cordic_pipeline.\x_pipe[7]' from process `\cordic_pipeline.$proc$cordic_pipeline.sv:0$1420'.
No latch inferred for signal `\cordic_pipeline.\x_pipe[8]' from process `\cordic_pipeline.$proc$cordic_pipeline.sv:0$1420'.
No latch inferred for signal `\cordic_pipeline.\x_pipe[9]' from process `\cordic_pipeline.$proc$cordic_pipeline.sv:0$1420'.
No latch inferred for signal `\cordic_pipeline.\x_pipe[10]' from process `\cordic_pipeline.$proc$cordic_pipeline.sv:0$1420'.
No latch inferred for signal `\cordic_pipeline.\x_pipe[11]' from process `\cordic_pipeline.$proc$cordic_pipeline.sv:0$1420'.
No latch inferred for signal `\cordic_pipeline.\x_pipe[12]' from process `\cordic_pipeline.$proc$cordic_pipeline.sv:0$1420'.
No latch inferred for signal `\cordic_pipeline.\x_pipe[13]' from process `\cordic_pipeline.$proc$cordic_pipeline.sv:0$1420'.
No latch inferred for signal `\cordic_pipeline.\x_pipe[14]' from process `\cordic_pipeline.$proc$cordic_pipeline.sv:0$1420'.
No latch inferred for signal `\cordic_pipeline.\y_pipe[0]' from process `\cordic_pipeline.$proc$cordic_pipeline.sv:0$1420'.
No latch inferred for signal `\cordic_pipeline.\y_pipe[1]' from process `\cordic_pipeline.$proc$cordic_pipeline.sv:0$1420'.
No latch inferred for signal `\cordic_pipeline.\y_pipe[2]' from process `\cordic_pipeline.$proc$cordic_pipeline.sv:0$1420'.
No latch inferred for signal `\cordic_pipeline.\y_pipe[3]' from process `\cordic_pipeline.$proc$cordic_pipeline.sv:0$1420'.
No latch inferred for signal `\cordic_pipeline.\y_pipe[4]' from process `\cordic_pipeline.$proc$cordic_pipeline.sv:0$1420'.
No latch inferred for signal `\cordic_pipeline.\y_pipe[5]' from process `\cordic_pipeline.$proc$cordic_pipeline.sv:0$1420'.
No latch inferred for signal `\cordic_pipeline.\y_pipe[6]' from process `\cordic_pipeline.$proc$cordic_pipeline.sv:0$1420'.
No latch inferred for signal `\cordic_pipeline.\y_pipe[7]' from process `\cordic_pipeline.$proc$cordic_pipeline.sv:0$1420'.
No latch inferred for signal `\cordic_pipeline.\y_pipe[8]' from process `\cordic_pipeline.$proc$cordic_pipeline.sv:0$1420'.
No latch inferred for signal `\cordic_pipeline.\y_pipe[9]' from process `\cordic_pipeline.$proc$cordic_pipeline.sv:0$1420'.
No latch inferred for signal `\cordic_pipeline.\y_pipe[10]' from process `\cordic_pipeline.$proc$cordic_pipeline.sv:0$1420'.
No latch inferred for signal `\cordic_pipeline.\y_pipe[11]' from process `\cordic_pipeline.$proc$cordic_pipeline.sv:0$1420'.
No latch inferred for signal `\cordic_pipeline.\y_pipe[12]' from process `\cordic_pipeline.$proc$cordic_pipeline.sv:0$1420'.
No latch inferred for signal `\cordic_pipeline.\y_pipe[13]' from process `\cordic_pipeline.$proc$cordic_pipeline.sv:0$1420'.
No latch inferred for signal `\cordic_pipeline.\y_pipe[14]' from process `\cordic_pipeline.$proc$cordic_pipeline.sv:0$1420'.
No latch inferred for signal `\cordic_pipeline.\z_pipe[0]' from process `\cordic_pipeline.$proc$cordic_pipeline.sv:0$1420'.
No latch inferred for signal `\cordic_pipeline.\z_pipe[1]' from process `\cordic_pipeline.$proc$cordic_pipeline.sv:0$1420'.
No latch inferred for signal `\cordic_pipeline.\z_pipe[2]' from process `\cordic_pipeline.$proc$cordic_pipeline.sv:0$1420'.
No latch inferred for signal `\cordic_pipeline.\z_pipe[3]' from process `\cordic_pipeline.$proc$cordic_pipeline.sv:0$1420'.
No latch inferred for signal `\cordic_pipeline.\z_pipe[4]' from process `\cordic_pipeline.$proc$cordic_pipeline.sv:0$1420'.
No latch inferred for signal `\cordic_pipeline.\z_pipe[5]' from process `\cordic_pipeline.$proc$cordic_pipeline.sv:0$1420'.
No latch inferred for signal `\cordic_pipeline.\z_pipe[6]' from process `\cordic_pipeline.$proc$cordic_pipeline.sv:0$1420'.
No latch inferred for signal `\cordic_pipeline.\z_pipe[7]' from process `\cordic_pipeline.$proc$cordic_pipeline.sv:0$1420'.
No latch inferred for signal `\cordic_pipeline.\z_pipe[8]' from process `\cordic_pipeline.$proc$cordic_pipeline.sv:0$1420'.
No latch inferred for signal `\cordic_pipeline.\z_pipe[9]' from process `\cordic_pipeline.$proc$cordic_pipeline.sv:0$1420'.
No latch inferred for signal `\cordic_pipeline.\z_pipe[10]' from process `\cordic_pipeline.$proc$cordic_pipeline.sv:0$1420'.
No latch inferred for signal `\cordic_pipeline.\z_pipe[11]' from process `\cordic_pipeline.$proc$cordic_pipeline.sv:0$1420'.
No latch inferred for signal `\cordic_pipeline.\z_pipe[12]' from process `\cordic_pipeline.$proc$cordic_pipeline.sv:0$1420'.
No latch inferred for signal `\cordic_pipeline.\z_pipe[13]' from process `\cordic_pipeline.$proc$cordic_pipeline.sv:0$1420'.
No latch inferred for signal `\cordic_pipeline.\z_pipe[14]' from process `\cordic_pipeline.$proc$cordic_pipeline.sv:0$1420'.
No latch inferred for signal `\cordic_pipeline.\valid_pipe[0]' from process `\cordic_pipeline.$proc$cordic_pipeline.sv:0$1420'.
No latch inferred for signal `\cordic_pipeline.\valid_pipe[1]' from process `\cordic_pipeline.$proc$cordic_pipeline.sv:0$1420'.
No latch inferred for signal `\cordic_pipeline.\valid_pipe[2]' from process `\cordic_pipeline.$proc$cordic_pipeline.sv:0$1420'.
No latch inferred for signal `\cordic_pipeline.\valid_pipe[3]' from process `\cordic_pipeline.$proc$cordic_pipeline.sv:0$1420'.
No latch inferred for signal `\cordic_pipeline.\valid_pipe[4]' from process `\cordic_pipeline.$proc$cordic_pipeline.sv:0$1420'.
No latch inferred for signal `\cordic_pipeline.\valid_pipe[5]' from process `\cordic_pipeline.$proc$cordic_pipeline.sv:0$1420'.
No latch inferred for signal `\cordic_pipeline.\valid_pipe[6]' from process `\cordic_pipeline.$proc$cordic_pipeline.sv:0$1420'.
No latch inferred for signal `\cordic_pipeline.\valid_pipe[7]' from process `\cordic_pipeline.$proc$cordic_pipeline.sv:0$1420'.
No latch inferred for signal `\cordic_pipeline.\valid_pipe[8]' from process `\cordic_pipeline.$proc$cordic_pipeline.sv:0$1420'.
No latch inferred for signal `\cordic_pipeline.\valid_pipe[9]' from process `\cordic_pipeline.$proc$cordic_pipeline.sv:0$1420'.
No latch inferred for signal `\cordic_pipeline.\valid_pipe[10]' from process `\cordic_pipeline.$proc$cordic_pipeline.sv:0$1420'.
No latch inferred for signal `\cordic_pipeline.\valid_pipe[11]' from process `\cordic_pipeline.$proc$cordic_pipeline.sv:0$1420'.
No latch inferred for signal `\cordic_pipeline.\valid_pipe[12]' from process `\cordic_pipeline.$proc$cordic_pipeline.sv:0$1420'.
No latch inferred for signal `\cordic_pipeline.\valid_pipe[13]' from process `\cordic_pipeline.$proc$cordic_pipeline.sv:0$1420'.
No latch inferred for signal `\cordic_pipeline.\valid_pipe[14]' from process `\cordic_pipeline.$proc$cordic_pipeline.sv:0$1420'.

3.4.9. Executing PROC_DFF pass (convert process syncs to FFs).
Creating register for signal `$paramod\cordic_stage\SHIFT=s32'00000000000000000000000000000001.\valid_out' using process `$paramod\cordic_stage\SHIFT=s32'00000000000000000000000000000001.$proc$cordic_stage.sv:56$1293'.
  created $dff cell `$procdff$1821' with positive edge clock.
Creating register for signal `$paramod\cordic_stage\SHIFT=s32'00000000000000000000000000000001.\x_out' using process `$paramod\cordic_stage\SHIFT=s32'00000000000000000000000000000001.$proc$cordic_stage.sv:56$1293'.
  created $dff cell `$procdff$1822' with positive edge clock.
Creating register for signal `$paramod\cordic_stage\SHIFT=s32'00000000000000000000000000000001.\y_out' using process `$paramod\cordic_stage\SHIFT=s32'00000000000000000000000000000001.$proc$cordic_stage.sv:56$1293'.
  created $dff cell `$procdff$1823' with positive edge clock.
Creating register for signal `$paramod\cordic_stage\SHIFT=s32'00000000000000000000000000000001.\z_out' using process `$paramod\cordic_stage\SHIFT=s32'00000000000000000000000000000001.$proc$cordic_stage.sv:56$1293'.
  created $dff cell `$procdff$1824' with positive edge clock.
Creating register for signal `$paramod\cordic_stage\SHIFT=s32'00000000000000000000000000000010.\valid_out' using process `$paramod\cordic_stage\SHIFT=s32'00000000000000000000000000000010.$proc$cordic_stage.sv:56$1279'.
  created $dff cell `$procdff$1825' with positive edge clock.
Creating register for signal `$paramod\cordic_stage\SHIFT=s32'00000000000000000000000000000010.\x_out' using process `$paramod\cordic_stage\SHIFT=s32'00000000000000000000000000000010.$proc$cordic_stage.sv:56$1279'.
  created $dff cell `$procdff$1826' with positive edge clock.
Creating register for signal `$paramod\cordic_stage\SHIFT=s32'00000000000000000000000000000010.\y_out' using process `$paramod\cordic_stage\SHIFT=s32'00000000000000000000000000000010.$proc$cordic_stage.sv:56$1279'.
  created $dff cell `$procdff$1827' with positive edge clock.
Creating register for signal `$paramod\cordic_stage\SHIFT=s32'00000000000000000000000000000010.\z_out' using process `$paramod\cordic_stage\SHIFT=s32'00000000000000000000000000000010.$proc$cordic_stage.sv:56$1279'.
  created $dff cell `$procdff$1828' with positive edge clock.
Creating register for signal `$paramod\cordic_stage\SHIFT=s32'00000000000000000000000000000011.\valid_out' using process `$paramod\cordic_stage\SHIFT=s32'00000000000000000000000000000011.$proc$cordic_stage.sv:56$1265'.
  created $dff cell `$procdff$1829' with positive edge clock.
Creating register for signal `$paramod\cordic_stage\SHIFT=s32'00000000000000000000000000000011.\x_out' using process `$paramod\cordic_stage\SHIFT=s32'00000000000000000000000000000011.$proc$cordic_stage.sv:56$1265'.
  created $dff cell `$procdff$1830' with positive edge clock.
Creating register for signal `$paramod\cordic_stage\SHIFT=s32'00000000000000000000000000000011.\y_out' using process `$paramod\cordic_stage\SHIFT=s32'00000000000000000000000000000011.$proc$cordic_stage.sv:56$1265'.
  created $dff cell `$procdff$1831' with positive edge clock.
Creating register for signal `$paramod\cordic_stage\SHIFT=s32'00000000000000000000000000000011.\z_out' using process `$paramod\cordic_stage\SHIFT=s32'00000000000000000000000000000011.$proc$cordic_stage.sv:56$1265'.
  created $dff cell `$procdff$1832' with positive edge clock.
Creating register for signal `$paramod\cordic_stage\SHIFT=s32'00000000000000000000000000000100.\valid_out' using process `$paramod\cordic_stage\SHIFT=s32'00000000000000000000000000000100.$proc$cordic_stage.sv:56$1251'.
  created $dff cell `$procdff$1833' with positive edge clock.
Creating register for signal `$paramod\cordic_stage\SHIFT=s32'00000000000000000000000000000100.\x_out' using process `$paramod\cordic_stage\SHIFT=s32'00000000000000000000000000000100.$proc$cordic_stage.sv:56$1251'.
  created $dff cell `$procdff$1834' with positive edge clock.
Creating register for signal `$paramod\cordic_stage\SHIFT=s32'00000000000000000000000000000100.\y_out' using process `$paramod\cordic_stage\SHIFT=s32'00000000000000000000000000000100.$proc$cordic_stage.sv:56$1251'.
  created $dff cell `$procdff$1835' with positive edge clock.
Creating register for signal `$paramod\cordic_stage\SHIFT=s32'00000000000000000000000000000100.\z_out' using process `$paramod\cordic_stage\SHIFT=s32'00000000000000000000000000000100.$proc$cordic_stage.sv:56$1251'.
  created $dff cell `$procdff$1836' with positive edge clock.
Creating register for signal `$paramod\cordic_stage\SHIFT=s32'00000000000000000000000000000101.\valid_out' using process `$paramod\cordic_stage\SHIFT=s32'00000000000000000000000000000101.$proc$cordic_stage.sv:56$1237'.
  created $dff cell `$procdff$1837' with positive edge clock.
Creating register for signal `$paramod\cordic_stage\SHIFT=s32'00000000000000000000000000000101.\x_out' using process `$paramod\cordic_stage\SHIFT=s32'00000000000000000000000000000101.$proc$cordic_stage.sv:56$1237'.
  created $dff cell `$procdff$1838' with positive edge clock.
Creating register for signal `$paramod\cordic_stage\SHIFT=s32'00000000000000000000000000000101.\y_out' using process `$paramod\cordic_stage\SHIFT=s32'00000000000000000000000000000101.$proc$cordic_stage.sv:56$1237'.
  created $dff cell `$procdff$1839' with positive edge clock.
Creating register for signal `$paramod\cordic_stage\SHIFT=s32'00000000000000000000000000000101.\z_out' using process `$paramod\cordic_stage\SHIFT=s32'00000000000000000000000000000101.$proc$cordic_stage.sv:56$1237'.
  created $dff cell `$procdff$1840' with positive edge clock.
Creating register for signal `$paramod\cordic_stage\SHIFT=s32'00000000000000000000000000000110.\valid_out' using process `$paramod\cordic_stage\SHIFT=s32'00000000000000000000000000000110.$proc$cordic_stage.sv:56$1223'.
  created $dff cell `$procdff$1841' with positive edge clock.
Creating register for signal `$paramod\cordic_stage\SHIFT=s32'00000000000000000000000000000110.\x_out' using process `$paramod\cordic_stage\SHIFT=s32'00000000000000000000000000000110.$proc$cordic_stage.sv:56$1223'.
  created $dff cell `$procdff$1842' with positive edge clock.
Creating register for signal `$paramod\cordic_stage\SHIFT=s32'00000000000000000000000000000110.\y_out' using process `$paramod\cordic_stage\SHIFT=s32'00000000000000000000000000000110.$proc$cordic_stage.sv:56$1223'.
  created $dff cell `$procdff$1843' with positive edge clock.
Creating register for signal `$paramod\cordic_stage\SHIFT=s32'00000000000000000000000000000110.\z_out' using process `$paramod\cordic_stage\SHIFT=s32'00000000000000000000000000000110.$proc$cordic_stage.sv:56$1223'.
  created $dff cell `$procdff$1844' with positive edge clock.
Creating register for signal `$paramod\cordic_stage\SHIFT=s32'00000000000000000000000000000111.\valid_out' using process `$paramod\cordic_stage\SHIFT=s32'00000000000000000000000000000111.$proc$cordic_stage.sv:56$1209'.
  created $dff cell `$procdff$1845' with positive edge clock.
Creating register for signal `$paramod\cordic_stage\SHIFT=s32'00000000000000000000000000000111.\x_out' using process `$paramod\cordic_stage\SHIFT=s32'00000000000000000000000000000111.$proc$cordic_stage.sv:56$1209'.
  created $dff cell `$procdff$1846' with positive edge clock.
Creating register for signal `$paramod\cordic_stage\SHIFT=s32'00000000000000000000000000000111.\y_out' using process `$paramod\cordic_stage\SHIFT=s32'00000000000000000000000000000111.$proc$cordic_stage.sv:56$1209'.
  created $dff cell `$procdff$1847' with positive edge clock.
Creating register for signal `$paramod\cordic_stage\SHIFT=s32'00000000000000000000000000000111.\z_out' using process `$paramod\cordic_stage\SHIFT=s32'00000000000000000000000000000111.$proc$cordic_stage.sv:56$1209'.
  created $dff cell `$procdff$1848' with positive edge clock.
Creating register for signal `$paramod\cordic_stage\SHIFT=s32'00000000000000000000000000001000.\valid_out' using process `$paramod\cordic_stage\SHIFT=s32'00000000000000000000000000001000.$proc$cordic_stage.sv:56$1195'.
  created $dff cell `$procdff$1849' with positive edge clock.
Creating register for signal `$paramod\cordic_stage\SHIFT=s32'00000000000000000000000000001000.\x_out' using process `$paramod\cordic_stage\SHIFT=s32'00000000000000000000000000001000.$proc$cordic_stage.sv:56$1195'.
  created $dff cell `$procdff$1850' with positive edge clock.
Creating register for signal `$paramod\cordic_stage\SHIFT=s32'00000000000000000000000000001000.\y_out' using process `$paramod\cordic_stage\SHIFT=s32'00000000000000000000000000001000.$proc$cordic_stage.sv:56$1195'.
  created $dff cell `$procdff$1851' with positive edge clock.
Creating register for signal `$paramod\cordic_stage\SHIFT=s32'00000000000000000000000000001000.\z_out' using process `$paramod\cordic_stage\SHIFT=s32'00000000000000000000000000001000.$proc$cordic_stage.sv:56$1195'.
  created $dff cell `$procdff$1852' with positive edge clock.
Creating register for signal `$paramod\cordic_stage\SHIFT=s32'00000000000000000000000000001001.\valid_out' using process `$paramod\cordic_stage\SHIFT=s32'00000000000000000000000000001001.$proc$cordic_stage.sv:56$1181'.
  created $dff cell `$procdff$1853' with positive edge clock.
Creating register for signal `$paramod\cordic_stage\SHIFT=s32'00000000000000000000000000001001.\x_out' using process `$paramod\cordic_stage\SHIFT=s32'00000000000000000000000000001001.$proc$cordic_stage.sv:56$1181'.
  created $dff cell `$procdff$1854' with positive edge clock.
Creating register for signal `$paramod\cordic_stage\SHIFT=s32'00000000000000000000000000001001.\y_out' using process `$paramod\cordic_stage\SHIFT=s32'00000000000000000000000000001001.$proc$cordic_stage.sv:56$1181'.
  created $dff cell `$procdff$1855' with positive edge clock.
Creating register for signal `$paramod\cordic_stage\SHIFT=s32'00000000000000000000000000001001.\z_out' using process `$paramod\cordic_stage\SHIFT=s32'00000000000000000000000000001001.$proc$cordic_stage.sv:56$1181'.
  created $dff cell `$procdff$1856' with positive edge clock.
Creating register for signal `$paramod\cordic_stage\SHIFT=s32'00000000000000000000000000001010.\valid_out' using process `$paramod\cordic_stage\SHIFT=s32'00000000000000000000000000001010.$proc$cordic_stage.sv:56$1167'.
  created $dff cell `$procdff$1857' with positive edge clock.
Creating register for signal `$paramod\cordic_stage\SHIFT=s32'00000000000000000000000000001010.\x_out' using process `$paramod\cordic_stage\SHIFT=s32'00000000000000000000000000001010.$proc$cordic_stage.sv:56$1167'.
  created $dff cell `$procdff$1858' with positive edge clock.
Creating register for signal `$paramod\cordic_stage\SHIFT=s32'00000000000000000000000000001010.\y_out' using process `$paramod\cordic_stage\SHIFT=s32'00000000000000000000000000001010.$proc$cordic_stage.sv:56$1167'.
  created $dff cell `$procdff$1859' with positive edge clock.
Creating register for signal `$paramod\cordic_stage\SHIFT=s32'00000000000000000000000000001010.\z_out' using process `$paramod\cordic_stage\SHIFT=s32'00000000000000000000000000001010.$proc$cordic_stage.sv:56$1167'.
  created $dff cell `$procdff$1860' with positive edge clock.
Creating register for signal `$paramod\cordic_stage\SHIFT=s32'00000000000000000000000000001011.\valid_out' using process `$paramod\cordic_stage\SHIFT=s32'00000000000000000000000000001011.$proc$cordic_stage.sv:56$1153'.
  created $dff cell `$procdff$1861' with positive edge clock.
Creating register for signal `$paramod\cordic_stage\SHIFT=s32'00000000000000000000000000001011.\x_out' using process `$paramod\cordic_stage\SHIFT=s32'00000000000000000000000000001011.$proc$cordic_stage.sv:56$1153'.
  created $dff cell `$procdff$1862' with positive edge clock.
Creating register for signal `$paramod\cordic_stage\SHIFT=s32'00000000000000000000000000001011.\y_out' using process `$paramod\cordic_stage\SHIFT=s32'00000000000000000000000000001011.$proc$cordic_stage.sv:56$1153'.
  created $dff cell `$procdff$1863' with positive edge clock.
Creating register for signal `$paramod\cordic_stage\SHIFT=s32'00000000000000000000000000001011.\z_out' using process `$paramod\cordic_stage\SHIFT=s32'00000000000000000000000000001011.$proc$cordic_stage.sv:56$1153'.
  created $dff cell `$procdff$1864' with positive edge clock.
Creating register for signal `$paramod\cordic_stage\SHIFT=s32'00000000000000000000000000001100.\valid_out' using process `$paramod\cordic_stage\SHIFT=s32'00000000000000000000000000001100.$proc$cordic_stage.sv:56$1139'.
  created $dff cell `$procdff$1865' with positive edge clock.
Creating register for signal `$paramod\cordic_stage\SHIFT=s32'00000000000000000000000000001100.\x_out' using process `$paramod\cordic_stage\SHIFT=s32'00000000000000000000000000001100.$proc$cordic_stage.sv:56$1139'.
  created $dff cell `$procdff$1866' with positive edge clock.
Creating register for signal `$paramod\cordic_stage\SHIFT=s32'00000000000000000000000000001100.\y_out' using process `$paramod\cordic_stage\SHIFT=s32'00000000000000000000000000001100.$proc$cordic_stage.sv:56$1139'.
  created $dff cell `$procdff$1867' with positive edge clock.
Creating register for signal `$paramod\cordic_stage\SHIFT=s32'00000000000000000000000000001100.\z_out' using process `$paramod\cordic_stage\SHIFT=s32'00000000000000000000000000001100.$proc$cordic_stage.sv:56$1139'.
  created $dff cell `$procdff$1868' with positive edge clock.
Creating register for signal `$paramod\cordic_stage\SHIFT=s32'00000000000000000000000000001101.\valid_out' using process `$paramod\cordic_stage\SHIFT=s32'00000000000000000000000000001101.$proc$cordic_stage.sv:56$1125'.
  created $dff cell `$procdff$1869' with positive edge clock.
Creating register for signal `$paramod\cordic_stage\SHIFT=s32'00000000000000000000000000001101.\x_out' using process `$paramod\cordic_stage\SHIFT=s32'00000000000000000000000000001101.$proc$cordic_stage.sv:56$1125'.
  created $dff cell `$procdff$1870' with positive edge clock.
Creating register for signal `$paramod\cordic_stage\SHIFT=s32'00000000000000000000000000001101.\y_out' using process `$paramod\cordic_stage\SHIFT=s32'00000000000000000000000000001101.$proc$cordic_stage.sv:56$1125'.
  created $dff cell `$procdff$1871' with positive edge clock.
Creating register for signal `$paramod\cordic_stage\SHIFT=s32'00000000000000000000000000001101.\z_out' using process `$paramod\cordic_stage\SHIFT=s32'00000000000000000000000000001101.$proc$cordic_stage.sv:56$1125'.
  created $dff cell `$procdff$1872' with positive edge clock.
Creating register for signal `\SRLC32E.\r' using process `\SRLC32E.$proc$/usr/bin/../share/yosys/xilinx/cells_sim.v:2413$1058'.
  created $dff cell `$procdff$1873' with positive edge clock.
Creating register for signal `\SRLC16E.\r' using process `\SRLC16E.$proc$/usr/bin/../share/yosys/xilinx/cells_sim.v:2369$1051'.
  created $dff cell `$procdff$1874' with positive edge clock.
Creating register for signal `\SRLC16.\r' using process `\SRLC16.$proc$/usr/bin/../share/yosys/xilinx/cells_sim.v:2332$1044'.
  created $dff cell `$procdff$1875' with positive edge clock.
Creating register for signal `\SRL16E.\r' using process `\SRL16E.$proc$/usr/bin/../share/yosys/xilinx/cells_sim.v:2299$1041'.
  created $dff cell `$procdff$1876' with positive edge clock.
Creating register for signal `\SRL16.\r' using process `\SRL16.$proc$/usr/bin/../share/yosys/xilinx/cells_sim.v:2266$1034'.
  created $dff cell `$procdff$1877' with positive edge clock.
Creating register for signal `\RAM64M.\mem_a' using process `\RAM64M.$proc$/usr/bin/../share/yosys/xilinx/cells_sim.v:1986$930'.
  created $dff cell `$procdff$1878' with positive edge clock.
Creating register for signal `\RAM64M.\mem_b' using process `\RAM64M.$proc$/usr/bin/../share/yosys/xilinx/cells_sim.v:1986$930'.
  created $dff cell `$procdff$1879' with positive edge clock.
Creating register for signal `\RAM64M.\mem_c' using process `\RAM64M.$proc$/usr/bin/../share/yosys/xilinx/cells_sim.v:1986$930'.
  created $dff cell `$procdff$1880' with positive edge clock.
Creating register for signal `\RAM64M.\mem_d' using process `\RAM64M.$proc$/usr/bin/../share/yosys/xilinx/cells_sim.v:1986$930'.
  created $dff cell `$procdff$1881' with positive edge clock.
Creating register for signal `\RAM64M.$bitselwrite$pos$/usr/bin/../share/yosys/xilinx/cells_sim.v:1988$917' using process `\RAM64M.$proc$/usr/bin/../share/yosys/xilinx/cells_sim.v:1986$930'.
  created $dff cell `$procdff$1882' with positive edge clock.
Creating register for signal `\RAM64M.$bitselwrite$pos$/usr/bin/../share/yosys/xilinx/cells_sim.v:1989$918' using process `\RAM64M.$proc$/usr/bin/../share/yosys/xilinx/cells_sim.v:1986$930'.
  created $dff cell `$procdff$1883' with positive edge clock.
Creating register for signal `\RAM64M.$bitselwrite$pos$/usr/bin/../share/yosys/xilinx/cells_sim.v:1990$919' using process `\RAM64M.$proc$/usr/bin/../share/yosys/xilinx/cells_sim.v:1986$930'.
  created $dff cell `$procdff$1884' with positive edge clock.
Creating register for signal `\RAM64M.$bitselwrite$pos$/usr/bin/../share/yosys/xilinx/cells_sim.v:1991$920' using process `\RAM64M.$proc$/usr/bin/../share/yosys/xilinx/cells_sim.v:1986$930'.
  created $dff cell `$procdff$1885' with positive edge clock.
Creating register for signal `\RAM64M.$lookahead\mem_a$926' using process `\RAM64M.$proc$/usr/bin/../share/yosys/xilinx/cells_sim.v:1986$930'.
  created $dff cell `$procdff$1886' with positive edge clock.
Creating register for signal `\RAM64M.$lookahead\mem_b$927' using process `\RAM64M.$proc$/usr/bin/../share/yosys/xilinx/cells_sim.v:1986$930'.
  created $dff cell `$procdff$1887' with positive edge clock.
Creating register for signal `\RAM64M.$lookahead\mem_c$928' using process `\RAM64M.$proc$/usr/bin/../share/yosys/xilinx/cells_sim.v:1986$930'.
  created $dff cell `$procdff$1888' with positive edge clock.
Creating register for signal `\RAM64M.$lookahead\mem_d$929' using process `\RAM64M.$proc$/usr/bin/../share/yosys/xilinx/cells_sim.v:1986$930'.
  created $dff cell `$procdff$1889' with positive edge clock.
Creating register for signal `\RAM32M.\mem_a' using process `\RAM32M.$proc$/usr/bin/../share/yosys/xilinx/cells_sim.v:1812$810'.
  created $dff cell `$procdff$1890' with positive edge clock.
Creating register for signal `\RAM32M.\mem_b' using process `\RAM32M.$proc$/usr/bin/../share/yosys/xilinx/cells_sim.v:1812$810'.
  created $dff cell `$procdff$1891' with positive edge clock.
Creating register for signal `\RAM32M.\mem_c' using process `\RAM32M.$proc$/usr/bin/../share/yosys/xilinx/cells_sim.v:1812$810'.
  created $dff cell `$procdff$1892' with positive edge clock.
Creating register for signal `\RAM32M.\mem_d' using process `\RAM32M.$proc$/usr/bin/../share/yosys/xilinx/cells_sim.v:1812$810'.
  created $dff cell `$procdff$1893' with positive edge clock.
Creating register for signal `\RAM32M.$bitselwrite$pos$/usr/bin/../share/yosys/xilinx/cells_sim.v:1814$789' using process `\RAM32M.$proc$/usr/bin/../share/yosys/xilinx/cells_sim.v:1812$810'.
  created $dff cell `$procdff$1894' with positive edge clock.
Creating register for signal `\RAM32M.$bitselwrite$pos$/usr/bin/../share/yosys/xilinx/cells_sim.v:1815$790' using process `\RAM32M.$proc$/usr/bin/../share/yosys/xilinx/cells_sim.v:1812$810'.
  created $dff cell `$procdff$1895' with positive edge clock.
Creating register for signal `\RAM32M.$bitselwrite$pos$/usr/bin/../share/yosys/xilinx/cells_sim.v:1816$791' using process `\RAM32M.$proc$/usr/bin/../share/yosys/xilinx/cells_sim.v:1812$810'.
  created $dff cell `$procdff$1896' with positive edge clock.
Creating register for signal `\RAM32M.$bitselwrite$pos$/usr/bin/../share/yosys/xilinx/cells_sim.v:1817$792' using process `\RAM32M.$proc$/usr/bin/../share/yosys/xilinx/cells_sim.v:1812$810'.
  created $dff cell `$procdff$1897' with positive edge clock.
Creating register for signal `\RAM32M.$lookahead\mem_a$806' using process `\RAM32M.$proc$/usr/bin/../share/yosys/xilinx/cells_sim.v:1812$810'.
  created $dff cell `$procdff$1898' with positive edge clock.
Creating register for signal `\RAM32M.$lookahead\mem_b$807' using process `\RAM32M.$proc$/usr/bin/../share/yosys/xilinx/cells_sim.v:1812$810'.
  created $dff cell `$procdff$1899' with positive edge clock.
Creating register for signal `\RAM32M.$lookahead\mem_c$808' using process `\RAM32M.$proc$/usr/bin/../share/yosys/xilinx/cells_sim.v:1812$810'.
  created $dff cell `$procdff$1900' with positive edge clock.
Creating register for signal `\RAM32M.$lookahead\mem_d$809' using process `\RAM32M.$proc$/usr/bin/../share/yosys/xilinx/cells_sim.v:1812$810'.
  created $dff cell `$procdff$1901' with positive edge clock.
Creating register for signal `\RAM128X1D.\mem' using process `\RAM128X1D.$proc$/usr/bin/../share/yosys/xilinx/cells_sim.v:1716$757'.
  created $dff cell `$procdff$1902' with positive edge clock.
Creating register for signal `\RAM128X1D.$bitselwrite$pos$/usr/bin/../share/yosys/xilinx/cells_sim.v:1716$752' using process `\RAM128X1D.$proc$/usr/bin/../share/yosys/xilinx/cells_sim.v:1716$757'.
  created $dff cell `$procdff$1903' with positive edge clock.
Creating register for signal `\RAM128X1D.$lookahead\mem$756' using process `\RAM128X1D.$proc$/usr/bin/../share/yosys/xilinx/cells_sim.v:1716$757'.
  created $dff cell `$procdff$1904' with positive edge clock.
Creating register for signal `\RAM64X1D.\mem' using process `\RAM64X1D.$proc$/usr/bin/../share/yosys/xilinx/cells_sim.v:1611$720'.
  created $dff cell `$procdff$1905' with positive edge clock.
Creating register for signal `\RAM64X1D.$bitselwrite$pos$/usr/bin/../share/yosys/xilinx/cells_sim.v:1611$715' using process `\RAM64X1D.$proc$/usr/bin/../share/yosys/xilinx/cells_sim.v:1611$720'.
  created $dff cell `$procdff$1906' with positive edge clock.
Creating register for signal `\RAM64X1D.$lookahead\mem$719' using process `\RAM64X1D.$proc$/usr/bin/../share/yosys/xilinx/cells_sim.v:1611$720'.
  created $dff cell `$procdff$1907' with positive edge clock.
Creating register for signal `\RAM32X1D_1.\mem' using process `\RAM32X1D_1.$proc$/usr/bin/../share/yosys/xilinx/cells_sim.v:1565$702'.
  created $dff cell `$procdff$1908' with negative edge clock.
Creating register for signal `\RAM32X1D_1.$bitselwrite$pos$/usr/bin/../share/yosys/xilinx/cells_sim.v:1565$697' using process `\RAM32X1D_1.$proc$/usr/bin/../share/yosys/xilinx/cells_sim.v:1565$702'.
  created $dff cell `$procdff$1909' with negative edge clock.
Creating register for signal `\RAM32X1D_1.$lookahead\mem$701' using process `\RAM32X1D_1.$proc$/usr/bin/../share/yosys/xilinx/cells_sim.v:1565$702'.
  created $dff cell `$procdff$1910' with negative edge clock.
Creating register for signal `\RAM32X1D.\mem' using process `\RAM32X1D.$proc$/usr/bin/../share/yosys/xilinx/cells_sim.v:1506$672'.
  created $dff cell `$procdff$1911' with positive edge clock.
Creating register for signal `\RAM32X1D.$bitselwrite$pos$/usr/bin/../share/yosys/xilinx/cells_sim.v:1506$667' using process `\RAM32X1D.$proc$/usr/bin/../share/yosys/xilinx/cells_sim.v:1506$672'.
  created $dff cell `$procdff$1912' with positive edge clock.
Creating register for signal `\RAM32X1D.$lookahead\mem$671' using process `\RAM32X1D.$proc$/usr/bin/../share/yosys/xilinx/cells_sim.v:1506$672'.
  created $dff cell `$procdff$1913' with positive edge clock.
Creating register for signal `\FDPE_1.\Q' using process `\FDPE_1.$proc$/usr/bin/../share/yosys/xilinx/cells_sim.v:815$621'.
  created $adff cell `$procdff$1916' with negative edge clock and positive level reset.
Creating register for signal `\FDPE.\Q' using process `\FDPE.$proc$/usr/bin/../share/yosys/xilinx/cells_sim.v:774$618'.
  created $adff cell `$procdff$1919' with positive edge clock and positive level reset.
Creating register for signal `\FDCE_1.\Q' using process `\FDCE_1.$proc$/usr/bin/../share/yosys/xilinx/cells_sim.v:736$603'.
  created $adff cell `$procdff$1922' with negative edge clock and positive level reset.
Creating register for signal `\FDCE.\Q' using process `\FDCE.$proc$/usr/bin/../share/yosys/xilinx/cells_sim.v:695$600'.
  created $adff cell `$procdff$1925' with positive edge clock and positive level reset.
Creating register for signal `\FDSE_1.\Q' using process `\FDSE_1.$proc$/usr/bin/../share/yosys/xilinx/cells_sim.v:592$585'.
  created $dff cell `$procdff$1926' with negative edge clock.
Creating register for signal `\FDSE.\Q' using process `\FDSE.$proc$/usr/bin/../share/yosys/xilinx/cells_sim.v:559$581'.
  created $dff cell `$procdff$1927' with positive edge clock.
Creating register for signal `\FDRE_1.\Q' using process `\FDRE_1.$proc$/usr/bin/../share/yosys/xilinx/cells_sim.v:527$563'.
  created $dff cell `$procdff$1928' with negative edge clock.
Creating register for signal `\FDRE.\Q' using process `\FDRE.$proc$/usr/bin/../share/yosys/xilinx/cells_sim.v:494$559'.
  created $dff cell `$procdff$1929' with positive edge clock.
Creating register for signal `$paramod\cordic_stage\SHIFT=s32'00000000000000000000000000000000.\valid_out' using process `$paramod\cordic_stage\SHIFT=s32'00000000000000000000000000000000.$proc$cordic_stage.sv:56$1307'.
  created $dff cell `$procdff$1930' with positive edge clock.
Creating register for signal `$paramod\cordic_stage\SHIFT=s32'00000000000000000000000000000000.\x_out' using process `$paramod\cordic_stage\SHIFT=s32'00000000000000000000000000000000.$proc$cordic_stage.sv:56$1307'.
  created $dff cell `$procdff$1931' with positive edge clock.
Creating register for signal `$paramod\cordic_stage\SHIFT=s32'00000000000000000000000000000000.\y_out' using process `$paramod\cordic_stage\SHIFT=s32'00000000000000000000000000000000.$proc$cordic_stage.sv:56$1307'.
  created $dff cell `$procdff$1932' with positive edge clock.
Creating register for signal `$paramod\cordic_stage\SHIFT=s32'00000000000000000000000000000000.\z_out' using process `$paramod\cordic_stage\SHIFT=s32'00000000000000000000000000000000.$proc$cordic_stage.sv:56$1307'.
  created $dff cell `$procdff$1933' with positive edge clock.

3.4.10. Executing PROC_MEMWR pass (convert process memory writes to cells).

3.4.11. Executing PROC_CLEAN pass (remove empty switches from decision trees).
Found and cleaned up 1 empty switch in `$paramod\cordic_stage\SHIFT=s32'00000000000000000000000000000001.$proc$cordic_stage.sv:56$1293'.
Removing empty process `$paramod\cordic_stage\SHIFT=s32'00000000000000000000000000000001.$proc$cordic_stage.sv:56$1293'.
Found and cleaned up 1 empty switch in `$paramod\cordic_stage\SHIFT=s32'00000000000000000000000000000001.$proc$cordic_stage.sv:0$1281'.
Removing empty process `$paramod\cordic_stage\SHIFT=s32'00000000000000000000000000000001.$proc$cordic_stage.sv:0$1281'.
Found and cleaned up 1 empty switch in `$paramod\cordic_stage\SHIFT=s32'00000000000000000000000000000010.$proc$cordic_stage.sv:56$1279'.
Removing empty process `$paramod\cordic_stage\SHIFT=s32'00000000000000000000000000000010.$proc$cordic_stage.sv:56$1279'.
Found and cleaned up 1 empty switch in `$paramod\cordic_stage\SHIFT=s32'00000000000000000000000000000010.$proc$cordic_stage.sv:0$1267'.
Removing empty process `$paramod\cordic_stage\SHIFT=s32'00000000000000000000000000000010.$proc$cordic_stage.sv:0$1267'.
Found and cleaned up 1 empty switch in `$paramod\cordic_stage\SHIFT=s32'00000000000000000000000000000011.$proc$cordic_stage.sv:56$1265'.
Removing empty process `$paramod\cordic_stage\SHIFT=s32'00000000000000000000000000000011.$proc$cordic_stage.sv:56$1265'.
Found and cleaned up 1 empty switch in `$paramod\cordic_stage\SHIFT=s32'00000000000000000000000000000011.$proc$cordic_stage.sv:0$1253'.
Removing empty process `$paramod\cordic_stage\SHIFT=s32'00000000000000000000000000000011.$proc$cordic_stage.sv:0$1253'.
Found and cleaned up 1 empty switch in `$paramod\cordic_stage\SHIFT=s32'00000000000000000000000000000100.$proc$cordic_stage.sv:56$1251'.
Removing empty process `$paramod\cordic_stage\SHIFT=s32'00000000000000000000000000000100.$proc$cordic_stage.sv:56$1251'.
Found and cleaned up 1 empty switch in `$paramod\cordic_stage\SHIFT=s32'00000000000000000000000000000100.$proc$cordic_stage.sv:0$1239'.
Removing empty process `$paramod\cordic_stage\SHIFT=s32'00000000000000000000000000000100.$proc$cordic_stage.sv:0$1239'.
Found and cleaned up 1 empty switch in `$paramod\cordic_stage\SHIFT=s32'00000000000000000000000000000101.$proc$cordic_stage.sv:56$1237'.
Removing empty process `$paramod\cordic_stage\SHIFT=s32'00000000000000000000000000000101.$proc$cordic_stage.sv:56$1237'.
Found and cleaned up 1 empty switch in `$paramod\cordic_stage\SHIFT=s32'00000000000000000000000000000101.$proc$cordic_stage.sv:0$1225'.
Removing empty process `$paramod\cordic_stage\SHIFT=s32'00000000000000000000000000000101.$proc$cordic_stage.sv:0$1225'.
Found and cleaned up 1 empty switch in `$paramod\cordic_stage\SHIFT=s32'00000000000000000000000000000110.$proc$cordic_stage.sv:56$1223'.
Removing empty process `$paramod\cordic_stage\SHIFT=s32'00000000000000000000000000000110.$proc$cordic_stage.sv:56$1223'.
Found and cleaned up 1 empty switch in `$paramod\cordic_stage\SHIFT=s32'00000000000000000000000000000110.$proc$cordic_stage.sv:0$1211'.
Removing empty process `$paramod\cordic_stage\SHIFT=s32'00000000000000000000000000000110.$proc$cordic_stage.sv:0$1211'.
Found and cleaned up 1 empty switch in `$paramod\cordic_stage\SHIFT=s32'00000000000000000000000000000111.$proc$cordic_stage.sv:56$1209'.
Removing empty process `$paramod\cordic_stage\SHIFT=s32'00000000000000000000000000000111.$proc$cordic_stage.sv:56$1209'.
Found and cleaned up 1 empty switch in `$paramod\cordic_stage\SHIFT=s32'00000000000000000000000000000111.$proc$cordic_stage.sv:0$1197'.
Removing empty process `$paramod\cordic_stage\SHIFT=s32'00000000000000000000000000000111.$proc$cordic_stage.sv:0$1197'.
Found and cleaned up 1 empty switch in `$paramod\cordic_stage\SHIFT=s32'00000000000000000000000000001000.$proc$cordic_stage.sv:56$1195'.
Removing empty process `$paramod\cordic_stage\SHIFT=s32'00000000000000000000000000001000.$proc$cordic_stage.sv:56$1195'.
Found and cleaned up 1 empty switch in `$paramod\cordic_stage\SHIFT=s32'00000000000000000000000000001000.$proc$cordic_stage.sv:0$1183'.
Removing empty process `$paramod\cordic_stage\SHIFT=s32'00000000000000000000000000001000.$proc$cordic_stage.sv:0$1183'.
Found and cleaned up 1 empty switch in `$paramod\cordic_stage\SHIFT=s32'00000000000000000000000000001001.$proc$cordic_stage.sv:56$1181'.
Removing empty process `$paramod\cordic_stage\SHIFT=s32'00000000000000000000000000001001.$proc$cordic_stage.sv:56$1181'.
Found and cleaned up 1 empty switch in `$paramod\cordic_stage\SHIFT=s32'00000000000000000000000000001001.$proc$cordic_stage.sv:0$1169'.
Removing empty process `$paramod\cordic_stage\SHIFT=s32'00000000000000000000000000001001.$proc$cordic_stage.sv:0$1169'.
Found and cleaned up 1 empty switch in `$paramod\cordic_stage\SHIFT=s32'00000000000000000000000000001010.$proc$cordic_stage.sv:56$1167'.
Removing empty process `$paramod\cordic_stage\SHIFT=s32'00000000000000000000000000001010.$proc$cordic_stage.sv:56$1167'.
Found and cleaned up 1 empty switch in `$paramod\cordic_stage\SHIFT=s32'00000000000000000000000000001010.$proc$cordic_stage.sv:0$1155'.
Removing empty process `$paramod\cordic_stage\SHIFT=s32'00000000000000000000000000001010.$proc$cordic_stage.sv:0$1155'.
Found and cleaned up 1 empty switch in `$paramod\cordic_stage\SHIFT=s32'00000000000000000000000000001011.$proc$cordic_stage.sv:56$1153'.
Removing empty process `$paramod\cordic_stage\SHIFT=s32'00000000000000000000000000001011.$proc$cordic_stage.sv:56$1153'.
Found and cleaned up 1 empty switch in `$paramod\cordic_stage\SHIFT=s32'00000000000000000000000000001011.$proc$cordic_stage.sv:0$1141'.
Removing empty process `$paramod\cordic_stage\SHIFT=s32'00000000000000000000000000001011.$proc$cordic_stage.sv:0$1141'.
Found and cleaned up 1 empty switch in `$paramod\cordic_stage\SHIFT=s32'00000000000000000000000000001100.$proc$cordic_stage.sv:56$1139'.
Removing empty process `$paramod\cordic_stage\SHIFT=s32'00000000000000000000000000001100.$proc$cordic_stage.sv:56$1139'.
Found and cleaned up 1 empty switch in `$paramod\cordic_stage\SHIFT=s32'00000000000000000000000000001100.$proc$cordic_stage.sv:0$1127'.
Removing empty process `$paramod\cordic_stage\SHIFT=s32'00000000000000000000000000001100.$proc$cordic_stage.sv:0$1127'.
Found and cleaned up 1 empty switch in `$paramod\cordic_stage\SHIFT=s32'00000000000000000000000000001101.$proc$cordic_stage.sv:56$1125'.
Removing empty process `$paramod\cordic_stage\SHIFT=s32'00000000000000000000000000001101.$proc$cordic_stage.sv:56$1125'.
Found and cleaned up 1 empty switch in `$paramod\cordic_stage\SHIFT=s32'00000000000000000000000000001101.$proc$cordic_stage.sv:0$1113'.
Removing empty process `$paramod\cordic_stage\SHIFT=s32'00000000000000000000000000001101.$proc$cordic_stage.sv:0$1113'.
Removing empty process `SRLC32E.$proc$/usr/bin/../share/yosys/xilinx/cells_sim.v:2405$1059'.
Found and cleaned up 1 empty switch in `\SRLC32E.$proc$/usr/bin/../share/yosys/xilinx/cells_sim.v:2413$1058'.
Removing empty process `SRLC32E.$proc$/usr/bin/../share/yosys/xilinx/cells_sim.v:2413$1058'.
Removing empty process `SRLC16E.$proc$/usr/bin/../share/yosys/xilinx/cells_sim.v:2361$1052'.
Found and cleaned up 1 empty switch in `\SRLC16E.$proc$/usr/bin/../share/yosys/xilinx/cells_sim.v:2369$1051'.
Removing empty process `SRLC16E.$proc$/usr/bin/../share/yosys/xilinx/cells_sim.v:2369$1051'.
Removing empty process `SRLC16.$proc$/usr/bin/../share/yosys/xilinx/cells_sim.v:2329$1045'.
Removing empty process `SRLC16.$proc$/usr/bin/../share/yosys/xilinx/cells_sim.v:2332$1044'.
Removing empty process `SRL16E.$proc$/usr/bin/../share/yosys/xilinx/cells_sim.v:2292$1042'.
Found and cleaned up 1 empty switch in `\SRL16E.$proc$/usr/bin/../share/yosys/xilinx/cells_sim.v:2299$1041'.
Removing empty process `SRL16E.$proc$/usr/bin/../share/yosys/xilinx/cells_sim.v:2299$1041'.
Removing empty process `SRL16.$proc$/usr/bin/../share/yosys/xilinx/cells_sim.v:2264$1035'.
Removing empty process `SRL16.$proc$/usr/bin/../share/yosys/xilinx/cells_sim.v:2266$1034'.
Removing empty process `RAM64M.$proc$/usr/bin/../share/yosys/xilinx/cells_sim.v:1980$1008'.
Removing empty process `RAM64M.$proc$/usr/bin/../share/yosys/xilinx/cells_sim.v:1979$1007'.
Removing empty process `RAM64M.$proc$/usr/bin/../share/yosys/xilinx/cells_sim.v:1978$1006'.
Removing empty process `RAM64M.$proc$/usr/bin/../share/yosys/xilinx/cells_sim.v:1977$1005'.
Found and cleaned up 1 empty switch in `\RAM64M.$proc$/usr/bin/../share/yosys/xilinx/cells_sim.v:1986$930'.
Removing empty process `RAM64M.$proc$/usr/bin/../share/yosys/xilinx/cells_sim.v:1986$930'.
Removing empty process `RAM32M.$proc$/usr/bin/../share/yosys/xilinx/cells_sim.v:1806$908'.
Removing empty process `RAM32M.$proc$/usr/bin/../share/yosys/xilinx/cells_sim.v:1805$907'.
Removing empty process `RAM32M.$proc$/usr/bin/../share/yosys/xilinx/cells_sim.v:1804$906'.
Removing empty process `RAM32M.$proc$/usr/bin/../share/yosys/xilinx/cells_sim.v:1803$905'.
Found and cleaned up 1 empty switch in `\RAM32M.$proc$/usr/bin/../share/yosys/xilinx/cells_sim.v:1812$810'.
Removing empty process `RAM32M.$proc$/usr/bin/../share/yosys/xilinx/cells_sim.v:1812$810'.
Removing empty process `RAM128X1D.$proc$/usr/bin/../share/yosys/xilinx/cells_sim.v:1712$787'.
Found and cleaned up 1 empty switch in `\RAM128X1D.$proc$/usr/bin/../share/yosys/xilinx/cells_sim.v:1716$757'.
Removing empty process `RAM128X1D.$proc$/usr/bin/../share/yosys/xilinx/cells_sim.v:1716$757'.
Removing empty process `RAM64X1D.$proc$/usr/bin/../share/yosys/xilinx/cells_sim.v:1607$750'.
Found and cleaned up 1 empty switch in `\RAM64X1D.$proc$/usr/bin/../share/yosys/xilinx/cells_sim.v:1611$720'.
Removing empty process `RAM64X1D.$proc$/usr/bin/../share/yosys/xilinx/cells_sim.v:1611$720'.
Removing empty process `RAM32X1D_1.$proc$/usr/bin/../share/yosys/xilinx/cells_sim.v:1561$714'.
Found and cleaned up 1 empty switch in `\RAM32X1D_1.$proc$/usr/bin/../share/yosys/xilinx/cells_sim.v:1565$702'.
Removing empty process `RAM32X1D_1.$proc$/usr/bin/../share/yosys/xilinx/cells_sim.v:1565$702'.
Removing empty process `RAM32X1D.$proc$/usr/bin/../share/yosys/xilinx/cells_sim.v:1502$696'.
Found and cleaned up 1 empty switch in `\RAM32X1D.$proc$/usr/bin/../share/yosys/xilinx/cells_sim.v:1506$672'.
Removing empty process `RAM32X1D.$proc$/usr/bin/../share/yosys/xilinx/cells_sim.v:1506$672'.
Removing empty process `FDPE_1.$proc$/usr/bin/../share/yosys/xilinx/cells_sim.v:0$624'.
Found and cleaned up 1 empty switch in `\FDPE_1.$proc$/usr/bin/../share/yosys/xilinx/cells_sim.v:815$621'.
Removing empty process `FDPE_1.$proc$/usr/bin/../share/yosys/xilinx/cells_sim.v:815$621'.
Removing empty process `FDPE.$proc$/usr/bin/../share/yosys/xilinx/cells_sim.v:0$620'.
Found and cleaned up 1 empty switch in `\FDPE.$proc$/usr/bin/../share/yosys/xilinx/cells_sim.v:774$618'.
Removing empty process `FDPE.$proc$/usr/bin/../share/yosys/xilinx/cells_sim.v:774$618'.
Removing empty process `FDCE_1.$proc$/usr/bin/../share/yosys/xilinx/cells_sim.v:0$606'.
Found and cleaned up 1 empty switch in `\FDCE_1.$proc$/usr/bin/../share/yosys/xilinx/cells_sim.v:736$603'.
Removing empty process `FDCE_1.$proc$/usr/bin/../share/yosys/xilinx/cells_sim.v:736$603'.
Removing empty process `FDCE.$proc$/usr/bin/../share/yosys/xilinx/cells_sim.v:0$602'.
Found and cleaned up 1 empty switch in `\FDCE.$proc$/usr/bin/../share/yosys/xilinx/cells_sim.v:695$600'.
Removing empty process `FDCE.$proc$/usr/bin/../share/yosys/xilinx/cells_sim.v:695$600'.
Removing empty process `FDSE_1.$proc$/usr/bin/../share/yosys/xilinx/cells_sim.v:0$588'.
Found and cleaned up 2 empty switches in `\FDSE_1.$proc$/usr/bin/../share/yosys/xilinx/cells_sim.v:592$585'.
Removing empty process `FDSE_1.$proc$/usr/bin/../share/yosys/xilinx/cells_sim.v:592$585'.
Removing empty process `FDSE.$proc$/usr/bin/../share/yosys/xilinx/cells_sim.v:0$584'.
Found and cleaned up 2 empty switches in `\FDSE.$proc$/usr/bin/../share/yosys/xilinx/cells_sim.v:559$581'.
Removing empty process `FDSE.$proc$/usr/bin/../share/yosys/xilinx/cells_sim.v:559$581'.
Removing empty process `FDRE_1.$proc$/usr/bin/../share/yosys/xilinx/cells_sim.v:0$566'.
Found and cleaned up 2 empty switches in `\FDRE_1.$proc$/usr/bin/../share/yosys/xilinx/cells_sim.v:527$563'.
Removing empty process `FDRE_1.$proc$/usr/bin/../share/yosys/xilinx/cells_sim.v:527$563'.
Removing empty process `FDRE.$proc$/usr/bin/../share/yosys/xilinx/cells_sim.v:0$562'.
Found and cleaned up 2 empty switches in `\FDRE.$proc$/usr/bin/../share/yosys/xilinx/cells_sim.v:494$559'.
Removing empty process `FDRE.$proc$/usr/bin/../share/yosys/xilinx/cells_sim.v:494$559'.
Found and cleaned up 1 empty switch in `$paramod\cordic_stage\SHIFT=s32'00000000000000000000000000000000.$proc$cordic_stage.sv:56$1307'.
Removing empty process `$paramod\cordic_stage\SHIFT=s32'00000000000000000000000000000000.$proc$cordic_stage.sv:56$1307'.
Found and cleaned up 1 empty switch in `$paramod\cordic_stage\SHIFT=s32'00000000000000000000000000000000.$proc$cordic_stage.sv:0$1295'.
Removing empty process `$paramod\cordic_stage\SHIFT=s32'00000000000000000000000000000000.$proc$cordic_stage.sv:0$1295'.
Removing empty process `cordic_pipeline.$proc$cordic_pipeline.sv:0$1420'.
Cleaned up 49 empty switches.

3.4.12. Executing OPT_EXPR pass (perform const folding).
Optimizing module $paramod\cordic_stage\SHIFT=s32'00000000000000000000000000000001.
<suppressed ~4 debug messages>
Optimizing module $paramod\cordic_stage\SHIFT=s32'00000000000000000000000000000010.
<suppressed ~4 debug messages>
Optimizing module $paramod\cordic_stage\SHIFT=s32'00000000000000000000000000000011.
<suppressed ~4 debug messages>
Optimizing module $paramod\cordic_stage\SHIFT=s32'00000000000000000000000000000100.
<suppressed ~4 debug messages>
Optimizing module $paramod\cordic_stage\SHIFT=s32'00000000000000000000000000000101.
<suppressed ~4 debug messages>
Optimizing module $paramod\cordic_stage\SHIFT=s32'00000000000000000000000000000110.
<suppressed ~4 debug messages>
Optimizing module $paramod\cordic_stage\SHIFT=s32'00000000000000000000000000000111.
<suppressed ~4 debug messages>
Optimizing module $paramod\cordic_stage\SHIFT=s32'00000000000000000000000000001000.
<suppressed ~4 debug messages>
Optimizing module $paramod\cordic_stage\SHIFT=s32'00000000000000000000000000001001.
<suppressed ~4 debug messages>
Optimizing module $paramod\cordic_stage\SHIFT=s32'00000000000000000000000000001010.
<suppressed ~4 debug messages>
Optimizing module $paramod\cordic_stage\SHIFT=s32'00000000000000000000000000001011.
<suppressed ~4 debug messages>
Optimizing module $paramod\cordic_stage\SHIFT=s32'00000000000000000000000000001100.
<suppressed ~4 debug messages>
Optimizing module $paramod\cordic_stage\SHIFT=s32'00000000000000000000000000001101.
<suppressed ~4 debug messages>
Optimizing module $paramod\cordic_stage\SHIFT=s32'00000000000000000000000000000000.
<suppressed ~4 debug messages>
Optimizing module cordic_pipeline.

3.5. Executing TRIBUF pass.

3.6. Executing DEMINOUT pass (demote inout ports to input or output).

3.7. Executing OPT_EXPR pass (perform const folding).
Optimizing module $paramod\cordic_stage\SHIFT=s32'00000000000000000000000000000001.
Optimizing module $paramod\cordic_stage\SHIFT=s32'00000000000000000000000000000010.
Optimizing module $paramod\cordic_stage\SHIFT=s32'00000000000000000000000000000011.
Optimizing module $paramod\cordic_stage\SHIFT=s32'00000000000000000000000000000100.
Optimizing module $paramod\cordic_stage\SHIFT=s32'00000000000000000000000000000101.
Optimizing module $paramod\cordic_stage\SHIFT=s32'00000000000000000000000000000110.
Optimizing module $paramod\cordic_stage\SHIFT=s32'00000000000000000000000000000111.
Optimizing module $paramod\cordic_stage\SHIFT=s32'00000000000000000000000000001000.
Optimizing module $paramod\cordic_stage\SHIFT=s32'00000000000000000000000000001001.
Optimizing module $paramod\cordic_stage\SHIFT=s32'00000000000000000000000000001010.
Optimizing module $paramod\cordic_stage\SHIFT=s32'00000000000000000000000000001011.
Optimizing module $paramod\cordic_stage\SHIFT=s32'00000000000000000000000000001100.
Optimizing module $paramod\cordic_stage\SHIFT=s32'00000000000000000000000000001101.
Optimizing module $paramod\cordic_stage\SHIFT=s32'00000000000000000000000000000000.
Optimizing module cordic_pipeline.

3.8. Executing OPT_CLEAN pass (remove unused cells and wires).
Finding unused cells or wires in module $paramod\cordic_stage\SHIFT=s32'00000000000000000000000000000001..
Finding unused cells or wires in module $paramod\cordic_stage\SHIFT=s32'00000000000000000000000000000010..
Finding unused cells or wires in module $paramod\cordic_stage\SHIFT=s32'00000000000000000000000000000011..
Finding unused cells or wires in module $paramod\cordic_stage\SHIFT=s32'00000000000000000000000000000100..
Finding unused cells or wires in module $paramod\cordic_stage\SHIFT=s32'00000000000000000000000000000101..
Finding unused cells or wires in module $paramod\cordic_stage\SHIFT=s32'00000000000000000000000000000110..
Finding unused cells or wires in module $paramod\cordic_stage\SHIFT=s32'00000000000000000000000000000111..
Finding unused cells or wires in module $paramod\cordic_stage\SHIFT=s32'00000000000000000000000000001000..
Finding unused cells or wires in module $paramod\cordic_stage\SHIFT=s32'00000000000000000000000000001001..
Finding unused cells or wires in module $paramod\cordic_stage\SHIFT=s32'00000000000000000000000000001010..
Finding unused cells or wires in module $paramod\cordic_stage\SHIFT=s32'00000000000000000000000000001011..
Finding unused cells or wires in module $paramod\cordic_stage\SHIFT=s32'00000000000000000000000000001100..
Finding unused cells or wires in module $paramod\cordic_stage\SHIFT=s32'00000000000000000000000000001101..
Finding unused cells or wires in module $paramod\cordic_stage\SHIFT=s32'00000000000000000000000000000000..
Finding unused cells or wires in module \cordic_pipeline..
Removed 0 unused cells and 508 unused wires.
<suppressed ~15 debug messages>

3.9. Executing CHECK pass (checking for obvious problems).
Checking module $paramod\cordic_stage\SHIFT=s32'00000000000000000000000000000000...
Checking module $paramod\cordic_stage\SHIFT=s32'00000000000000000000000000000001...
Checking module $paramod\cordic_stage\SHIFT=s32'00000000000000000000000000000010...
Checking module $paramod\cordic_stage\SHIFT=s32'00000000000000000000000000000011...
Checking module $paramod\cordic_stage\SHIFT=s32'00000000000000000000000000000100...
Checking module $paramod\cordic_stage\SHIFT=s32'00000000000000000000000000000101...
Checking module $paramod\cordic_stage\SHIFT=s32'00000000000000000000000000000110...
Checking module $paramod\cordic_stage\SHIFT=s32'00000000000000000000000000000111...
Checking module $paramod\cordic_stage\SHIFT=s32'00000000000000000000000000001000...
Checking module $paramod\cordic_stage\SHIFT=s32'00000000000000000000000000001001...
Checking module $paramod\cordic_stage\SHIFT=s32'00000000000000000000000000001010...
Checking module $paramod\cordic_stage\SHIFT=s32'00000000000000000000000000001011...
Checking module $paramod\cordic_stage\SHIFT=s32'00000000000000000000000000001100...
Checking module $paramod\cordic_stage\SHIFT=s32'00000000000000000000000000001101...
Checking module cordic_pipeline...
Found and reported 0 problems.

3.10. Executing OPT pass (performing simple optimizations).

3.10.1. Executing OPT_EXPR pass (perform const folding).
Optimizing module $paramod\cordic_stage\SHIFT=s32'00000000000000000000000000000000.
Optimizing module $paramod\cordic_stage\SHIFT=s32'00000000000000000000000000000001.
Optimizing module $paramod\cordic_stage\SHIFT=s32'00000000000000000000000000000010.
Optimizing module $paramod\cordic_stage\SHIFT=s32'00000000000000000000000000000011.
Optimizing module $paramod\cordic_stage\SHIFT=s32'00000000000000000000000000000100.
Optimizing module $paramod\cordic_stage\SHIFT=s32'00000000000000000000000000000101.
Optimizing module $paramod\cordic_stage\SHIFT=s32'00000000000000000000000000000110.
Optimizing module $paramod\cordic_stage\SHIFT=s32'00000000000000000000000000000111.
Optimizing module $paramod\cordic_stage\SHIFT=s32'00000000000000000000000000001000.
Optimizing module $paramod\cordic_stage\SHIFT=s32'00000000000000000000000000001001.
Optimizing module $paramod\cordic_stage\SHIFT=s32'00000000000000000000000000001010.
Optimizing module $paramod\cordic_stage\SHIFT=s32'00000000000000000000000000001011.
Optimizing module $paramod\cordic_stage\SHIFT=s32'00000000000000000000000000001100.
Optimizing module $paramod\cordic_stage\SHIFT=s32'00000000000000000000000000001101.
Optimizing module cordic_pipeline.

3.10.2. Executing OPT_MERGE pass (detect identical cells).
Finding identical cells in module `$paramod\cordic_stage\SHIFT=s32'00000000000000000000000000000000'.
<suppressed ~3 debug messages>
Finding identical cells in module `$paramod\cordic_stage\SHIFT=s32'00000000000000000000000000000001'.
Finding identical cells in module `$paramod\cordic_stage\SHIFT=s32'00000000000000000000000000000010'.
Finding identical cells in module `$paramod\cordic_stage\SHIFT=s32'00000000000000000000000000000011'.
Finding identical cells in module `$paramod\cordic_stage\SHIFT=s32'00000000000000000000000000000100'.
Finding identical cells in module `$paramod\cordic_stage\SHIFT=s32'00000000000000000000000000000101'.
Finding identical cells in module `$paramod\cordic_stage\SHIFT=s32'00000000000000000000000000000110'.
Finding identical cells in module `$paramod\cordic_stage\SHIFT=s32'00000000000000000000000000000111'.
Finding identical cells in module `$paramod\cordic_stage\SHIFT=s32'00000000000000000000000000001000'.
Finding identical cells in module `$paramod\cordic_stage\SHIFT=s32'00000000000000000000000000001001'.
Finding identical cells in module `$paramod\cordic_stage\SHIFT=s32'00000000000000000000000000001010'.
Finding identical cells in module `$paramod\cordic_stage\SHIFT=s32'00000000000000000000000000001011'.
Finding identical cells in module `$paramod\cordic_stage\SHIFT=s32'00000000000000000000000000001100'.
Finding identical cells in module `$paramod\cordic_stage\SHIFT=s32'00000000000000000000000000001101'.
Finding identical cells in module `\cordic_pipeline'.
Removed a total of 1 cells.

3.10.3. Executing OPT_MUXTREE pass (detect dead branches in mux trees).
Running muxtree optimizer on module $paramod\cordic_stage\SHIFT=s32'00000000000000000000000000000000..
  Creating internal representation of mux trees.
  Evaluating internal representation of mux trees.
  Analyzing evaluation results.
Running muxtree optimizer on module $paramod\cordic_stage\SHIFT=s32'00000000000000000000000000000001..
  Creating internal representation of mux trees.
  Evaluating internal representation of mux trees.
  Analyzing evaluation results.
Running muxtree optimizer on module $paramod\cordic_stage\SHIFT=s32'00000000000000000000000000000010..
  Creating internal representation of mux trees.
  Evaluating internal representation of mux trees.
  Analyzing evaluation results.
Running muxtree optimizer on module $paramod\cordic_stage\SHIFT=s32'00000000000000000000000000000011..
  Creating internal representation of mux trees.
  Evaluating internal representation of mux trees.
  Analyzing evaluation results.
Running muxtree optimizer on module $paramod\cordic_stage\SHIFT=s32'00000000000000000000000000000100..
  Creating internal representation of mux trees.
  Evaluating internal representation of mux trees.
  Analyzing evaluation results.
Running muxtree optimizer on module $paramod\cordic_stage\SHIFT=s32'00000000000000000000000000000101..
  Creating internal representation of mux trees.
  Evaluating internal representation of mux trees.
  Analyzing evaluation results.
Running muxtree optimizer on module $paramod\cordic_stage\SHIFT=s32'00000000000000000000000000000110..
  Creating internal representation of mux trees.
  Evaluating internal representation of mux trees.
  Analyzing evaluation results.
Running muxtree optimizer on module $paramod\cordic_stage\SHIFT=s32'00000000000000000000000000000111..
  Creating internal representation of mux trees.
  Evaluating internal representation of mux trees.
  Analyzing evaluation results.
Running muxtree optimizer on module $paramod\cordic_stage\SHIFT=s32'00000000000000000000000000001000..
  Creating internal representation of mux trees.
  Evaluating internal representation of mux trees.
  Analyzing evaluation results.
Running muxtree optimizer on module $paramod\cordic_stage\SHIFT=s32'00000000000000000000000000001001..
  Creating internal representation of mux trees.
  Evaluating internal representation of mux trees.
  Analyzing evaluation results.
Running muxtree optimizer on module $paramod\cordic_stage\SHIFT=s32'00000000000000000000000000001010..
  Creating internal representation of mux trees.
  Evaluating internal representation of mux trees.
  Analyzing evaluation results.
Running muxtree optimizer on module $paramod\cordic_stage\SHIFT=s32'00000000000000000000000000001011..
  Creating internal representation of mux trees.
  Evaluating internal representation of mux trees.
  Analyzing evaluation results.
Running muxtree optimizer on module $paramod\cordic_stage\SHIFT=s32'00000000000000000000000000001100..
  Creating internal representation of mux trees.
  Evaluating internal representation of mux trees.
  Analyzing evaluation results.
Running muxtree optimizer on module $paramod\cordic_stage\SHIFT=s32'00000000000000000000000000001101..
  Creating internal representation of mux trees.
  Evaluating internal representation of mux trees.
  Analyzing evaluation results.
Running muxtree optimizer on module \cordic_pipeline..
  Creating internal representation of mux trees.
  No muxes found in this module.
Removed 0 multiplexer ports.
<suppressed ~56 debug messages>

3.10.4. Executing OPT_REDUCE pass (consolidate $*mux and $reduce_* inputs).
  Optimizing cells in module $paramod\cordic_stage\SHIFT=s32'00000000000000000000000000000000.
  Optimizing cells in module $paramod\cordic_stage\SHIFT=s32'00000000000000000000000000000001.
  Optimizing cells in module $paramod\cordic_stage\SHIFT=s32'00000000000000000000000000000010.
  Optimizing cells in module $paramod\cordic_stage\SHIFT=s32'00000000000000000000000000000011.
  Optimizing cells in module $paramod\cordic_stage\SHIFT=s32'00000000000000000000000000000100.
  Optimizing cells in module $paramod\cordic_stage\SHIFT=s32'00000000000000000000000000000101.
  Optimizing cells in module $paramod\cordic_stage\SHIFT=s32'00000000000000000000000000000110.
  Optimizing cells in module $paramod\cordic_stage\SHIFT=s32'00000000000000000000000000000111.
  Optimizing cells in module $paramod\cordic_stage\SHIFT=s32'00000000000000000000000000001000.
  Optimizing cells in module $paramod\cordic_stage\SHIFT=s32'00000000000000000000000000001001.
  Optimizing cells in module $paramod\cordic_stage\SHIFT=s32'00000000000000000000000000001010.
  Optimizing cells in module $paramod\cordic_stage\SHIFT=s32'00000000000000000000000000001011.
  Optimizing cells in module $paramod\cordic_stage\SHIFT=s32'00000000000000000000000000001100.
  Optimizing cells in module $paramod\cordic_stage\SHIFT=s32'00000000000000000000000000001101.
  Optimizing cells in module \cordic_pipeline.
Performed a total of 0 changes.

3.10.5. Executing OPT_MERGE pass (detect identical cells).
Finding identical cells in module `$paramod\cordic_stage\SHIFT=s32'00000000000000000000000000000000'.
Finding identical cells in module `$paramod\cordic_stage\SHIFT=s32'00000000000000000000000000000001'.
Finding identical cells in module `$paramod\cordic_stage\SHIFT=s32'00000000000000000000000000000010'.
Finding identical cells in module `$paramod\cordic_stage\SHIFT=s32'00000000000000000000000000000011'.
Finding identical cells in module `$paramod\cordic_stage\SHIFT=s32'00000000000000000000000000000100'.
Finding identical cells in module `$paramod\cordic_stage\SHIFT=s32'00000000000000000000000000000101'.
Finding identical cells in module `$paramod\cordic_stage\SHIFT=s32'00000000000000000000000000000110'.
Finding identical cells in module `$paramod\cordic_stage\SHIFT=s32'00000000000000000000000000000111'.
Finding identical cells in module `$paramod\cordic_stage\SHIFT=s32'00000000000000000000000000001000'.
Finding identical cells in module `$paramod\cordic_stage\SHIFT=s32'00000000000000000000000000001001'.
Finding identical cells in module `$paramod\cordic_stage\SHIFT=s32'00000000000000000000000000001010'.
Finding identical cells in module `$paramod\cordic_stage\SHIFT=s32'00000000000000000000000000001011'.
Finding identical cells in module `$paramod\cordic_stage\SHIFT=s32'00000000000000000000000000001100'.
Finding identical cells in module `$paramod\cordic_stage\SHIFT=s32'00000000000000000000000000001101'.
Finding identical cells in module `\cordic_pipeline'.
Removed a total of 0 cells.

3.10.6. Executing OPT_DFF pass (perform DFF optimizations).

3.10.7. Executing OPT_CLEAN pass (remove unused cells and wires).
Finding unused cells or wires in module $paramod\cordic_stage\SHIFT=s32'00000000000000000000000000000000..
Finding unused cells or wires in module $paramod\cordic_stage\SHIFT=s32'00000000000000000000000000000001..
Finding unused cells or wires in module $paramod\cordic_stage\SHIFT=s32'00000000000000000000000000000010..
Finding unused cells or wires in module $paramod\cordic_stage\SHIFT=s32'00000000000000000000000000000011..
Finding unused cells or wires in module $paramod\cordic_stage\SHIFT=s32'00000000000000000000000000000100..
Finding unused cells or wires in module $paramod\cordic_stage\SHIFT=s32'00000000000000000000000000000101..
Finding unused cells or wires in module $paramod\cordic_stage\SHIFT=s32'00000000000000000000000000000110..
Finding unused cells or wires in module $paramod\cordic_stage\SHIFT=s32'00000000000000000000000000000111..
Finding unused cells or wires in module $paramod\cordic_stage\SHIFT=s32'00000000000000000000000000001000..
Finding unused cells or wires in module $paramod\cordic_stage\SHIFT=s32'00000000000000000000000000001001..
Finding unused cells or wires in module $paramod\cordic_stage\SHIFT=s32'00000000000000000000000000001010..
Finding unused cells or wires in module $paramod\cordic_stage\SHIFT=s32'00000000000000000000000000001011..
Finding unused cells or wires in module $paramod\cordic_stage\SHIFT=s32'00000000000000000000000000001100..
Finding unused cells or wires in module $paramod\cordic_stage\SHIFT=s32'00000000000000000000000000001101..
Finding unused cells or wires in module \cordic_pipeline..
Removed 0 unused cells and 1 unused wires.
<suppressed ~1 debug messages>

3.10.8. Executing OPT_EXPR pass (perform const folding).
Optimizing module $paramod\cordic_stage\SHIFT=s32'00000000000000000000000000000000.
Optimizing module $paramod\cordic_stage\SHIFT=s32'00000000000000000000000000000001.
Optimizing module $paramod\cordic_stage\SHIFT=s32'00000000000000000000000000000010.
Optimizing module $paramod\cordic_stage\SHIFT=s32'00000000000000000000000000000011.
Optimizing module $paramod\cordic_stage\SHIFT=s32'00000000000000000000000000000100.
Optimizing module $paramod\cordic_stage\SHIFT=s32'00000000000000000000000000000101.
Optimizing module $paramod\cordic_stage\SHIFT=s32'00000000000000000000000000000110.
Optimizing module $paramod\cordic_stage\SHIFT=s32'00000000000000000000000000000111.
Optimizing module $paramod\cordic_stage\SHIFT=s32'00000000000000000000000000001000.
Optimizing module $paramod\cordic_stage\SHIFT=s32'00000000000000000000000000001001.
Optimizing module $paramod\cordic_stage\SHIFT=s32'00000000000000000000000000001010.
Optimizing module $paramod\cordic_stage\SHIFT=s32'00000000000000000000000000001011.
Optimizing module $paramod\cordic_stage\SHIFT=s32'00000000000000000000000000001100.
Optimizing module $paramod\cordic_stage\SHIFT=s32'00000000000000000000000000001101.
Optimizing module cordic_pipeline.

3.10.9. Rerunning OPT passes. (Maybe there is more to do..)

3.10.10. Executing OPT_MUXTREE pass (detect dead branches in mux trees).
Running muxtree optimizer on module $paramod\cordic_stage\SHIFT=s32'00000000000000000000000000000000..
  Creating internal representation of mux trees.
  Evaluating internal representation of mux trees.
  Analyzing evaluation results.
Running muxtree optimizer on module $paramod\cordic_stage\SHIFT=s32'00000000000000000000000000000001..
  Creating internal representation of mux trees.
  Evaluating internal representation of mux trees.
  Analyzing evaluation results.
Running muxtree optimizer on module $paramod\cordic_stage\SHIFT=s32'00000000000000000000000000000010..
  Creating internal representation of mux trees.
  Evaluating internal representation of mux trees.
  Analyzing evaluation results.
Running muxtree optimizer on module $paramod\cordic_stage\SHIFT=s32'00000000000000000000000000000011..
  Creating internal representation of mux trees.
  Evaluating internal representation of mux trees.
  Analyzing evaluation results.
Running muxtree optimizer on module $paramod\cordic_stage\SHIFT=s32'00000000000000000000000000000100..
  Creating internal representation of mux trees.
  Evaluating internal representation of mux trees.
  Analyzing evaluation results.
Running muxtree optimizer on module $paramod\cordic_stage\SHIFT=s32'00000000000000000000000000000101..
  Creating internal representation of mux trees.
  Evaluating internal representation of mux trees.
  Analyzing evaluation results.
Running muxtree optimizer on module $paramod\cordic_stage\SHIFT=s32'00000000000000000000000000000110..
  Creating internal representation of mux trees.
  Evaluating internal representation of mux trees.
  Analyzing evaluation results.
Running muxtree optimizer on module $paramod\cordic_stage\SHIFT=s32'00000000000000000000000000000111..
  Creating internal representation of mux trees.
  Evaluating internal representation of mux trees.
  Analyzing evaluation results.
Running muxtree optimizer on module $paramod\cordic_stage\SHIFT=s32'00000000000000000000000000001000..
  Creating internal representation of mux trees.
  Evaluating internal representation of mux trees.
  Analyzing evaluation results.
Running muxtree optimizer on module $paramod\cordic_stage\SHIFT=s32'00000000000000000000000000001001..
  Creating internal representation of mux trees.
  Evaluating internal representation of mux trees.
  Analyzing evaluation results.
Running muxtree optimizer on module $paramod\cordic_stage\SHIFT=s32'00000000000000000000000000001010..
  Creating internal representation of mux trees.
  Evaluating internal representation of mux trees.
  Analyzing evaluation results.
Running muxtree optimizer on module $paramod\cordic_stage\SHIFT=s32'00000000000000000000000000001011..
  Creating internal representation of mux trees.
  Evaluating internal representation of mux trees.
  Analyzing evaluation results.
Running muxtree optimizer on module $paramod\cordic_stage\SHIFT=s32'00000000000000000000000000001100..
  Creating internal representation of mux trees.
  Evaluating internal representation of mux trees.
  Analyzing evaluation results.
Running muxtree optimizer on module $paramod\cordic_stage\SHIFT=s32'00000000000000000000000000001101..
  Creating internal representation of mux trees.
  Evaluating internal representation of mux trees.
  Analyzing evaluation results.
Running muxtree optimizer on module \cordic_pipeline..
  Creating internal representation of mux trees.
  No muxes found in this module.
Removed 0 multiplexer ports.
<suppressed ~56 debug messages>

3.10.11. Executing OPT_REDUCE pass (consolidate $*mux and $reduce_* inputs).
  Optimizing cells in module $paramod\cordic_stage\SHIFT=s32'00000000000000000000000000000000.
  Optimizing cells in module $paramod\cordic_stage\SHIFT=s32'00000000000000000000000000000001.
  Optimizing cells in module $paramod\cordic_stage\SHIFT=s32'00000000000000000000000000000010.
  Optimizing cells in module $paramod\cordic_stage\SHIFT=s32'00000000000000000000000000000011.
  Optimizing cells in module $paramod\cordic_stage\SHIFT=s32'00000000000000000000000000000100.
  Optimizing cells in module $paramod\cordic_stage\SHIFT=s32'00000000000000000000000000000101.
  Optimizing cells in module $paramod\cordic_stage\SHIFT=s32'00000000000000000000000000000110.
  Optimizing cells in module $paramod\cordic_stage\SHIFT=s32'00000000000000000000000000000111.
  Optimizing cells in module $paramod\cordic_stage\SHIFT=s32'00000000000000000000000000001000.
  Optimizing cells in module $paramod\cordic_stage\SHIFT=s32'00000000000000000000000000001001.
  Optimizing cells in module $paramod\cordic_stage\SHIFT=s32'00000000000000000000000000001010.
  Optimizing cells in module $paramod\cordic_stage\SHIFT=s32'00000000000000000000000000001011.
  Optimizing cells in module $paramod\cordic_stage\SHIFT=s32'00000000000000000000000000001100.
  Optimizing cells in module $paramod\cordic_stage\SHIFT=s32'00000000000000000000000000001101.
  Optimizing cells in module \cordic_pipeline.
Performed a total of 0 changes.

3.10.12. Executing OPT_MERGE pass (detect identical cells).
Finding identical cells in module `$paramod\cordic_stage\SHIFT=s32'00000000000000000000000000000000'.
Finding identical cells in module `$paramod\cordic_stage\SHIFT=s32'00000000000000000000000000000001'.
Finding identical cells in module `$paramod\cordic_stage\SHIFT=s32'00000000000000000000000000000010'.
Finding identical cells in module `$paramod\cordic_stage\SHIFT=s32'00000000000000000000000000000011'.
Finding identical cells in module `$paramod\cordic_stage\SHIFT=s32'00000000000000000000000000000100'.
Finding identical cells in module `$paramod\cordic_stage\SHIFT=s32'00000000000000000000000000000101'.
Finding identical cells in module `$paramod\cordic_stage\SHIFT=s32'00000000000000000000000000000110'.
Finding identical cells in module `$paramod\cordic_stage\SHIFT=s32'00000000000000000000000000000111'.
Finding identical cells in module `$paramod\cordic_stage\SHIFT=s32'00000000000000000000000000001000'.
Finding identical cells in module `$paramod\cordic_stage\SHIFT=s32'00000000000000000000000000001001'.
Finding identical cells in module `$paramod\cordic_stage\SHIFT=s32'00000000000000000000000000001010'.
Finding identical cells in module `$paramod\cordic_stage\SHIFT=s32'00000000000000000000000000001011'.
Finding identical cells in module `$paramod\cordic_stage\SHIFT=s32'00000000000000000000000000001100'.
Finding identical cells in module `$paramod\cordic_stage\SHIFT=s32'00000000000000000000000000001101'.
Finding identical cells in module `\cordic_pipeline'.
Removed a total of 0 cells.

3.10.13. Executing OPT_DFF pass (perform DFF optimizations).

3.10.14. Executing OPT_CLEAN pass (remove unused cells and wires).
Finding unused cells or wires in module $paramod\cordic_stage\SHIFT=s32'00000000000000000000000000000000..
Finding unused cells or wires in module $paramod\cordic_stage\SHIFT=s32'00000000000000000000000000000001..
Finding unused cells or wires in module $paramod\cordic_stage\SHIFT=s32'00000000000000000000000000000010..
Finding unused cells or wires in module $paramod\cordic_stage\SHIFT=s32'00000000000000000000000000000011..
Finding unused cells or wires in module $paramod\cordic_stage\SHIFT=s32'00000000000000000000000000000100..
Finding unused cells or wires in module $paramod\cordic_stage\SHIFT=s32'00000000000000000000000000000101..
Finding unused cells or wires in module $paramod\cordic_stage\SHIFT=s32'00000000000000000000000000000110..
Finding unused cells or wires in module $paramod\cordic_stage\SHIFT=s32'00000000000000000000000000000111..
Finding unused cells or wires in module $paramod\cordic_stage\SHIFT=s32'00000000000000000000000000001000..
Finding unused cells or wires in module $paramod\cordic_stage\SHIFT=s32'00000000000000000000000000001001..
Finding unused cells or wires in module $paramod\cordic_stage\SHIFT=s32'00000000000000000000000000001010..
Finding unused cells or wires in module $paramod\cordic_stage\SHIFT=s32'00000000000000000000000000001011..
Finding unused cells or wires in module $paramod\cordic_stage\SHIFT=s32'00000000000000000000000000001100..
Finding unused cells or wires in module $paramod\cordic_stage\SHIFT=s32'00000000000000000000000000001101..
Finding unused cells or wires in module \cordic_pipeline..

3.10.15. Executing OPT_EXPR pass (perform const folding).
Optimizing module $paramod\cordic_stage\SHIFT=s32'00000000000000000000000000000000.
Optimizing module $paramod\cordic_stage\SHIFT=s32'00000000000000000000000000000001.
Optimizing module $paramod\cordic_stage\SHIFT=s32'00000000000000000000000000000010.
Optimizing module $paramod\cordic_stage\SHIFT=s32'00000000000000000000000000000011.
Optimizing module $paramod\cordic_stage\SHIFT=s32'00000000000000000000000000000100.
Optimizing module $paramod\cordic_stage\SHIFT=s32'00000000000000000000000000000101.
Optimizing module $paramod\cordic_stage\SHIFT=s32'00000000000000000000000000000110.
Optimizing module $paramod\cordic_stage\SHIFT=s32'00000000000000000000000000000111.
Optimizing module $paramod\cordic_stage\SHIFT=s32'00000000000000000000000000001000.
Optimizing module $paramod\cordic_stage\SHIFT=s32'00000000000000000000000000001001.
Optimizing module $paramod\cordic_stage\SHIFT=s32'00000000000000000000000000001010.
Optimizing module $paramod\cordic_stage\SHIFT=s32'00000000000000000000000000001011.
Optimizing module $paramod\cordic_stage\SHIFT=s32'00000000000000000000000000001100.
Optimizing module $paramod\cordic_stage\SHIFT=s32'00000000000000000000000000001101.
Optimizing module cordic_pipeline.

3.10.16. Finished OPT passes. (There is nothing left to do.)

3.11. Executing FSM pass (extract and optimize FSM).

3.11.1. Executing FSM_DETECT pass (finding FSMs in design).

3.11.2. Executing FSM_EXTRACT pass (extracting FSM from design).

3.11.3. Executing FSM_OPT pass (simple optimizations of FSMs).

3.11.4. Executing OPT_CLEAN pass (remove unused cells and wires).
Finding unused cells or wires in module $paramod\cordic_stage\SHIFT=s32'00000000000000000000000000000000..
Finding unused cells or wires in module $paramod\cordic_stage\SHIFT=s32'00000000000000000000000000000001..
Finding unused cells or wires in module $paramod\cordic_stage\SHIFT=s32'00000000000000000000000000000010..
Finding unused cells or wires in module $paramod\cordic_stage\SHIFT=s32'00000000000000000000000000000011..
Finding unused cells or wires in module $paramod\cordic_stage\SHIFT=s32'00000000000000000000000000000100..
Finding unused cells or wires in module $paramod\cordic_stage\SHIFT=s32'00000000000000000000000000000101..
Finding unused cells or wires in module $paramod\cordic_stage\SHIFT=s32'00000000000000000000000000000110..
Finding unused cells or wires in module $paramod\cordic_stage\SHIFT=s32'00000000000000000000000000000111..
Finding unused cells or wires in module $paramod\cordic_stage\SHIFT=s32'00000000000000000000000000001000..
Finding unused cells or wires in module $paramod\cordic_stage\SHIFT=s32'00000000000000000000000000001001..
Finding unused cells or wires in module $paramod\cordic_stage\SHIFT=s32'00000000000000000000000000001010..
Finding unused cells or wires in module $paramod\cordic_stage\SHIFT=s32'00000000000000000000000000001011..
Finding unused cells or wires in module $paramod\cordic_stage\SHIFT=s32'00000000000000000000000000001100..
Finding unused cells or wires in module $paramod\cordic_stage\SHIFT=s32'00000000000000000000000000001101..
Finding unused cells or wires in module \cordic_pipeline..

3.11.5. Executing FSM_OPT pass (simple optimizations of FSMs).

3.11.6. Executing FSM_RECODE pass (re-assigning FSM state encoding).

3.11.7. Executing FSM_INFO pass (dumping all available information on FSM cells).

3.11.8. Executing FSM_MAP pass (mapping FSMs to basic logic).

3.12. Executing OPT pass (performing simple optimizations).

3.12.1. Executing OPT_EXPR pass (perform const folding).
Optimizing module $paramod\cordic_stage\SHIFT=s32'00000000000000000000000000000000.
Optimizing module $paramod\cordic_stage\SHIFT=s32'00000000000000000000000000000001.
Optimizing module $paramod\cordic_stage\SHIFT=s32'00000000000000000000000000000010.
Optimizing module $paramod\cordic_stage\SHIFT=s32'00000000000000000000000000000011.
Optimizing module $paramod\cordic_stage\SHIFT=s32'00000000000000000000000000000100.
Optimizing module $paramod\cordic_stage\SHIFT=s32'00000000000000000000000000000101.
Optimizing module $paramod\cordic_stage\SHIFT=s32'00000000000000000000000000000110.
Optimizing module $paramod\cordic_stage\SHIFT=s32'00000000000000000000000000000111.
Optimizing module $paramod\cordic_stage\SHIFT=s32'00000000000000000000000000001000.
Optimizing module $paramod\cordic_stage\SHIFT=s32'00000000000000000000000000001001.
Optimizing module $paramod\cordic_stage\SHIFT=s32'00000000000000000000000000001010.
Optimizing module $paramod\cordic_stage\SHIFT=s32'00000000000000000000000000001011.
Optimizing module $paramod\cordic_stage\SHIFT=s32'00000000000000000000000000001100.
Optimizing module $paramod\cordic_stage\SHIFT=s32'00000000000000000000000000001101.
Optimizing module cordic_pipeline.

3.12.2. Executing OPT_MERGE pass (detect identical cells).
Finding identical cells in module `$paramod\cordic_stage\SHIFT=s32'00000000000000000000000000000000'.
Finding identical cells in module `$paramod\cordic_stage\SHIFT=s32'00000000000000000000000000000001'.
Finding identical cells in module `$paramod\cordic_stage\SHIFT=s32'00000000000000000000000000000010'.
Finding identical cells in module `$paramod\cordic_stage\SHIFT=s32'00000000000000000000000000000011'.
Finding identical cells in module `$paramod\cordic_stage\SHIFT=s32'00000000000000000000000000000100'.
Finding identical cells in module `$paramod\cordic_stage\SHIFT=s32'00000000000000000000000000000101'.
Finding identical cells in module `$paramod\cordic_stage\SHIFT=s32'00000000000000000000000000000110'.
Finding identical cells in module `$paramod\cordic_stage\SHIFT=s32'00000000000000000000000000000111'.
Finding identical cells in module `$paramod\cordic_stage\SHIFT=s32'00000000000000000000000000001000'.
Finding identical cells in module `$paramod\cordic_stage\SHIFT=s32'00000000000000000000000000001001'.
Finding identical cells in module `$paramod\cordic_stage\SHIFT=s32'00000000000000000000000000001010'.
Finding identical cells in module `$paramod\cordic_stage\SHIFT=s32'00000000000000000000000000001011'.
Finding identical cells in module `$paramod\cordic_stage\SHIFT=s32'00000000000000000000000000001100'.
Finding identical cells in module `$paramod\cordic_stage\SHIFT=s32'00000000000000000000000000001101'.
Finding identical cells in module `\cordic_pipeline'.
Removed a total of 0 cells.

3.12.3. Executing OPT_MUXTREE pass (detect dead branches in mux trees).
Running muxtree optimizer on module $paramod\cordic_stage\SHIFT=s32'00000000000000000000000000000000..
  Creating internal representation of mux trees.
  Evaluating internal representation of mux trees.
  Analyzing evaluation results.
Running muxtree optimizer on module $paramod\cordic_stage\SHIFT=s32'00000000000000000000000000000001..
  Creating internal representation of mux trees.
  Evaluating internal representation of mux trees.
  Analyzing evaluation results.
Running muxtree optimizer on module $paramod\cordic_stage\SHIFT=s32'00000000000000000000000000000010..
  Creating internal representation of mux trees.
  Evaluating internal representation of mux trees.
  Analyzing evaluation results.
Running muxtree optimizer on module $paramod\cordic_stage\SHIFT=s32'00000000000000000000000000000011..
  Creating internal representation of mux trees.
  Evaluating internal representation of mux trees.
  Analyzing evaluation results.
Running muxtree optimizer on module $paramod\cordic_stage\SHIFT=s32'00000000000000000000000000000100..
  Creating internal representation of mux trees.
  Evaluating internal representation of mux trees.
  Analyzing evaluation results.
Running muxtree optimizer on module $paramod\cordic_stage\SHIFT=s32'00000000000000000000000000000101..
  Creating internal representation of mux trees.
  Evaluating internal representation of mux trees.
  Analyzing evaluation results.
Running muxtree optimizer on module $paramod\cordic_stage\SHIFT=s32'00000000000000000000000000000110..
  Creating internal representation of mux trees.
  Evaluating internal representation of mux trees.
  Analyzing evaluation results.
Running muxtree optimizer on module $paramod\cordic_stage\SHIFT=s32'00000000000000000000000000000111..
  Creating internal representation of mux trees.
  Evaluating internal representation of mux trees.
  Analyzing evaluation results.
Running muxtree optimizer on module $paramod\cordic_stage\SHIFT=s32'00000000000000000000000000001000..
  Creating internal representation of mux trees.
  Evaluating internal representation of mux trees.
  Analyzing evaluation results.
Running muxtree optimizer on module $paramod\cordic_stage\SHIFT=s32'00000000000000000000000000001001..
  Creating internal representation of mux trees.
  Evaluating internal representation of mux trees.
  Analyzing evaluation results.
Running muxtree optimizer on module $paramod\cordic_stage\SHIFT=s32'00000000000000000000000000001010..
  Creating internal representation of mux trees.
  Evaluating internal representation of mux trees.
  Analyzing evaluation results.
Running muxtree optimizer on module $paramod\cordic_stage\SHIFT=s32'00000000000000000000000000001011..
  Creating internal representation of mux trees.
  Evaluating internal representation of mux trees.
  Analyzing evaluation results.
Running muxtree optimizer on module $paramod\cordic_stage\SHIFT=s32'00000000000000000000000000001100..
  Creating internal representation of mux trees.
  Evaluating internal representation of mux trees.
  Analyzing evaluation results.
Running muxtree optimizer on module $paramod\cordic_stage\SHIFT=s32'00000000000000000000000000001101..
  Creating internal representation of mux trees.
  Evaluating internal representation of mux trees.
  Analyzing evaluation results.
Running muxtree optimizer on module \cordic_pipeline..
  Creating internal representation of mux trees.
  No muxes found in this module.
Removed 0 multiplexer ports.
<suppressed ~56 debug messages>

3.12.4. Executing OPT_REDUCE pass (consolidate $*mux and $reduce_* inputs).
  Optimizing cells in module $paramod\cordic_stage\SHIFT=s32'00000000000000000000000000000000.
  Optimizing cells in module $paramod\cordic_stage\SHIFT=s32'00000000000000000000000000000001.
  Optimizing cells in module $paramod\cordic_stage\SHIFT=s32'00000000000000000000000000000010.
  Optimizing cells in module $paramod\cordic_stage\SHIFT=s32'00000000000000000000000000000011.
  Optimizing cells in module $paramod\cordic_stage\SHIFT=s32'00000000000000000000000000000100.
  Optimizing cells in module $paramod\cordic_stage\SHIFT=s32'00000000000000000000000000000101.
  Optimizing cells in module $paramod\cordic_stage\SHIFT=s32'00000000000000000000000000000110.
  Optimizing cells in module $paramod\cordic_stage\SHIFT=s32'00000000000000000000000000000111.
  Optimizing cells in module $paramod\cordic_stage\SHIFT=s32'00000000000000000000000000001000.
  Optimizing cells in module $paramod\cordic_stage\SHIFT=s32'00000000000000000000000000001001.
  Optimizing cells in module $paramod\cordic_stage\SHIFT=s32'00000000000000000000000000001010.
  Optimizing cells in module $paramod\cordic_stage\SHIFT=s32'00000000000000000000000000001011.
  Optimizing cells in module $paramod\cordic_stage\SHIFT=s32'00000000000000000000000000001100.
  Optimizing cells in module $paramod\cordic_stage\SHIFT=s32'00000000000000000000000000001101.
  Optimizing cells in module \cordic_pipeline.
Performed a total of 0 changes.

3.12.5. Executing OPT_MERGE pass (detect identical cells).
Finding identical cells in module `$paramod\cordic_stage\SHIFT=s32'00000000000000000000000000000000'.
Finding identical cells in module `$paramod\cordic_stage\SHIFT=s32'00000000000000000000000000000001'.
Finding identical cells in module `$paramod\cordic_stage\SHIFT=s32'00000000000000000000000000000010'.
Finding identical cells in module `$paramod\cordic_stage\SHIFT=s32'00000000000000000000000000000011'.
Finding identical cells in module `$paramod\cordic_stage\SHIFT=s32'00000000000000000000000000000100'.
Finding identical cells in module `$paramod\cordic_stage\SHIFT=s32'00000000000000000000000000000101'.
Finding identical cells in module `$paramod\cordic_stage\SHIFT=s32'00000000000000000000000000000110'.
Finding identical cells in module `$paramod\cordic_stage\SHIFT=s32'00000000000000000000000000000111'.
Finding identical cells in module `$paramod\cordic_stage\SHIFT=s32'00000000000000000000000000001000'.
Finding identical cells in module `$paramod\cordic_stage\SHIFT=s32'00000000000000000000000000001001'.
Finding identical cells in module `$paramod\cordic_stage\SHIFT=s32'00000000000000000000000000001010'.
Finding identical cells in module `$paramod\cordic_stage\SHIFT=s32'00000000000000000000000000001011'.
Finding identical cells in module `$paramod\cordic_stage\SHIFT=s32'00000000000000000000000000001100'.
Finding identical cells in module `$paramod\cordic_stage\SHIFT=s32'00000000000000000000000000001101'.
Finding identical cells in module `\cordic_pipeline'.
Removed a total of 0 cells.

3.12.6. Executing OPT_DFF pass (perform DFF optimizations).
Adding SRST signal on $procdff$1933 ($dff) from module $paramod\cordic_stage\SHIFT=s32'00000000000000000000000000000000 (D = \z_calc, Q = \z_out, rval = 16'0000000000000000).
Adding SRST signal on $procdff$1932 ($dff) from module $paramod\cordic_stage\SHIFT=s32'00000000000000000000000000000000 (D = \y_calc, Q = \y_out, rval = 16'0000000000000000).
Adding SRST signal on $procdff$1931 ($dff) from module $paramod\cordic_stage\SHIFT=s32'00000000000000000000000000000000 (D = \x_calc, Q = \x_out, rval = 16'0000000000000000).
Adding SRST signal on $procdff$1930 ($dff) from module $paramod\cordic_stage\SHIFT=s32'00000000000000000000000000000000 (D = \valid_in, Q = \valid_out, rval = 1'0).
Adding SRST signal on $procdff$1824 ($dff) from module $paramod\cordic_stage\SHIFT=s32'00000000000000000000000000000001 (D = \z_calc, Q = \z_out, rval = 16'0000000000000000).
Adding SRST signal on $procdff$1823 ($dff) from module $paramod\cordic_stage\SHIFT=s32'00000000000000000000000000000001 (D = \y_calc, Q = \y_out, rval = 16'0000000000000000).
Adding SRST signal on $procdff$1822 ($dff) from module $paramod\cordic_stage\SHIFT=s32'00000000000000000000000000000001 (D = \x_calc, Q = \x_out, rval = 16'0000000000000000).
Adding SRST signal on $procdff$1821 ($dff) from module $paramod\cordic_stage\SHIFT=s32'00000000000000000000000000000001 (D = \valid_in, Q = \valid_out, rval = 1'0).
Adding SRST signal on $procdff$1828 ($dff) from module $paramod\cordic_stage\SHIFT=s32'00000000000000000000000000000010 (D = \z_calc, Q = \z_out, rval = 16'0000000000000000).
Adding SRST signal on $procdff$1827 ($dff) from module $paramod\cordic_stage\SHIFT=s32'00000000000000000000000000000010 (D = \y_calc, Q = \y_out, rval = 16'0000000000000000).
Adding SRST signal on $procdff$1826 ($dff) from module $paramod\cordic_stage\SHIFT=s32'00000000000000000000000000000010 (D = \x_calc, Q = \x_out, rval = 16'0000000000000000).
Adding SRST signal on $procdff$1825 ($dff) from module $paramod\cordic_stage\SHIFT=s32'00000000000000000000000000000010 (D = \valid_in, Q = \valid_out, rval = 1'0).
Adding SRST signal on $procdff$1832 ($dff) from module $paramod\cordic_stage\SHIFT=s32'00000000000000000000000000000011 (D = \z_calc, Q = \z_out, rval = 16'0000000000000000).
Adding SRST signal on $procdff$1831 ($dff) from module $paramod\cordic_stage\SHIFT=s32'00000000000000000000000000000011 (D = \y_calc, Q = \y_out, rval = 16'0000000000000000).
Adding SRST signal on $procdff$1830 ($dff) from module $paramod\cordic_stage\SHIFT=s32'00000000000000000000000000000011 (D = \x_calc, Q = \x_out, rval = 16'0000000000000000).
Adding SRST signal on $procdff$1829 ($dff) from module $paramod\cordic_stage\SHIFT=s32'00000000000000000000000000000011 (D = \valid_in, Q = \valid_out, rval = 1'0).
Adding SRST signal on $procdff$1836 ($dff) from module $paramod\cordic_stage\SHIFT=s32'00000000000000000000000000000100 (D = \z_calc, Q = \z_out, rval = 16'0000000000000000).
Adding SRST signal on $procdff$1835 ($dff) from module $paramod\cordic_stage\SHIFT=s32'00000000000000000000000000000100 (D = \y_calc, Q = \y_out, rval = 16'0000000000000000).
Adding SRST signal on $procdff$1834 ($dff) from module $paramod\cordic_stage\SHIFT=s32'00000000000000000000000000000100 (D = \x_calc, Q = \x_out, rval = 16'0000000000000000).
Adding SRST signal on $procdff$1833 ($dff) from module $paramod\cordic_stage\SHIFT=s32'00000000000000000000000000000100 (D = \valid_in, Q = \valid_out, rval = 1'0).
Adding SRST signal on $procdff$1840 ($dff) from module $paramod\cordic_stage\SHIFT=s32'00000000000000000000000000000101 (D = \z_calc, Q = \z_out, rval = 16'0000000000000000).
Adding SRST signal on $procdff$1839 ($dff) from module $paramod\cordic_stage\SHIFT=s32'00000000000000000000000000000101 (D = \y_calc, Q = \y_out, rval = 16'0000000000000000).
Adding SRST signal on $procdff$1838 ($dff) from module $paramod\cordic_stage\SHIFT=s32'00000000000000000000000000000101 (D = \x_calc, Q = \x_out, rval = 16'0000000000000000).
Adding SRST signal on $procdff$1837 ($dff) from module $paramod\cordic_stage\SHIFT=s32'00000000000000000000000000000101 (D = \valid_in, Q = \valid_out, rval = 1'0).
Adding SRST signal on $procdff$1844 ($dff) from module $paramod\cordic_stage\SHIFT=s32'00000000000000000000000000000110 (D = \z_calc, Q = \z_out, rval = 16'0000000000000000).
Adding SRST signal on $procdff$1843 ($dff) from module $paramod\cordic_stage\SHIFT=s32'00000000000000000000000000000110 (D = \y_calc, Q = \y_out, rval = 16'0000000000000000).
Adding SRST signal on $procdff$1842 ($dff) from module $paramod\cordic_stage\SHIFT=s32'00000000000000000000000000000110 (D = \x_calc, Q = \x_out, rval = 16'0000000000000000).
Adding SRST signal on $procdff$1841 ($dff) from module $paramod\cordic_stage\SHIFT=s32'00000000000000000000000000000110 (D = \valid_in, Q = \valid_out, rval = 1'0).
Adding SRST signal on $procdff$1848 ($dff) from module $paramod\cordic_stage\SHIFT=s32'00000000000000000000000000000111 (D = \z_calc, Q = \z_out, rval = 16'0000000000000000).
Adding SRST signal on $procdff$1847 ($dff) from module $paramod\cordic_stage\SHIFT=s32'00000000000000000000000000000111 (D = \y_calc, Q = \y_out, rval = 16'0000000000000000).
Adding SRST signal on $procdff$1846 ($dff) from module $paramod\cordic_stage\SHIFT=s32'00000000000000000000000000000111 (D = \x_calc, Q = \x_out, rval = 16'0000000000000000).
Adding SRST signal on $procdff$1845 ($dff) from module $paramod\cordic_stage\SHIFT=s32'00000000000000000000000000000111 (D = \valid_in, Q = \valid_out, rval = 1'0).
Adding SRST signal on $procdff$1852 ($dff) from module $paramod\cordic_stage\SHIFT=s32'00000000000000000000000000001000 (D = \z_calc, Q = \z_out, rval = 16'0000000000000000).
Adding SRST signal on $procdff$1851 ($dff) from module $paramod\cordic_stage\SHIFT=s32'00000000000000000000000000001000 (D = \y_calc, Q = \y_out, rval = 16'0000000000000000).
Adding SRST signal on $procdff$1850 ($dff) from module $paramod\cordic_stage\SHIFT=s32'00000000000000000000000000001000 (D = \x_calc, Q = \x_out, rval = 16'0000000000000000).
Adding SRST signal on $procdff$1849 ($dff) from module $paramod\cordic_stage\SHIFT=s32'00000000000000000000000000001000 (D = \valid_in, Q = \valid_out, rval = 1'0).
Adding SRST signal on $procdff$1856 ($dff) from module $paramod\cordic_stage\SHIFT=s32'00000000000000000000000000001001 (D = \z_calc, Q = \z_out, rval = 16'0000000000000000).
Adding SRST signal on $procdff$1855 ($dff) from module $paramod\cordic_stage\SHIFT=s32'00000000000000000000000000001001 (D = \y_calc, Q = \y_out, rval = 16'0000000000000000).
Adding SRST signal on $procdff$1854 ($dff) from module $paramod\cordic_stage\SHIFT=s32'00000000000000000000000000001001 (D = \x_calc, Q = \x_out, rval = 16'0000000000000000).
Adding SRST signal on $procdff$1853 ($dff) from module $paramod\cordic_stage\SHIFT=s32'00000000000000000000000000001001 (D = \valid_in, Q = \valid_out, rval = 1'0).
Adding SRST signal on $procdff$1860 ($dff) from module $paramod\cordic_stage\SHIFT=s32'00000000000000000000000000001010 (D = \z_calc, Q = \z_out, rval = 16'0000000000000000).
Adding SRST signal on $procdff$1859 ($dff) from module $paramod\cordic_stage\SHIFT=s32'00000000000000000000000000001010 (D = \y_calc, Q = \y_out, rval = 16'0000000000000000).
Adding SRST signal on $procdff$1858 ($dff) from module $paramod\cordic_stage\SHIFT=s32'00000000000000000000000000001010 (D = \x_calc, Q = \x_out, rval = 16'0000000000000000).
Adding SRST signal on $procdff$1857 ($dff) from module $paramod\cordic_stage\SHIFT=s32'00000000000000000000000000001010 (D = \valid_in, Q = \valid_out, rval = 1'0).
Adding SRST signal on $procdff$1864 ($dff) from module $paramod\cordic_stage\SHIFT=s32'00000000000000000000000000001011 (D = \z_calc, Q = \z_out, rval = 16'0000000000000000).
Adding SRST signal on $procdff$1863 ($dff) from module $paramod\cordic_stage\SHIFT=s32'00000000000000000000000000001011 (D = \y_calc, Q = \y_out, rval = 16'0000000000000000).
Adding SRST signal on $procdff$1862 ($dff) from module $paramod\cordic_stage\SHIFT=s32'00000000000000000000000000001011 (D = \x_calc, Q = \x_out, rval = 16'0000000000000000).
Adding SRST signal on $procdff$1861 ($dff) from module $paramod\cordic_stage\SHIFT=s32'00000000000000000000000000001011 (D = \valid_in, Q = \valid_out, rval = 1'0).
Adding SRST signal on $procdff$1868 ($dff) from module $paramod\cordic_stage\SHIFT=s32'00000000000000000000000000001100 (D = \z_calc, Q = \z_out, rval = 16'0000000000000000).
Adding SRST signal on $procdff$1867 ($dff) from module $paramod\cordic_stage\SHIFT=s32'00000000000000000000000000001100 (D = \y_calc, Q = \y_out, rval = 16'0000000000000000).
Adding SRST signal on $procdff$1866 ($dff) from module $paramod\cordic_stage\SHIFT=s32'00000000000000000000000000001100 (D = \x_calc, Q = \x_out, rval = 16'0000000000000000).
Adding SRST signal on $procdff$1865 ($dff) from module $paramod\cordic_stage\SHIFT=s32'00000000000000000000000000001100 (D = \valid_in, Q = \valid_out, rval = 1'0).
Adding SRST signal on $procdff$1872 ($dff) from module $paramod\cordic_stage\SHIFT=s32'00000000000000000000000000001101 (D = \z_calc, Q = \z_out, rval = 16'0000000000000000).
Adding SRST signal on $procdff$1871 ($dff) from module $paramod\cordic_stage\SHIFT=s32'00000000000000000000000000001101 (D = \y_calc, Q = \y_out, rval = 16'0000000000000000).
Adding SRST signal on $procdff$1870 ($dff) from module $paramod\cordic_stage\SHIFT=s32'00000000000000000000000000001101 (D = \x_calc, Q = \x_out, rval = 16'0000000000000000).
Adding SRST signal on $procdff$1869 ($dff) from module $paramod\cordic_stage\SHIFT=s32'00000000000000000000000000001101 (D = \valid_in, Q = \valid_out, rval = 1'0).

3.12.7. Executing OPT_CLEAN pass (remove unused cells and wires).
Finding unused cells or wires in module $paramod\cordic_stage\SHIFT=s32'00000000000000000000000000000000..
Finding unused cells or wires in module $paramod\cordic_stage\SHIFT=s32'00000000000000000000000000000001..
Finding unused cells or wires in module $paramod\cordic_stage\SHIFT=s32'00000000000000000000000000000010..
Finding unused cells or wires in module $paramod\cordic_stage\SHIFT=s32'00000000000000000000000000000011..
Finding unused cells or wires in module $paramod\cordic_stage\SHIFT=s32'00000000000000000000000000000100..
Finding unused cells or wires in module $paramod\cordic_stage\SHIFT=s32'00000000000000000000000000000101..
Finding unused cells or wires in module $paramod\cordic_stage\SHIFT=s32'00000000000000000000000000000110..
Finding unused cells or wires in module $paramod\cordic_stage\SHIFT=s32'00000000000000000000000000000111..
Finding unused cells or wires in module $paramod\cordic_stage\SHIFT=s32'00000000000000000000000000001000..
Finding unused cells or wires in module $paramod\cordic_stage\SHIFT=s32'00000000000000000000000000001001..
Finding unused cells or wires in module $paramod\cordic_stage\SHIFT=s32'00000000000000000000000000001010..
Finding unused cells or wires in module $paramod\cordic_stage\SHIFT=s32'00000000000000000000000000001011..
Finding unused cells or wires in module $paramod\cordic_stage\SHIFT=s32'00000000000000000000000000001100..
Finding unused cells or wires in module $paramod\cordic_stage\SHIFT=s32'00000000000000000000000000001101..
Finding unused cells or wires in module \cordic_pipeline..
Removed 56 unused cells and 56 unused wires.
<suppressed ~70 debug messages>

3.12.8. Executing OPT_EXPR pass (perform const folding).
Optimizing module $paramod\cordic_stage\SHIFT=s32'00000000000000000000000000000000.
Optimizing module $paramod\cordic_stage\SHIFT=s32'00000000000000000000000000000001.
Optimizing module $paramod\cordic_stage\SHIFT=s32'00000000000000000000000000000010.
Optimizing module $paramod\cordic_stage\SHIFT=s32'00000000000000000000000000000011.
Optimizing module $paramod\cordic_stage\SHIFT=s32'00000000000000000000000000000100.
Optimizing module $paramod\cordic_stage\SHIFT=s32'00000000000000000000000000000101.
Optimizing module $paramod\cordic_stage\SHIFT=s32'00000000000000000000000000000110.
Optimizing module $paramod\cordic_stage\SHIFT=s32'00000000000000000000000000000111.
Optimizing module $paramod\cordic_stage\SHIFT=s32'00000000000000000000000000001000.
Optimizing module $paramod\cordic_stage\SHIFT=s32'00000000000000000000000000001001.
Optimizing module $paramod\cordic_stage\SHIFT=s32'00000000000000000000000000001010.
Optimizing module $paramod\cordic_stage\SHIFT=s32'00000000000000000000000000001011.
Optimizing module $paramod\cordic_stage\SHIFT=s32'00000000000000000000000000001100.
Optimizing module $paramod\cordic_stage\SHIFT=s32'00000000000000000000000000001101.
Optimizing module cordic_pipeline.

3.12.9. Rerunning OPT passes. (Maybe there is more to do..)

3.12.10. Executing OPT_MUXTREE pass (detect dead branches in mux trees).
Running muxtree optimizer on module $paramod\cordic_stage\SHIFT=s32'00000000000000000000000000000000..
  Creating internal representation of mux trees.
  Evaluating internal representation of mux trees.
  Analyzing evaluation results.
Running muxtree optimizer on module $paramod\cordic_stage\SHIFT=s32'00000000000000000000000000000001..
  Creating internal representation of mux trees.
  Evaluating internal representation of mux trees.
  Analyzing evaluation results.
Running muxtree optimizer on module $paramod\cordic_stage\SHIFT=s32'00000000000000000000000000000010..
  Creating internal representation of mux trees.
  Evaluating internal representation of mux trees.
  Analyzing evaluation results.
Running muxtree optimizer on module $paramod\cordic_stage\SHIFT=s32'00000000000000000000000000000011..
  Creating internal representation of mux trees.
  Evaluating internal representation of mux trees.
  Analyzing evaluation results.
Running muxtree optimizer on module $paramod\cordic_stage\SHIFT=s32'00000000000000000000000000000100..
  Creating internal representation of mux trees.
  Evaluating internal representation of mux trees.
  Analyzing evaluation results.
Running muxtree optimizer on module $paramod\cordic_stage\SHIFT=s32'00000000000000000000000000000101..
  Creating internal representation of mux trees.
  Evaluating internal representation of mux trees.
  Analyzing evaluation results.
Running muxtree optimizer on module $paramod\cordic_stage\SHIFT=s32'00000000000000000000000000000110..
  Creating internal representation of mux trees.
  Evaluating internal representation of mux trees.
  Analyzing evaluation results.
Running muxtree optimizer on module $paramod\cordic_stage\SHIFT=s32'00000000000000000000000000000111..
  Creating internal representation of mux trees.
  Evaluating internal representation of mux trees.
  Analyzing evaluation results.
Running muxtree optimizer on module $paramod\cordic_stage\SHIFT=s32'00000000000000000000000000001000..
  Creating internal representation of mux trees.
  Evaluating internal representation of mux trees.
  Analyzing evaluation results.
Running muxtree optimizer on module $paramod\cordic_stage\SHIFT=s32'00000000000000000000000000001001..
  Creating internal representation of mux trees.
  Evaluating internal representation of mux trees.
  Analyzing evaluation results.
Running muxtree optimizer on module $paramod\cordic_stage\SHIFT=s32'00000000000000000000000000001010..
  Creating internal representation of mux trees.
  Evaluating internal representation of mux trees.
  Analyzing evaluation results.
Running muxtree optimizer on module $paramod\cordic_stage\SHIFT=s32'00000000000000000000000000001011..
  Creating internal representation of mux trees.
  Evaluating internal representation of mux trees.
  Analyzing evaluation results.
Running muxtree optimizer on module $paramod\cordic_stage\SHIFT=s32'00000000000000000000000000001100..
  Creating internal representation of mux trees.
  Evaluating internal representation of mux trees.
  Analyzing evaluation results.
Running muxtree optimizer on module $paramod\cordic_stage\SHIFT=s32'00000000000000000000000000001101..
  Creating internal representation of mux trees.
  Evaluating internal representation of mux trees.
  Analyzing evaluation results.
Running muxtree optimizer on module \cordic_pipeline..
  Creating internal representation of mux trees.
  No muxes found in this module.
Removed 0 multiplexer ports.
<suppressed ~42 debug messages>

3.12.11. Executing OPT_REDUCE pass (consolidate $*mux and $reduce_* inputs).
  Optimizing cells in module $paramod\cordic_stage\SHIFT=s32'00000000000000000000000000000000.
  Optimizing cells in module $paramod\cordic_stage\SHIFT=s32'00000000000000000000000000000001.
  Optimizing cells in module $paramod\cordic_stage\SHIFT=s32'00000000000000000000000000000010.
  Optimizing cells in module $paramod\cordic_stage\SHIFT=s32'00000000000000000000000000000011.
  Optimizing cells in module $paramod\cordic_stage\SHIFT=s32'00000000000000000000000000000100.
  Optimizing cells in module $paramod\cordic_stage\SHIFT=s32'00000000000000000000000000000101.
  Optimizing cells in module $paramod\cordic_stage\SHIFT=s32'00000000000000000000000000000110.
  Optimizing cells in module $paramod\cordic_stage\SHIFT=s32'00000000000000000000000000000111.
  Optimizing cells in module $paramod\cordic_stage\SHIFT=s32'00000000000000000000000000001000.
  Optimizing cells in module $paramod\cordic_stage\SHIFT=s32'00000000000000000000000000001001.
  Optimizing cells in module $paramod\cordic_stage\SHIFT=s32'00000000000000000000000000001010.
  Optimizing cells in module $paramod\cordic_stage\SHIFT=s32'00000000000000000000000000001011.
  Optimizing cells in module $paramod\cordic_stage\SHIFT=s32'00000000000000000000000000001100.
  Optimizing cells in module $paramod\cordic_stage\SHIFT=s32'00000000000000000000000000001101.
  Optimizing cells in module \cordic_pipeline.
Performed a total of 0 changes.

3.12.12. Executing OPT_MERGE pass (detect identical cells).
Finding identical cells in module `$paramod\cordic_stage\SHIFT=s32'00000000000000000000000000000000'.
Finding identical cells in module `$paramod\cordic_stage\SHIFT=s32'00000000000000000000000000000001'.
Finding identical cells in module `$paramod\cordic_stage\SHIFT=s32'00000000000000000000000000000010'.
Finding identical cells in module `$paramod\cordic_stage\SHIFT=s32'00000000000000000000000000000011'.
Finding identical cells in module `$paramod\cordic_stage\SHIFT=s32'00000000000000000000000000000100'.
Finding identical cells in module `$paramod\cordic_stage\SHIFT=s32'00000000000000000000000000000101'.
Finding identical cells in module `$paramod\cordic_stage\SHIFT=s32'00000000000000000000000000000110'.
Finding identical cells in module `$paramod\cordic_stage\SHIFT=s32'00000000000000000000000000000111'.
Finding identical cells in module `$paramod\cordic_stage\SHIFT=s32'00000000000000000000000000001000'.
Finding identical cells in module `$paramod\cordic_stage\SHIFT=s32'00000000000000000000000000001001'.
Finding identical cells in module `$paramod\cordic_stage\SHIFT=s32'00000000000000000000000000001010'.
Finding identical cells in module `$paramod\cordic_stage\SHIFT=s32'00000000000000000000000000001011'.
Finding identical cells in module `$paramod\cordic_stage\SHIFT=s32'00000000000000000000000000001100'.
Finding identical cells in module `$paramod\cordic_stage\SHIFT=s32'00000000000000000000000000001101'.
Finding identical cells in module `\cordic_pipeline'.
Removed a total of 0 cells.

3.12.13. Executing OPT_DFF pass (perform DFF optimizations).

3.12.14. Executing OPT_CLEAN pass (remove unused cells and wires).
Finding unused cells or wires in module $paramod\cordic_stage\SHIFT=s32'00000000000000000000000000000000..
Finding unused cells or wires in module $paramod\cordic_stage\SHIFT=s32'00000000000000000000000000000001..
Finding unused cells or wires in module $paramod\cordic_stage\SHIFT=s32'00000000000000000000000000000010..
Finding unused cells or wires in module $paramod\cordic_stage\SHIFT=s32'00000000000000000000000000000011..
Finding unused cells or wires in module $paramod\cordic_stage\SHIFT=s32'00000000000000000000000000000100..
Finding unused cells or wires in module $paramod\cordic_stage\SHIFT=s32'00000000000000000000000000000101..
Finding unused cells or wires in module $paramod\cordic_stage\SHIFT=s32'00000000000000000000000000000110..
Finding unused cells or wires in module $paramod\cordic_stage\SHIFT=s32'00000000000000000000000000000111..
Finding unused cells or wires in module $paramod\cordic_stage\SHIFT=s32'00000000000000000000000000001000..
Finding unused cells or wires in module $paramod\cordic_stage\SHIFT=s32'00000000000000000000000000001001..
Finding unused cells or wires in module $paramod\cordic_stage\SHIFT=s32'00000000000000000000000000001010..
Finding unused cells or wires in module $paramod\cordic_stage\SHIFT=s32'00000000000000000000000000001011..
Finding unused cells or wires in module $paramod\cordic_stage\SHIFT=s32'00000000000000000000000000001100..
Finding unused cells or wires in module $paramod\cordic_stage\SHIFT=s32'00000000000000000000000000001101..
Finding unused cells or wires in module \cordic_pipeline..

3.12.15. Executing OPT_EXPR pass (perform const folding).
Optimizing module $paramod\cordic_stage\SHIFT=s32'00000000000000000000000000000000.
Optimizing module $paramod\cordic_stage\SHIFT=s32'00000000000000000000000000000001.
Optimizing module $paramod\cordic_stage\SHIFT=s32'00000000000000000000000000000010.
Optimizing module $paramod\cordic_stage\SHIFT=s32'00000000000000000000000000000011.
Optimizing module $paramod\cordic_stage\SHIFT=s32'00000000000000000000000000000100.
Optimizing module $paramod\cordic_stage\SHIFT=s32'00000000000000000000000000000101.
Optimizing module $paramod\cordic_stage\SHIFT=s32'00000000000000000000000000000110.
Optimizing module $paramod\cordic_stage\SHIFT=s32'00000000000000000000000000000111.
Optimizing module $paramod\cordic_stage\SHIFT=s32'00000000000000000000000000001000.
Optimizing module $paramod\cordic_stage\SHIFT=s32'00000000000000000000000000001001.
Optimizing module $paramod\cordic_stage\SHIFT=s32'00000000000000000000000000001010.
Optimizing module $paramod\cordic_stage\SHIFT=s32'00000000000000000000000000001011.
Optimizing module $paramod\cordic_stage\SHIFT=s32'00000000000000000000000000001100.
Optimizing module $paramod\cordic_stage\SHIFT=s32'00000000000000000000000000001101.
Optimizing module cordic_pipeline.

3.12.16. Finished OPT passes. (There is nothing left to do.)

3.13. Executing WREDUCE pass (reducing word size of cells).
Removed top 31 bits (of 32) from port B of cell $paramod\cordic_stage\SHIFT=s32'00000000000000000000000000000000.$ge$cordic_stage.sv:44$1296 ($ge).
Removed top 1 bits (of 16) from port B of cell $paramod\cordic_stage\SHIFT=s32'00000000000000000000000000000000.$sub$cordic_stage.sv:47$1301 ($sub).
Removed top 1 bits (of 16) from port B of cell $paramod\cordic_stage\SHIFT=s32'00000000000000000000000000000000.$add$cordic_stage.sv:51$1306 ($add).
Removed top 31 bits (of 32) from port B of cell $paramod\cordic_stage\SHIFT=s32'00000000000000000000000000000001.$ge$cordic_stage.sv:44$1282 ($ge).
Removed top 1 bits (of 16) from port B of cell $paramod\cordic_stage\SHIFT=s32'00000000000000000000000000000001.$sub$cordic_stage.sv:45$1284 ($sub).
Removed top 1 bits (of 16) from port B of cell $paramod\cordic_stage\SHIFT=s32'00000000000000000000000000000001.$add$cordic_stage.sv:46$1286 ($add).
Removed top 2 bits (of 16) from port B of cell $paramod\cordic_stage\SHIFT=s32'00000000000000000000000000000001.$sub$cordic_stage.sv:47$1287 ($sub).
Removed top 1 bits (of 16) from port B of cell $paramod\cordic_stage\SHIFT=s32'00000000000000000000000000000001.$add$cordic_stage.sv:49$1289 ($add).
Removed top 1 bits (of 16) from port B of cell $paramod\cordic_stage\SHIFT=s32'00000000000000000000000000000001.$sub$cordic_stage.sv:50$1291 ($sub).
Removed top 2 bits (of 16) from port B of cell $paramod\cordic_stage\SHIFT=s32'00000000000000000000000000000001.$add$cordic_stage.sv:51$1292 ($add).
Removed top 31 bits (of 32) from port B of cell $paramod\cordic_stage\SHIFT=s32'00000000000000000000000000000010.$ge$cordic_stage.sv:44$1268 ($ge).
Removed top 2 bits (of 16) from port B of cell $paramod\cordic_stage\SHIFT=s32'00000000000000000000000000000010.$sub$cordic_stage.sv:45$1270 ($sub).
Removed top 2 bits (of 16) from port B of cell $paramod\cordic_stage\SHIFT=s32'00000000000000000000000000000010.$add$cordic_stage.sv:46$1272 ($add).
Removed top 3 bits (of 16) from port B of cell $paramod\cordic_stage\SHIFT=s32'00000000000000000000000000000010.$sub$cordic_stage.sv:47$1273 ($sub).
Removed top 2 bits (of 16) from port B of cell $paramod\cordic_stage\SHIFT=s32'00000000000000000000000000000010.$add$cordic_stage.sv:49$1275 ($add).
Removed top 2 bits (of 16) from port B of cell $paramod\cordic_stage\SHIFT=s32'00000000000000000000000000000010.$sub$cordic_stage.sv:50$1277 ($sub).
Removed top 3 bits (of 16) from port B of cell $paramod\cordic_stage\SHIFT=s32'00000000000000000000000000000010.$add$cordic_stage.sv:51$1278 ($add).
Removed top 31 bits (of 32) from port B of cell $paramod\cordic_stage\SHIFT=s32'00000000000000000000000000000011.$ge$cordic_stage.sv:44$1254 ($ge).
Removed top 3 bits (of 16) from port B of cell $paramod\cordic_stage\SHIFT=s32'00000000000000000000000000000011.$sub$cordic_stage.sv:45$1256 ($sub).
Removed top 3 bits (of 16) from port B of cell $paramod\cordic_stage\SHIFT=s32'00000000000000000000000000000011.$add$cordic_stage.sv:46$1258 ($add).
Removed top 4 bits (of 16) from port B of cell $paramod\cordic_stage\SHIFT=s32'00000000000000000000000000000011.$sub$cordic_stage.sv:47$1259 ($sub).
Removed top 3 bits (of 16) from port B of cell $paramod\cordic_stage\SHIFT=s32'00000000000000000000000000000011.$add$cordic_stage.sv:49$1261 ($add).
Removed top 3 bits (of 16) from port B of cell $paramod\cordic_stage\SHIFT=s32'00000000000000000000000000000011.$sub$cordic_stage.sv:50$1263 ($sub).
Removed top 4 bits (of 16) from port B of cell $paramod\cordic_stage\SHIFT=s32'00000000000000000000000000000011.$add$cordic_stage.sv:51$1264 ($add).
Removed top 31 bits (of 32) from port B of cell $paramod\cordic_stage\SHIFT=s32'00000000000000000000000000000100.$ge$cordic_stage.sv:44$1240 ($ge).
Removed top 4 bits (of 16) from port B of cell $paramod\cordic_stage\SHIFT=s32'00000000000000000000000000000100.$sub$cordic_stage.sv:45$1242 ($sub).
Removed top 4 bits (of 16) from port B of cell $paramod\cordic_stage\SHIFT=s32'00000000000000000000000000000100.$add$cordic_stage.sv:46$1244 ($add).
Removed top 5 bits (of 16) from port B of cell $paramod\cordic_stage\SHIFT=s32'00000000000000000000000000000100.$sub$cordic_stage.sv:47$1245 ($sub).
Removed top 4 bits (of 16) from port B of cell $paramod\cordic_stage\SHIFT=s32'00000000000000000000000000000100.$add$cordic_stage.sv:49$1247 ($add).
Removed top 4 bits (of 16) from port B of cell $paramod\cordic_stage\SHIFT=s32'00000000000000000000000000000100.$sub$cordic_stage.sv:50$1249 ($sub).
Removed top 5 bits (of 16) from port B of cell $paramod\cordic_stage\SHIFT=s32'00000000000000000000000000000100.$add$cordic_stage.sv:51$1250 ($add).
Removed top 31 bits (of 32) from port B of cell $paramod\cordic_stage\SHIFT=s32'00000000000000000000000000000101.$ge$cordic_stage.sv:44$1226 ($ge).
Removed top 5 bits (of 16) from port B of cell $paramod\cordic_stage\SHIFT=s32'00000000000000000000000000000101.$sub$cordic_stage.sv:45$1228 ($sub).
Removed top 5 bits (of 16) from port B of cell $paramod\cordic_stage\SHIFT=s32'00000000000000000000000000000101.$add$cordic_stage.sv:46$1230 ($add).
Removed top 5 bits (of 16) from port B of cell $paramod\cordic_stage\SHIFT=s32'00000000000000000000000000000101.$sub$cordic_stage.sv:47$1231 ($sub).
Removed top 5 bits (of 16) from port B of cell $paramod\cordic_stage\SHIFT=s32'00000000000000000000000000000101.$add$cordic_stage.sv:49$1233 ($add).
Removed top 5 bits (of 16) from port B of cell $paramod\cordic_stage\SHIFT=s32'00000000000000000000000000000101.$sub$cordic_stage.sv:50$1235 ($sub).
Removed top 5 bits (of 16) from port B of cell $paramod\cordic_stage\SHIFT=s32'00000000000000000000000000000101.$add$cordic_stage.sv:51$1236 ($add).
Removed top 31 bits (of 32) from port B of cell $paramod\cordic_stage\SHIFT=s32'00000000000000000000000000000110.$ge$cordic_stage.sv:44$1212 ($ge).
Removed top 6 bits (of 16) from port B of cell $paramod\cordic_stage\SHIFT=s32'00000000000000000000000000000110.$sub$cordic_stage.sv:45$1214 ($sub).
Removed top 6 bits (of 16) from port B of cell $paramod\cordic_stage\SHIFT=s32'00000000000000000000000000000110.$add$cordic_stage.sv:46$1216 ($add).
Removed top 6 bits (of 16) from port B of cell $paramod\cordic_stage\SHIFT=s32'00000000000000000000000000000110.$sub$cordic_stage.sv:47$1217 ($sub).
Removed top 6 bits (of 16) from port B of cell $paramod\cordic_stage\SHIFT=s32'00000000000000000000000000000110.$add$cordic_stage.sv:49$1219 ($add).
Removed top 6 bits (of 16) from port B of cell $paramod\cordic_stage\SHIFT=s32'00000000000000000000000000000110.$sub$cordic_stage.sv:50$1221 ($sub).
Removed top 6 bits (of 16) from port B of cell $paramod\cordic_stage\SHIFT=s32'00000000000000000000000000000110.$add$cordic_stage.sv:51$1222 ($add).
Removed top 31 bits (of 32) from port B of cell $paramod\cordic_stage\SHIFT=s32'00000000000000000000000000000111.$ge$cordic_stage.sv:44$1198 ($ge).
Removed top 7 bits (of 16) from port B of cell $paramod\cordic_stage\SHIFT=s32'00000000000000000000000000000111.$sub$cordic_stage.sv:45$1200 ($sub).
Removed top 7 bits (of 16) from port B of cell $paramod\cordic_stage\SHIFT=s32'00000000000000000000000000000111.$add$cordic_stage.sv:46$1202 ($add).
Removed top 7 bits (of 16) from port B of cell $paramod\cordic_stage\SHIFT=s32'00000000000000000000000000000111.$sub$cordic_stage.sv:47$1203 ($sub).
Removed top 7 bits (of 16) from port B of cell $paramod\cordic_stage\SHIFT=s32'00000000000000000000000000000111.$add$cordic_stage.sv:49$1205 ($add).
Removed top 7 bits (of 16) from port B of cell $paramod\cordic_stage\SHIFT=s32'00000000000000000000000000000111.$sub$cordic_stage.sv:50$1207 ($sub).
Removed top 7 bits (of 16) from port B of cell $paramod\cordic_stage\SHIFT=s32'00000000000000000000000000000111.$add$cordic_stage.sv:51$1208 ($add).
Removed top 31 bits (of 32) from port B of cell $paramod\cordic_stage\SHIFT=s32'00000000000000000000000000001000.$ge$cordic_stage.sv:44$1184 ($ge).
Removed top 8 bits (of 16) from port B of cell $paramod\cordic_stage\SHIFT=s32'00000000000000000000000000001000.$sub$cordic_stage.sv:45$1186 ($sub).
Removed top 8 bits (of 16) from port B of cell $paramod\cordic_stage\SHIFT=s32'00000000000000000000000000001000.$add$cordic_stage.sv:46$1188 ($add).
Removed top 8 bits (of 16) from port B of cell $paramod\cordic_stage\SHIFT=s32'00000000000000000000000000001000.$sub$cordic_stage.sv:47$1189 ($sub).
Removed top 8 bits (of 16) from port B of cell $paramod\cordic_stage\SHIFT=s32'00000000000000000000000000001000.$add$cordic_stage.sv:49$1191 ($add).
Removed top 8 bits (of 16) from port B of cell $paramod\cordic_stage\SHIFT=s32'00000000000000000000000000001000.$sub$cordic_stage.sv:50$1193 ($sub).
Removed top 8 bits (of 16) from port B of cell $paramod\cordic_stage\SHIFT=s32'00000000000000000000000000001000.$add$cordic_stage.sv:51$1194 ($add).
Removed top 31 bits (of 32) from port B of cell $paramod\cordic_stage\SHIFT=s32'00000000000000000000000000001001.$ge$cordic_stage.sv:44$1170 ($ge).
Removed top 9 bits (of 16) from port B of cell $paramod\cordic_stage\SHIFT=s32'00000000000000000000000000001001.$sub$cordic_stage.sv:45$1172 ($sub).
Removed top 9 bits (of 16) from port B of cell $paramod\cordic_stage\SHIFT=s32'00000000000000000000000000001001.$add$cordic_stage.sv:46$1174 ($add).
Removed top 9 bits (of 16) from port B of cell $paramod\cordic_stage\SHIFT=s32'00000000000000000000000000001001.$sub$cordic_stage.sv:47$1175 ($sub).
Removed top 9 bits (of 16) from port B of cell $paramod\cordic_stage\SHIFT=s32'00000000000000000000000000001001.$add$cordic_stage.sv:49$1177 ($add).
Removed top 9 bits (of 16) from port B of cell $paramod\cordic_stage\SHIFT=s32'00000000000000000000000000001001.$sub$cordic_stage.sv:50$1179 ($sub).
Removed top 9 bits (of 16) from port B of cell $paramod\cordic_stage\SHIFT=s32'00000000000000000000000000001001.$add$cordic_stage.sv:51$1180 ($add).
Removed top 31 bits (of 32) from port B of cell $paramod\cordic_stage\SHIFT=s32'00000000000000000000000000001010.$ge$cordic_stage.sv:44$1156 ($ge).
Removed top 10 bits (of 16) from port B of cell $paramod\cordic_stage\SHIFT=s32'00000000000000000000000000001010.$sub$cordic_stage.sv:45$1158 ($sub).
Removed top 10 bits (of 16) from port B of cell $paramod\cordic_stage\SHIFT=s32'00000000000000000000000000001010.$add$cordic_stage.sv:46$1160 ($add).
Removed top 10 bits (of 16) from port B of cell $paramod\cordic_stage\SHIFT=s32'00000000000000000000000000001010.$sub$cordic_stage.sv:47$1161 ($sub).
Removed top 10 bits (of 16) from port B of cell $paramod\cordic_stage\SHIFT=s32'00000000000000000000000000001010.$add$cordic_stage.sv:49$1163 ($add).
Removed top 10 bits (of 16) from port B of cell $paramod\cordic_stage\SHIFT=s32'00000000000000000000000000001010.$sub$cordic_stage.sv:50$1165 ($sub).
Removed top 10 bits (of 16) from port B of cell $paramod\cordic_stage\SHIFT=s32'00000000000000000000000000001010.$add$cordic_stage.sv:51$1166 ($add).
Removed top 31 bits (of 32) from port B of cell $paramod\cordic_stage\SHIFT=s32'00000000000000000000000000001011.$ge$cordic_stage.sv:44$1142 ($ge).
Removed top 11 bits (of 16) from port B of cell $paramod\cordic_stage\SHIFT=s32'00000000000000000000000000001011.$sub$cordic_stage.sv:45$1144 ($sub).
Removed top 11 bits (of 16) from port B of cell $paramod\cordic_stage\SHIFT=s32'00000000000000000000000000001011.$add$cordic_stage.sv:46$1146 ($add).
Removed top 11 bits (of 16) from port B of cell $paramod\cordic_stage\SHIFT=s32'00000000000000000000000000001011.$sub$cordic_stage.sv:47$1147 ($sub).
Removed top 11 bits (of 16) from port B of cell $paramod\cordic_stage\SHIFT=s32'00000000000000000000000000001011.$add$cordic_stage.sv:49$1149 ($add).
Removed top 11 bits (of 16) from port B of cell $paramod\cordic_stage\SHIFT=s32'00000000000000000000000000001011.$sub$cordic_stage.sv:50$1151 ($sub).
Removed top 11 bits (of 16) from port B of cell $paramod\cordic_stage\SHIFT=s32'00000000000000000000000000001011.$add$cordic_stage.sv:51$1152 ($add).
Removed top 31 bits (of 32) from port B of cell $paramod\cordic_stage\SHIFT=s32'00000000000000000000000000001100.$ge$cordic_stage.sv:44$1128 ($ge).
Removed top 12 bits (of 16) from port B of cell $paramod\cordic_stage\SHIFT=s32'00000000000000000000000000001100.$sub$cordic_stage.sv:45$1130 ($sub).
Removed top 12 bits (of 16) from port B of cell $paramod\cordic_stage\SHIFT=s32'00000000000000000000000000001100.$add$cordic_stage.sv:46$1132 ($add).
Removed top 12 bits (of 16) from port B of cell $paramod\cordic_stage\SHIFT=s32'00000000000000000000000000001100.$sub$cordic_stage.sv:47$1133 ($sub).
Removed top 12 bits (of 16) from port B of cell $paramod\cordic_stage\SHIFT=s32'00000000000000000000000000001100.$add$cordic_stage.sv:49$1135 ($add).
Removed top 12 bits (of 16) from port B of cell $paramod\cordic_stage\SHIFT=s32'00000000000000000000000000001100.$sub$cordic_stage.sv:50$1137 ($sub).
Removed top 12 bits (of 16) from port B of cell $paramod\cordic_stage\SHIFT=s32'00000000000000000000000000001100.$add$cordic_stage.sv:51$1138 ($add).
Removed top 31 bits (of 32) from port B of cell $paramod\cordic_stage\SHIFT=s32'00000000000000000000000000001101.$ge$cordic_stage.sv:44$1114 ($ge).
Removed top 13 bits (of 16) from port B of cell $paramod\cordic_stage\SHIFT=s32'00000000000000000000000000001101.$sub$cordic_stage.sv:45$1116 ($sub).
Removed top 13 bits (of 16) from port B of cell $paramod\cordic_stage\SHIFT=s32'00000000000000000000000000001101.$add$cordic_stage.sv:46$1118 ($add).
Removed top 13 bits (of 16) from port B of cell $paramod\cordic_stage\SHIFT=s32'00000000000000000000000000001101.$sub$cordic_stage.sv:47$1119 ($sub).
Removed top 13 bits (of 16) from port B of cell $paramod\cordic_stage\SHIFT=s32'00000000000000000000000000001101.$add$cordic_stage.sv:49$1121 ($add).
Removed top 13 bits (of 16) from port B of cell $paramod\cordic_stage\SHIFT=s32'00000000000000000000000000001101.$sub$cordic_stage.sv:50$1123 ($sub).
Removed top 13 bits (of 16) from port B of cell $paramod\cordic_stage\SHIFT=s32'00000000000000000000000000001101.$add$cordic_stage.sv:51$1124 ($add).

3.14. Executing PEEPOPT pass (run peephole optimizers).

3.15. Executing OPT_CLEAN pass (remove unused cells and wires).
Finding unused cells or wires in module $paramod\cordic_stage\SHIFT=s32'00000000000000000000000000000000..
Finding unused cells or wires in module $paramod\cordic_stage\SHIFT=s32'00000000000000000000000000000001..
Finding unused cells or wires in module $paramod\cordic_stage\SHIFT=s32'00000000000000000000000000000010..
Finding unused cells or wires in module $paramod\cordic_stage\SHIFT=s32'00000000000000000000000000000011..
Finding unused cells or wires in module $paramod\cordic_stage\SHIFT=s32'00000000000000000000000000000100..
Finding unused cells or wires in module $paramod\cordic_stage\SHIFT=s32'00000000000000000000000000000101..
Finding unused cells or wires in module $paramod\cordic_stage\SHIFT=s32'00000000000000000000000000000110..
Finding unused cells or wires in module $paramod\cordic_stage\SHIFT=s32'00000000000000000000000000000111..
Finding unused cells or wires in module $paramod\cordic_stage\SHIFT=s32'00000000000000000000000000001000..
Finding unused cells or wires in module $paramod\cordic_stage\SHIFT=s32'00000000000000000000000000001001..
Finding unused cells or wires in module $paramod\cordic_stage\SHIFT=s32'00000000000000000000000000001010..
Finding unused cells or wires in module $paramod\cordic_stage\SHIFT=s32'00000000000000000000000000001011..
Finding unused cells or wires in module $paramod\cordic_stage\SHIFT=s32'00000000000000000000000000001100..
Finding unused cells or wires in module $paramod\cordic_stage\SHIFT=s32'00000000000000000000000000001101..
Finding unused cells or wires in module \cordic_pipeline..

3.16. Executing PMUX2SHIFTX pass.

3.17. Executing MEMORY_DFF pass (merging $dff cells to $memrd).

3.18. Executing TECHMAP pass (map to technology primitives).

3.18.1. Executing Verilog-2005 frontend: /usr/bin/../share/yosys/mul2dsp.v
Parsing Verilog input from `/usr/bin/../share/yosys/mul2dsp.v' to AST representation.
Generating RTLIL representation for module `\_80_mul'.
Generating RTLIL representation for module `\_90_soft_mul'.
Successfully finished Verilog frontend.

3.18.2. Executing Verilog-2005 frontend: /usr/bin/../share/yosys/xilinx/xc7_dsp_map.v
Parsing Verilog input from `/usr/bin/../share/yosys/xilinx/xc7_dsp_map.v' to AST representation.
Generating RTLIL representation for module `\$__MUL25X18'.
Successfully finished Verilog frontend.

3.18.3. Continuing TECHMAP pass.
No more expansions possible.
<suppressed ~5 debug messages>

3.19. Executing OPT_EXPR pass (perform const folding).

3.20. Executing WREDUCE pass (reducing word size of cells).

3.21. Executing XILINX_DSP pass (pack resources into DSPs).

3.22. Executing TECHMAP pass (map to technology primitives).

3.22.1. Executing Verilog-2005 frontend: /usr/bin/../share/yosys/cmp2lut.v
Parsing Verilog input from `/usr/bin/../share/yosys/cmp2lut.v' to AST representation.
Generating RTLIL representation for module `\_90_lut_cmp_'.
Successfully finished Verilog frontend.

3.22.2. Executing Verilog-2005 frontend: /usr/bin/../share/yosys/cmp2lcu.v
Parsing Verilog input from `/usr/bin/../share/yosys/cmp2lcu.v' to AST representation.
Generating RTLIL representation for module `\_80_lcu_cmp_'.
Generating RTLIL representation for module `\$__CMP2LCU'.
Successfully finished Verilog frontend.

3.22.3. Continuing TECHMAP pass.
Using template $paramod$e2816181b0962f8915fdd8457843d4374dbd5f14\_80_lcu_cmp_ for cells of type $ge.
Using template $paramod$cbb4ad591cabf5b70cfd8d9291639718e06a348a\$__CMP2LCU for cells of type $__CMP2LCU.
Using template $paramod$9816587badb35b47d56cba3da150849ec2c257c2\$__CMP2LCU for cells of type $__CMP2LCU.
Using template $paramod$e5e0c83a276d31185839e91c2c593a7246dd306c\$__CMP2LCU for cells of type $__CMP2LCU.
Using template $paramod$f34c3e7789e298a12084a681b969d96459878594\$__CMP2LCU for cells of type $__CMP2LCU.
Using template $paramod$a2d038c26a918ece53fcc78f1784db53db9f9d8f\$__CMP2LCU for cells of type $__CMP2LCU.
Using template $paramod$44f66768811bf5cbd17bd98d557bf551eaa4f78f\$__CMP2LCU for cells of type $__CMP2LCU.
Using template $paramod$209d3a30ba0959620530e5dcd91c9f830095755d\$__CMP2LCU for cells of type $__CMP2LCU.
Using template $paramod$0dfd26f5d1684064a9dd8600ad1bbe809d029c09\$__CMP2LCU for cells of type $__CMP2LCU.
Using template $paramod$422ef83d950eac127977b984c2d7dc2d7b4a3edf\$__CMP2LCU for cells of type $__CMP2LCU.
Using template $paramod$c1f8c06748c8de19f72b2f0c4117821928719538\$__CMP2LCU for cells of type $__CMP2LCU.
Using template $paramod$a9bf96b5066c178171e722af65a0a1b96240d8fa\$__CMP2LCU for cells of type $__CMP2LCU.
Using template $paramod$84e1b4bd11ac1d7a058dec3622bd5a793bef66b2\$__CMP2LCU for cells of type $__CMP2LCU.
Using template $paramod$504ffbfeb6d4f5c4e9bee46e25e37ce2d4fb5971\$__CMP2LCU for cells of type $__CMP2LCU.
Using template $paramod$df55c4b7114595092bb2fcec82038ff1f4a5c526\$__CMP2LCU for cells of type $__CMP2LCU.
Using template $paramod$b44c4072001c32cad79b4eb40c655ff22fc1d72a\$__CMP2LCU for cells of type $__CMP2LCU.
Using template $paramod$ca10b6db39ea827eac59fdee7b63fd2c6051849d\$__CMP2LCU for cells of type $__CMP2LCU.
Using template $paramod$c18e0477cdcc3388607dc61644381a75d0b2837b\$__CMP2LCU for cells of type $__CMP2LCU.
Using template $paramod$f2c50c1eaee0df06526511f9757181e598707c0b\$__CMP2LCU for cells of type $__CMP2LCU.
Using template $paramod$0cedfb49e1d8bb960790bbfc68ee2bd67213b691\$__CMP2LCU for cells of type $__CMP2LCU.
No more expansions possible.
<suppressed ~783 debug messages>

3.23. Executing ALUMACC pass (create $alu and $macc cells).
Extracting $alu and $macc cells in module $paramod\cordic_stage\SHIFT=s32'00000000000000000000000000000000:
  creating $macc model for $add$cordic_stage.sv:51$1306 ($add).
  creating $macc model for $add$cordic_stage.sv:46$1300 ($add).
  creating $macc model for $sub$cordic_stage.sv:45$1298 ($sub).
  creating $macc model for $sub$cordic_stage.sv:47$1301 ($sub).
  creating $macc model for $sub$cordic_stage.sv:50$1305 ($sub).
  creating $alu model for $macc $sub$cordic_stage.sv:50$1305.
  creating $alu model for $macc $sub$cordic_stage.sv:47$1301.
  creating $alu model for $macc $sub$cordic_stage.sv:45$1298.
  creating $alu model for $macc $add$cordic_stage.sv:46$1300.
  creating $alu model for $macc $add$cordic_stage.sv:51$1306.
  creating $alu cell for $add$cordic_stage.sv:51$1306: $auto$alumacc.cc:495:replace_alu$2367
  creating $alu cell for $add$cordic_stage.sv:46$1300: $auto$alumacc.cc:495:replace_alu$2370
  creating $alu cell for $sub$cordic_stage.sv:45$1298: $auto$alumacc.cc:495:replace_alu$2373
  creating $alu cell for $sub$cordic_stage.sv:47$1301: $auto$alumacc.cc:495:replace_alu$2376
  creating $alu cell for $sub$cordic_stage.sv:50$1305: $auto$alumacc.cc:495:replace_alu$2379
  created 5 $alu and 0 $macc cells.
Extracting $alu and $macc cells in module $paramod\cordic_stage\SHIFT=s32'00000000000000000000000000000001:
  creating $macc model for $add$cordic_stage.sv:49$1289 ($add).
  creating $macc model for $add$cordic_stage.sv:51$1292 ($add).
  creating $macc model for $add$cordic_stage.sv:46$1286 ($add).
  creating $macc model for $sub$cordic_stage.sv:45$1284 ($sub).
  creating $macc model for $sub$cordic_stage.sv:47$1287 ($sub).
  creating $macc model for $sub$cordic_stage.sv:50$1291 ($sub).
  creating $alu model for $macc $sub$cordic_stage.sv:50$1291.
  creating $alu model for $macc $sub$cordic_stage.sv:47$1287.
  creating $alu model for $macc $sub$cordic_stage.sv:45$1284.
  creating $alu model for $macc $add$cordic_stage.sv:46$1286.
  creating $alu model for $macc $add$cordic_stage.sv:51$1292.
  creating $alu model for $macc $add$cordic_stage.sv:49$1289.
  creating $alu cell for $add$cordic_stage.sv:49$1289: $auto$alumacc.cc:495:replace_alu$2382
  creating $alu cell for $add$cordic_stage.sv:51$1292: $auto$alumacc.cc:495:replace_alu$2385
  creating $alu cell for $add$cordic_stage.sv:46$1286: $auto$alumacc.cc:495:replace_alu$2388
  creating $alu cell for $sub$cordic_stage.sv:45$1284: $auto$alumacc.cc:495:replace_alu$2391
  creating $alu cell for $sub$cordic_stage.sv:47$1287: $auto$alumacc.cc:495:replace_alu$2394
  creating $alu cell for $sub$cordic_stage.sv:50$1291: $auto$alumacc.cc:495:replace_alu$2397
  created 6 $alu and 0 $macc cells.
Extracting $alu and $macc cells in module $paramod\cordic_stage\SHIFT=s32'00000000000000000000000000000010:
  creating $macc model for $add$cordic_stage.sv:49$1275 ($add).
  creating $macc model for $add$cordic_stage.sv:51$1278 ($add).
  creating $macc model for $add$cordic_stage.sv:46$1272 ($add).
  creating $macc model for $sub$cordic_stage.sv:45$1270 ($sub).
  creating $macc model for $sub$cordic_stage.sv:47$1273 ($sub).
  creating $macc model for $sub$cordic_stage.sv:50$1277 ($sub).
  creating $alu model for $macc $sub$cordic_stage.sv:50$1277.
  creating $alu model for $macc $sub$cordic_stage.sv:47$1273.
  creating $alu model for $macc $sub$cordic_stage.sv:45$1270.
  creating $alu model for $macc $add$cordic_stage.sv:46$1272.
  creating $alu model for $macc $add$cordic_stage.sv:51$1278.
  creating $alu model for $macc $add$cordic_stage.sv:49$1275.
  creating $alu cell for $add$cordic_stage.sv:49$1275: $auto$alumacc.cc:495:replace_alu$2400
  creating $alu cell for $add$cordic_stage.sv:51$1278: $auto$alumacc.cc:495:replace_alu$2403
  creating $alu cell for $add$cordic_stage.sv:46$1272: $auto$alumacc.cc:495:replace_alu$2406
  creating $alu cell for $sub$cordic_stage.sv:45$1270: $auto$alumacc.cc:495:replace_alu$2409
  creating $alu cell for $sub$cordic_stage.sv:47$1273: $auto$alumacc.cc:495:replace_alu$2412
  creating $alu cell for $sub$cordic_stage.sv:50$1277: $auto$alumacc.cc:495:replace_alu$2415
  created 6 $alu and 0 $macc cells.
Extracting $alu and $macc cells in module $paramod\cordic_stage\SHIFT=s32'00000000000000000000000000000011:
  creating $macc model for $add$cordic_stage.sv:49$1261 ($add).
  creating $macc model for $add$cordic_stage.sv:51$1264 ($add).
  creating $macc model for $add$cordic_stage.sv:46$1258 ($add).
  creating $macc model for $sub$cordic_stage.sv:45$1256 ($sub).
  creating $macc model for $sub$cordic_stage.sv:47$1259 ($sub).
  creating $macc model for $sub$cordic_stage.sv:50$1263 ($sub).
  creating $alu model for $macc $sub$cordic_stage.sv:50$1263.
  creating $alu model for $macc $sub$cordic_stage.sv:47$1259.
  creating $alu model for $macc $sub$cordic_stage.sv:45$1256.
  creating $alu model for $macc $add$cordic_stage.sv:46$1258.
  creating $alu model for $macc $add$cordic_stage.sv:51$1264.
  creating $alu model for $macc $add$cordic_stage.sv:49$1261.
  creating $alu cell for $add$cordic_stage.sv:49$1261: $auto$alumacc.cc:495:replace_alu$2418
  creating $alu cell for $add$cordic_stage.sv:51$1264: $auto$alumacc.cc:495:replace_alu$2421
  creating $alu cell for $add$cordic_stage.sv:46$1258: $auto$alumacc.cc:495:replace_alu$2424
  creating $alu cell for $sub$cordic_stage.sv:45$1256: $auto$alumacc.cc:495:replace_alu$2427
  creating $alu cell for $sub$cordic_stage.sv:47$1259: $auto$alumacc.cc:495:replace_alu$2430
  creating $alu cell for $sub$cordic_stage.sv:50$1263: $auto$alumacc.cc:495:replace_alu$2433
  created 6 $alu and 0 $macc cells.
Extracting $alu and $macc cells in module $paramod\cordic_stage\SHIFT=s32'00000000000000000000000000000100:
  creating $macc model for $add$cordic_stage.sv:49$1247 ($add).
  creating $macc model for $add$cordic_stage.sv:51$1250 ($add).
  creating $macc model for $add$cordic_stage.sv:46$1244 ($add).
  creating $macc model for $sub$cordic_stage.sv:45$1242 ($sub).
  creating $macc model for $sub$cordic_stage.sv:47$1245 ($sub).
  creating $macc model for $sub$cordic_stage.sv:50$1249 ($sub).
  creating $alu model for $macc $sub$cordic_stage.sv:50$1249.
  creating $alu model for $macc $sub$cordic_stage.sv:47$1245.
  creating $alu model for $macc $sub$cordic_stage.sv:45$1242.
  creating $alu model for $macc $add$cordic_stage.sv:46$1244.
  creating $alu model for $macc $add$cordic_stage.sv:51$1250.
  creating $alu model for $macc $add$cordic_stage.sv:49$1247.
  creating $alu cell for $add$cordic_stage.sv:49$1247: $auto$alumacc.cc:495:replace_alu$2436
  creating $alu cell for $add$cordic_stage.sv:51$1250: $auto$alumacc.cc:495:replace_alu$2439
  creating $alu cell for $add$cordic_stage.sv:46$1244: $auto$alumacc.cc:495:replace_alu$2442
  creating $alu cell for $sub$cordic_stage.sv:45$1242: $auto$alumacc.cc:495:replace_alu$2445
  creating $alu cell for $sub$cordic_stage.sv:47$1245: $auto$alumacc.cc:495:replace_alu$2448
  creating $alu cell for $sub$cordic_stage.sv:50$1249: $auto$alumacc.cc:495:replace_alu$2451
  created 6 $alu and 0 $macc cells.
Extracting $alu and $macc cells in module $paramod\cordic_stage\SHIFT=s32'00000000000000000000000000000101:
  creating $macc model for $add$cordic_stage.sv:49$1233 ($add).
  creating $macc model for $add$cordic_stage.sv:51$1236 ($add).
  creating $macc model for $add$cordic_stage.sv:46$1230 ($add).
  creating $macc model for $sub$cordic_stage.sv:45$1228 ($sub).
  creating $macc model for $sub$cordic_stage.sv:47$1231 ($sub).
  creating $macc model for $sub$cordic_stage.sv:50$1235 ($sub).
  creating $alu model for $macc $sub$cordic_stage.sv:50$1235.
  creating $alu model for $macc $sub$cordic_stage.sv:47$1231.
  creating $alu model for $macc $sub$cordic_stage.sv:45$1228.
  creating $alu model for $macc $add$cordic_stage.sv:46$1230.
  creating $alu model for $macc $add$cordic_stage.sv:51$1236.
  creating $alu model for $macc $add$cordic_stage.sv:49$1233.
  creating $alu cell for $add$cordic_stage.sv:49$1233: $auto$alumacc.cc:495:replace_alu$2454
  creating $alu cell for $add$cordic_stage.sv:51$1236: $auto$alumacc.cc:495:replace_alu$2457
  creating $alu cell for $add$cordic_stage.sv:46$1230: $auto$alumacc.cc:495:replace_alu$2460
  creating $alu cell for $sub$cordic_stage.sv:45$1228: $auto$alumacc.cc:495:replace_alu$2463
  creating $alu cell for $sub$cordic_stage.sv:47$1231: $auto$alumacc.cc:495:replace_alu$2466
  creating $alu cell for $sub$cordic_stage.sv:50$1235: $auto$alumacc.cc:495:replace_alu$2469
  created 6 $alu and 0 $macc cells.
Extracting $alu and $macc cells in module $paramod\cordic_stage\SHIFT=s32'00000000000000000000000000000110:
  creating $macc model for $add$cordic_stage.sv:49$1219 ($add).
  creating $macc model for $add$cordic_stage.sv:51$1222 ($add).
  creating $macc model for $add$cordic_stage.sv:46$1216 ($add).
  creating $macc model for $sub$cordic_stage.sv:45$1214 ($sub).
  creating $macc model for $sub$cordic_stage.sv:47$1217 ($sub).
  creating $macc model for $sub$cordic_stage.sv:50$1221 ($sub).
  creating $alu model for $macc $sub$cordic_stage.sv:50$1221.
  creating $alu model for $macc $sub$cordic_stage.sv:47$1217.
  creating $alu model for $macc $sub$cordic_stage.sv:45$1214.
  creating $alu model for $macc $add$cordic_stage.sv:46$1216.
  creating $alu model for $macc $add$cordic_stage.sv:51$1222.
  creating $alu model for $macc $add$cordic_stage.sv:49$1219.
  creating $alu cell for $add$cordic_stage.sv:49$1219: $auto$alumacc.cc:495:replace_alu$2472
  creating $alu cell for $add$cordic_stage.sv:51$1222: $auto$alumacc.cc:495:replace_alu$2475
  creating $alu cell for $add$cordic_stage.sv:46$1216: $auto$alumacc.cc:495:replace_alu$2478
  creating $alu cell for $sub$cordic_stage.sv:45$1214: $auto$alumacc.cc:495:replace_alu$2481
  creating $alu cell for $sub$cordic_stage.sv:47$1217: $auto$alumacc.cc:495:replace_alu$2484
  creating $alu cell for $sub$cordic_stage.sv:50$1221: $auto$alumacc.cc:495:replace_alu$2487
  created 6 $alu and 0 $macc cells.
Extracting $alu and $macc cells in module $paramod\cordic_stage\SHIFT=s32'00000000000000000000000000000111:
  creating $macc model for $add$cordic_stage.sv:49$1205 ($add).
  creating $macc model for $add$cordic_stage.sv:51$1208 ($add).
  creating $macc model for $add$cordic_stage.sv:46$1202 ($add).
  creating $macc model for $sub$cordic_stage.sv:45$1200 ($sub).
  creating $macc model for $sub$cordic_stage.sv:47$1203 ($sub).
  creating $macc model for $sub$cordic_stage.sv:50$1207 ($sub).
  creating $alu model for $macc $sub$cordic_stage.sv:50$1207.
  creating $alu model for $macc $sub$cordic_stage.sv:47$1203.
  creating $alu model for $macc $sub$cordic_stage.sv:45$1200.
  creating $alu model for $macc $add$cordic_stage.sv:46$1202.
  creating $alu model for $macc $add$cordic_stage.sv:51$1208.
  creating $alu model for $macc $add$cordic_stage.sv:49$1205.
  creating $alu cell for $add$cordic_stage.sv:49$1205: $auto$alumacc.cc:495:replace_alu$2490
  creating $alu cell for $add$cordic_stage.sv:51$1208: $auto$alumacc.cc:495:replace_alu$2493
  creating $alu cell for $add$cordic_stage.sv:46$1202: $auto$alumacc.cc:495:replace_alu$2496
  creating $alu cell for $sub$cordic_stage.sv:45$1200: $auto$alumacc.cc:495:replace_alu$2499
  creating $alu cell for $sub$cordic_stage.sv:47$1203: $auto$alumacc.cc:495:replace_alu$2502
  creating $alu cell for $sub$cordic_stage.sv:50$1207: $auto$alumacc.cc:495:replace_alu$2505
  created 6 $alu and 0 $macc cells.
Extracting $alu and $macc cells in module $paramod\cordic_stage\SHIFT=s32'00000000000000000000000000001000:
  creating $macc model for $add$cordic_stage.sv:49$1191 ($add).
  creating $macc model for $add$cordic_stage.sv:51$1194 ($add).
  creating $macc model for $add$cordic_stage.sv:46$1188 ($add).
  creating $macc model for $sub$cordic_stage.sv:45$1186 ($sub).
  creating $macc model for $sub$cordic_stage.sv:47$1189 ($sub).
  creating $macc model for $sub$cordic_stage.sv:50$1193 ($sub).
  creating $alu model for $macc $sub$cordic_stage.sv:50$1193.
  creating $alu model for $macc $sub$cordic_stage.sv:47$1189.
  creating $alu model for $macc $sub$cordic_stage.sv:45$1186.
  creating $alu model for $macc $add$cordic_stage.sv:46$1188.
  creating $alu model for $macc $add$cordic_stage.sv:51$1194.
  creating $alu model for $macc $add$cordic_stage.sv:49$1191.
  creating $alu cell for $add$cordic_stage.sv:49$1191: $auto$alumacc.cc:495:replace_alu$2508
  creating $alu cell for $add$cordic_stage.sv:51$1194: $auto$alumacc.cc:495:replace_alu$2511
  creating $alu cell for $add$cordic_stage.sv:46$1188: $auto$alumacc.cc:495:replace_alu$2514
  creating $alu cell for $sub$cordic_stage.sv:45$1186: $auto$alumacc.cc:495:replace_alu$2517
  creating $alu cell for $sub$cordic_stage.sv:47$1189: $auto$alumacc.cc:495:replace_alu$2520
  creating $alu cell for $sub$cordic_stage.sv:50$1193: $auto$alumacc.cc:495:replace_alu$2523
  created 6 $alu and 0 $macc cells.
Extracting $alu and $macc cells in module $paramod\cordic_stage\SHIFT=s32'00000000000000000000000000001001:
  creating $macc model for $add$cordic_stage.sv:49$1177 ($add).
  creating $macc model for $add$cordic_stage.sv:51$1180 ($add).
  creating $macc model for $add$cordic_stage.sv:46$1174 ($add).
  creating $macc model for $sub$cordic_stage.sv:45$1172 ($sub).
  creating $macc model for $sub$cordic_stage.sv:47$1175 ($sub).
  creating $macc model for $sub$cordic_stage.sv:50$1179 ($sub).
  creating $alu model for $macc $sub$cordic_stage.sv:50$1179.
  creating $alu model for $macc $sub$cordic_stage.sv:47$1175.
  creating $alu model for $macc $sub$cordic_stage.sv:45$1172.
  creating $alu model for $macc $add$cordic_stage.sv:46$1174.
  creating $alu model for $macc $add$cordic_stage.sv:51$1180.
  creating $alu model for $macc $add$cordic_stage.sv:49$1177.
  creating $alu cell for $add$cordic_stage.sv:49$1177: $auto$alumacc.cc:495:replace_alu$2526
  creating $alu cell for $add$cordic_stage.sv:51$1180: $auto$alumacc.cc:495:replace_alu$2529
  creating $alu cell for $add$cordic_stage.sv:46$1174: $auto$alumacc.cc:495:replace_alu$2532
  creating $alu cell for $sub$cordic_stage.sv:45$1172: $auto$alumacc.cc:495:replace_alu$2535
  creating $alu cell for $sub$cordic_stage.sv:47$1175: $auto$alumacc.cc:495:replace_alu$2538
  creating $alu cell for $sub$cordic_stage.sv:50$1179: $auto$alumacc.cc:495:replace_alu$2541
  created 6 $alu and 0 $macc cells.
Extracting $alu and $macc cells in module $paramod\cordic_stage\SHIFT=s32'00000000000000000000000000001010:
  creating $macc model for $add$cordic_stage.sv:49$1163 ($add).
  creating $macc model for $add$cordic_stage.sv:51$1166 ($add).
  creating $macc model for $add$cordic_stage.sv:46$1160 ($add).
  creating $macc model for $sub$cordic_stage.sv:45$1158 ($sub).
  creating $macc model for $sub$cordic_stage.sv:47$1161 ($sub).
  creating $macc model for $sub$cordic_stage.sv:50$1165 ($sub).
  creating $alu model for $macc $sub$cordic_stage.sv:50$1165.
  creating $alu model for $macc $sub$cordic_stage.sv:47$1161.
  creating $alu model for $macc $sub$cordic_stage.sv:45$1158.
  creating $alu model for $macc $add$cordic_stage.sv:46$1160.
  creating $alu model for $macc $add$cordic_stage.sv:51$1166.
  creating $alu model for $macc $add$cordic_stage.sv:49$1163.
  creating $alu cell for $add$cordic_stage.sv:49$1163: $auto$alumacc.cc:495:replace_alu$2544
  creating $alu cell for $add$cordic_stage.sv:51$1166: $auto$alumacc.cc:495:replace_alu$2547
  creating $alu cell for $add$cordic_stage.sv:46$1160: $auto$alumacc.cc:495:replace_alu$2550
  creating $alu cell for $sub$cordic_stage.sv:45$1158: $auto$alumacc.cc:495:replace_alu$2553
  creating $alu cell for $sub$cordic_stage.sv:47$1161: $auto$alumacc.cc:495:replace_alu$2556
  creating $alu cell for $sub$cordic_stage.sv:50$1165: $auto$alumacc.cc:495:replace_alu$2559
  created 6 $alu and 0 $macc cells.
Extracting $alu and $macc cells in module $paramod\cordic_stage\SHIFT=s32'00000000000000000000000000001011:
  creating $macc model for $add$cordic_stage.sv:49$1149 ($add).
  creating $macc model for $add$cordic_stage.sv:51$1152 ($add).
  creating $macc model for $add$cordic_stage.sv:46$1146 ($add).
  creating $macc model for $sub$cordic_stage.sv:45$1144 ($sub).
  creating $macc model for $sub$cordic_stage.sv:47$1147 ($sub).
  creating $macc model for $sub$cordic_stage.sv:50$1151 ($sub).
  creating $alu model for $macc $sub$cordic_stage.sv:50$1151.
  creating $alu model for $macc $sub$cordic_stage.sv:47$1147.
  creating $alu model for $macc $sub$cordic_stage.sv:45$1144.
  creating $alu model for $macc $add$cordic_stage.sv:46$1146.
  creating $alu model for $macc $add$cordic_stage.sv:51$1152.
  creating $alu model for $macc $add$cordic_stage.sv:49$1149.
  creating $alu cell for $add$cordic_stage.sv:49$1149: $auto$alumacc.cc:495:replace_alu$2562
  creating $alu cell for $add$cordic_stage.sv:51$1152: $auto$alumacc.cc:495:replace_alu$2565
  creating $alu cell for $add$cordic_stage.sv:46$1146: $auto$alumacc.cc:495:replace_alu$2568
  creating $alu cell for $sub$cordic_stage.sv:45$1144: $auto$alumacc.cc:495:replace_alu$2571
  creating $alu cell for $sub$cordic_stage.sv:47$1147: $auto$alumacc.cc:495:replace_alu$2574
  creating $alu cell for $sub$cordic_stage.sv:50$1151: $auto$alumacc.cc:495:replace_alu$2577
  created 6 $alu and 0 $macc cells.
Extracting $alu and $macc cells in module $paramod\cordic_stage\SHIFT=s32'00000000000000000000000000001100:
  creating $macc model for $add$cordic_stage.sv:49$1135 ($add).
  creating $macc model for $add$cordic_stage.sv:51$1138 ($add).
  creating $macc model for $add$cordic_stage.sv:46$1132 ($add).
  creating $macc model for $sub$cordic_stage.sv:45$1130 ($sub).
  creating $macc model for $sub$cordic_stage.sv:47$1133 ($sub).
  creating $macc model for $sub$cordic_stage.sv:50$1137 ($sub).
  creating $alu model for $macc $sub$cordic_stage.sv:50$1137.
  creating $alu model for $macc $sub$cordic_stage.sv:47$1133.
  creating $alu model for $macc $sub$cordic_stage.sv:45$1130.
  creating $alu model for $macc $add$cordic_stage.sv:46$1132.
  creating $alu model for $macc $add$cordic_stage.sv:51$1138.
  creating $alu model for $macc $add$cordic_stage.sv:49$1135.
  creating $alu cell for $add$cordic_stage.sv:49$1135: $auto$alumacc.cc:495:replace_alu$2580
  creating $alu cell for $add$cordic_stage.sv:51$1138: $auto$alumacc.cc:495:replace_alu$2583
  creating $alu cell for $add$cordic_stage.sv:46$1132: $auto$alumacc.cc:495:replace_alu$2586
  creating $alu cell for $sub$cordic_stage.sv:45$1130: $auto$alumacc.cc:495:replace_alu$2589
  creating $alu cell for $sub$cordic_stage.sv:47$1133: $auto$alumacc.cc:495:replace_alu$2592
  creating $alu cell for $sub$cordic_stage.sv:50$1137: $auto$alumacc.cc:495:replace_alu$2595
  created 6 $alu and 0 $macc cells.
Extracting $alu and $macc cells in module $paramod\cordic_stage\SHIFT=s32'00000000000000000000000000001101:
  creating $macc model for $add$cordic_stage.sv:49$1121 ($add).
  creating $macc model for $add$cordic_stage.sv:51$1124 ($add).
  creating $macc model for $add$cordic_stage.sv:46$1118 ($add).
  creating $macc model for $sub$cordic_stage.sv:45$1116 ($sub).
  creating $macc model for $sub$cordic_stage.sv:47$1119 ($sub).
  creating $macc model for $sub$cordic_stage.sv:50$1123 ($sub).
  creating $alu model for $macc $sub$cordic_stage.sv:50$1123.
  creating $alu model for $macc $sub$cordic_stage.sv:47$1119.
  creating $alu model for $macc $sub$cordic_stage.sv:45$1116.
  creating $alu model for $macc $add$cordic_stage.sv:46$1118.
  creating $alu model for $macc $add$cordic_stage.sv:51$1124.
  creating $alu model for $macc $add$cordic_stage.sv:49$1121.
  creating $alu cell for $add$cordic_stage.sv:49$1121: $auto$alumacc.cc:495:replace_alu$2598
  creating $alu cell for $add$cordic_stage.sv:51$1124: $auto$alumacc.cc:495:replace_alu$2601
  creating $alu cell for $add$cordic_stage.sv:46$1118: $auto$alumacc.cc:495:replace_alu$2604
  creating $alu cell for $sub$cordic_stage.sv:45$1116: $auto$alumacc.cc:495:replace_alu$2607
  creating $alu cell for $sub$cordic_stage.sv:47$1119: $auto$alumacc.cc:495:replace_alu$2610
  creating $alu cell for $sub$cordic_stage.sv:50$1123: $auto$alumacc.cc:495:replace_alu$2613
  created 6 $alu and 0 $macc cells.
Extracting $alu and $macc cells in module cordic_pipeline:
  created 0 $alu and 0 $macc cells.

3.24. Executing SHARE pass (SAT-based resource sharing).

3.25. Executing OPT pass (performing simple optimizations).

3.25.1. Executing OPT_EXPR pass (perform const folding).
Optimizing module $paramod\cordic_stage\SHIFT=s32'00000000000000000000000000000000.
<suppressed ~56 debug messages>
Optimizing module $paramod\cordic_stage\SHIFT=s32'00000000000000000000000000000001.
<suppressed ~56 debug messages>
Optimizing module $paramod\cordic_stage\SHIFT=s32'00000000000000000000000000000010.
<suppressed ~56 debug messages>
Optimizing module $paramod\cordic_stage\SHIFT=s32'00000000000000000000000000000011.
<suppressed ~56 debug messages>
Optimizing module $paramod\cordic_stage\SHIFT=s32'00000000000000000000000000000100.
<suppressed ~56 debug messages>
Optimizing module $paramod\cordic_stage\SHIFT=s32'00000000000000000000000000000101.
<suppressed ~56 debug messages>
Optimizing module $paramod\cordic_stage\SHIFT=s32'00000000000000000000000000000110.
<suppressed ~56 debug messages>
Optimizing module $paramod\cordic_stage\SHIFT=s32'00000000000000000000000000000111.
<suppressed ~56 debug messages>
Optimizing module $paramod\cordic_stage\SHIFT=s32'00000000000000000000000000001000.
<suppressed ~56 debug messages>
Optimizing module $paramod\cordic_stage\SHIFT=s32'00000000000000000000000000001001.
<suppressed ~56 debug messages>
Optimizing module $paramod\cordic_stage\SHIFT=s32'00000000000000000000000000001010.
<suppressed ~56 debug messages>
Optimizing module $paramod\cordic_stage\SHIFT=s32'00000000000000000000000000001011.
<suppressed ~56 debug messages>
Optimizing module $paramod\cordic_stage\SHIFT=s32'00000000000000000000000000001100.
<suppressed ~56 debug messages>
Optimizing module $paramod\cordic_stage\SHIFT=s32'00000000000000000000000000001101.
<suppressed ~56 debug messages>
Optimizing module cordic_pipeline.

3.25.2. Executing OPT_MERGE pass (detect identical cells).
Finding identical cells in module `$paramod\cordic_stage\SHIFT=s32'00000000000000000000000000000000'.
<suppressed ~3 debug messages>
Finding identical cells in module `$paramod\cordic_stage\SHIFT=s32'00000000000000000000000000000001'.
<suppressed ~3 debug messages>
Finding identical cells in module `$paramod\cordic_stage\SHIFT=s32'00000000000000000000000000000010'.
<suppressed ~3 debug messages>
Finding identical cells in module `$paramod\cordic_stage\SHIFT=s32'00000000000000000000000000000011'.
<suppressed ~3 debug messages>
Finding identical cells in module `$paramod\cordic_stage\SHIFT=s32'00000000000000000000000000000100'.
<suppressed ~3 debug messages>
Finding identical cells in module `$paramod\cordic_stage\SHIFT=s32'00000000000000000000000000000101'.
<suppressed ~3 debug messages>
Finding identical cells in module `$paramod\cordic_stage\SHIFT=s32'00000000000000000000000000000110'.
<suppressed ~3 debug messages>
Finding identical cells in module `$paramod\cordic_stage\SHIFT=s32'00000000000000000000000000000111'.
<suppressed ~3 debug messages>
Finding identical cells in module `$paramod\cordic_stage\SHIFT=s32'00000000000000000000000000001000'.
<suppressed ~3 debug messages>
Finding identical cells in module `$paramod\cordic_stage\SHIFT=s32'00000000000000000000000000001001'.
<suppressed ~3 debug messages>
Finding identical cells in module `$paramod\cordic_stage\SHIFT=s32'00000000000000000000000000001010'.
<suppressed ~3 debug messages>
Finding identical cells in module `$paramod\cordic_stage\SHIFT=s32'00000000000000000000000000001011'.
<suppressed ~3 debug messages>
Finding identical cells in module `$paramod\cordic_stage\SHIFT=s32'00000000000000000000000000001100'.
<suppressed ~3 debug messages>
Finding identical cells in module `$paramod\cordic_stage\SHIFT=s32'00000000000000000000000000001101'.
<suppressed ~3 debug messages>
Finding identical cells in module `\cordic_pipeline'.
Removed a total of 14 cells.

3.25.3. Executing OPT_MUXTREE pass (detect dead branches in mux trees).
Running muxtree optimizer on module $paramod\cordic_stage\SHIFT=s32'00000000000000000000000000000000..
  Creating internal representation of mux trees.
  Evaluating internal representation of mux trees.
  Analyzing evaluation results.
Running muxtree optimizer on module $paramod\cordic_stage\SHIFT=s32'00000000000000000000000000000001..
  Creating internal representation of mux trees.
  Evaluating internal representation of mux trees.
  Analyzing evaluation results.
Running muxtree optimizer on module $paramod\cordic_stage\SHIFT=s32'00000000000000000000000000000010..
  Creating internal representation of mux trees.
  Evaluating internal representation of mux trees.
  Analyzing evaluation results.
Running muxtree optimizer on module $paramod\cordic_stage\SHIFT=s32'00000000000000000000000000000011..
  Creating internal representation of mux trees.
  Evaluating internal representation of mux trees.
  Analyzing evaluation results.
Running muxtree optimizer on module $paramod\cordic_stage\SHIFT=s32'00000000000000000000000000000100..
  Creating internal representation of mux trees.
  Evaluating internal representation of mux trees.
  Analyzing evaluation results.
Running muxtree optimizer on module $paramod\cordic_stage\SHIFT=s32'00000000000000000000000000000101..
  Creating internal representation of mux trees.
  Evaluating internal representation of mux trees.
  Analyzing evaluation results.
Running muxtree optimizer on module $paramod\cordic_stage\SHIFT=s32'00000000000000000000000000000110..
  Creating internal representation of mux trees.
  Evaluating internal representation of mux trees.
  Analyzing evaluation results.
Running muxtree optimizer on module $paramod\cordic_stage\SHIFT=s32'00000000000000000000000000000111..
  Creating internal representation of mux trees.
  Evaluating internal representation of mux trees.
  Analyzing evaluation results.
Running muxtree optimizer on module $paramod\cordic_stage\SHIFT=s32'00000000000000000000000000001000..
  Creating internal representation of mux trees.
  Evaluating internal representation of mux trees.
  Analyzing evaluation results.
Running muxtree optimizer on module $paramod\cordic_stage\SHIFT=s32'00000000000000000000000000001001..
  Creating internal representation of mux trees.
  Evaluating internal representation of mux trees.
  Analyzing evaluation results.
Running muxtree optimizer on module $paramod\cordic_stage\SHIFT=s32'00000000000000000000000000001010..
  Creating internal representation of mux trees.
  Evaluating internal representation of mux trees.
  Analyzing evaluation results.
Running muxtree optimizer on module $paramod\cordic_stage\SHIFT=s32'00000000000000000000000000001011..
  Creating internal representation of mux trees.
  Evaluating internal representation of mux trees.
  Analyzing evaluation results.
Running muxtree optimizer on module $paramod\cordic_stage\SHIFT=s32'00000000000000000000000000001100..
  Creating internal representation of mux trees.
  Evaluating internal representation of mux trees.
  Analyzing evaluation results.
Running muxtree optimizer on module $paramod\cordic_stage\SHIFT=s32'00000000000000000000000000001101..
  Creating internal representation of mux trees.
  Evaluating internal representation of mux trees.
  Analyzing evaluation results.
Running muxtree optimizer on module \cordic_pipeline..
  Creating internal representation of mux trees.
  No muxes found in this module.
Removed 0 multiplexer ports.
<suppressed ~42 debug messages>

3.25.4. Executing OPT_REDUCE pass (consolidate $*mux and $reduce_* inputs).
  Optimizing cells in module $paramod\cordic_stage\SHIFT=s32'00000000000000000000000000000000.
  Optimizing cells in module $paramod\cordic_stage\SHIFT=s32'00000000000000000000000000000001.
  Optimizing cells in module $paramod\cordic_stage\SHIFT=s32'00000000000000000000000000000010.
  Optimizing cells in module $paramod\cordic_stage\SHIFT=s32'00000000000000000000000000000011.
  Optimizing cells in module $paramod\cordic_stage\SHIFT=s32'00000000000000000000000000000100.
  Optimizing cells in module $paramod\cordic_stage\SHIFT=s32'00000000000000000000000000000101.
  Optimizing cells in module $paramod\cordic_stage\SHIFT=s32'00000000000000000000000000000110.
  Optimizing cells in module $paramod\cordic_stage\SHIFT=s32'00000000000000000000000000000111.
  Optimizing cells in module $paramod\cordic_stage\SHIFT=s32'00000000000000000000000000001000.
  Optimizing cells in module $paramod\cordic_stage\SHIFT=s32'00000000000000000000000000001001.
  Optimizing cells in module $paramod\cordic_stage\SHIFT=s32'00000000000000000000000000001010.
  Optimizing cells in module $paramod\cordic_stage\SHIFT=s32'00000000000000000000000000001011.
  Optimizing cells in module $paramod\cordic_stage\SHIFT=s32'00000000000000000000000000001100.
  Optimizing cells in module $paramod\cordic_stage\SHIFT=s32'00000000000000000000000000001101.
  Optimizing cells in module \cordic_pipeline.
Performed a total of 0 changes.

3.25.5. Executing OPT_MERGE pass (detect identical cells).
Finding identical cells in module `$paramod\cordic_stage\SHIFT=s32'00000000000000000000000000000000'.
Finding identical cells in module `$paramod\cordic_stage\SHIFT=s32'00000000000000000000000000000001'.
Finding identical cells in module `$paramod\cordic_stage\SHIFT=s32'00000000000000000000000000000010'.
Finding identical cells in module `$paramod\cordic_stage\SHIFT=s32'00000000000000000000000000000011'.
Finding identical cells in module `$paramod\cordic_stage\SHIFT=s32'00000000000000000000000000000100'.
Finding identical cells in module `$paramod\cordic_stage\SHIFT=s32'00000000000000000000000000000101'.
Finding identical cells in module `$paramod\cordic_stage\SHIFT=s32'00000000000000000000000000000110'.
Finding identical cells in module `$paramod\cordic_stage\SHIFT=s32'00000000000000000000000000000111'.
Finding identical cells in module `$paramod\cordic_stage\SHIFT=s32'00000000000000000000000000001000'.
Finding identical cells in module `$paramod\cordic_stage\SHIFT=s32'00000000000000000000000000001001'.
Finding identical cells in module `$paramod\cordic_stage\SHIFT=s32'00000000000000000000000000001010'.
Finding identical cells in module `$paramod\cordic_stage\SHIFT=s32'00000000000000000000000000001011'.
Finding identical cells in module `$paramod\cordic_stage\SHIFT=s32'00000000000000000000000000001100'.
Finding identical cells in module `$paramod\cordic_stage\SHIFT=s32'00000000000000000000000000001101'.
Finding identical cells in module `\cordic_pipeline'.
Removed a total of 0 cells.

3.25.6. Executing OPT_DFF pass (perform DFF optimizations).

3.25.7. Executing OPT_CLEAN pass (remove unused cells and wires).
Finding unused cells or wires in module $paramod\cordic_stage\SHIFT=s32'00000000000000000000000000000000..
Finding unused cells or wires in module $paramod\cordic_stage\SHIFT=s32'00000000000000000000000000000001..
Finding unused cells or wires in module $paramod\cordic_stage\SHIFT=s32'00000000000000000000000000000010..
Finding unused cells or wires in module $paramod\cordic_stage\SHIFT=s32'00000000000000000000000000000011..
Finding unused cells or wires in module $paramod\cordic_stage\SHIFT=s32'00000000000000000000000000000100..
Finding unused cells or wires in module $paramod\cordic_stage\SHIFT=s32'00000000000000000000000000000101..
Finding unused cells or wires in module $paramod\cordic_stage\SHIFT=s32'00000000000000000000000000000110..
Finding unused cells or wires in module $paramod\cordic_stage\SHIFT=s32'00000000000000000000000000000111..
Finding unused cells or wires in module $paramod\cordic_stage\SHIFT=s32'00000000000000000000000000001000..
Finding unused cells or wires in module $paramod\cordic_stage\SHIFT=s32'00000000000000000000000000001001..
Finding unused cells or wires in module $paramod\cordic_stage\SHIFT=s32'00000000000000000000000000001010..
Finding unused cells or wires in module $paramod\cordic_stage\SHIFT=s32'00000000000000000000000000001011..
Finding unused cells or wires in module $paramod\cordic_stage\SHIFT=s32'00000000000000000000000000001100..
Finding unused cells or wires in module $paramod\cordic_stage\SHIFT=s32'00000000000000000000000000001101..
Finding unused cells or wires in module \cordic_pipeline..
Removed 0 unused cells and 3094 unused wires.
<suppressed ~14 debug messages>

3.25.8. Executing OPT_EXPR pass (perform const folding).
Optimizing module $paramod\cordic_stage\SHIFT=s32'00000000000000000000000000000000.
Optimizing module $paramod\cordic_stage\SHIFT=s32'00000000000000000000000000000001.
Optimizing module $paramod\cordic_stage\SHIFT=s32'00000000000000000000000000000010.
Optimizing module $paramod\cordic_stage\SHIFT=s32'00000000000000000000000000000011.
Optimizing module $paramod\cordic_stage\SHIFT=s32'00000000000000000000000000000100.
Optimizing module $paramod\cordic_stage\SHIFT=s32'00000000000000000000000000000101.
Optimizing module $paramod\cordic_stage\SHIFT=s32'00000000000000000000000000000110.
Optimizing module $paramod\cordic_stage\SHIFT=s32'00000000000000000000000000000111.
Optimizing module $paramod\cordic_stage\SHIFT=s32'00000000000000000000000000001000.
Optimizing module $paramod\cordic_stage\SHIFT=s32'00000000000000000000000000001001.
Optimizing module $paramod\cordic_stage\SHIFT=s32'00000000000000000000000000001010.
Optimizing module $paramod\cordic_stage\SHIFT=s32'00000000000000000000000000001011.
Optimizing module $paramod\cordic_stage\SHIFT=s32'00000000000000000000000000001100.
Optimizing module $paramod\cordic_stage\SHIFT=s32'00000000000000000000000000001101.
Optimizing module cordic_pipeline.

3.25.9. Rerunning OPT passes. (Maybe there is more to do..)

3.25.10. Executing OPT_MUXTREE pass (detect dead branches in mux trees).
Running muxtree optimizer on module $paramod\cordic_stage\SHIFT=s32'00000000000000000000000000000000..
  Creating internal representation of mux trees.
  Evaluating internal representation of mux trees.
  Analyzing evaluation results.
Running muxtree optimizer on module $paramod\cordic_stage\SHIFT=s32'00000000000000000000000000000001..
  Creating internal representation of mux trees.
  Evaluating internal representation of mux trees.
  Analyzing evaluation results.
Running muxtree optimizer on module $paramod\cordic_stage\SHIFT=s32'00000000000000000000000000000010..
  Creating internal representation of mux trees.
  Evaluating internal representation of mux trees.
  Analyzing evaluation results.
Running muxtree optimizer on module $paramod\cordic_stage\SHIFT=s32'00000000000000000000000000000011..
  Creating internal representation of mux trees.
  Evaluating internal representation of mux trees.
  Analyzing evaluation results.
Running muxtree optimizer on module $paramod\cordic_stage\SHIFT=s32'00000000000000000000000000000100..
  Creating internal representation of mux trees.
  Evaluating internal representation of mux trees.
  Analyzing evaluation results.
Running muxtree optimizer on module $paramod\cordic_stage\SHIFT=s32'00000000000000000000000000000101..
  Creating internal representation of mux trees.
  Evaluating internal representation of mux trees.
  Analyzing evaluation results.
Running muxtree optimizer on module $paramod\cordic_stage\SHIFT=s32'00000000000000000000000000000110..
  Creating internal representation of mux trees.
  Evaluating internal representation of mux trees.
  Analyzing evaluation results.
Running muxtree optimizer on module $paramod\cordic_stage\SHIFT=s32'00000000000000000000000000000111..
  Creating internal representation of mux trees.
  Evaluating internal representation of mux trees.
  Analyzing evaluation results.
Running muxtree optimizer on module $paramod\cordic_stage\SHIFT=s32'00000000000000000000000000001000..
  Creating internal representation of mux trees.
  Evaluating internal representation of mux trees.
  Analyzing evaluation results.
Running muxtree optimizer on module $paramod\cordic_stage\SHIFT=s32'00000000000000000000000000001001..
  Creating internal representation of mux trees.
  Evaluating internal representation of mux trees.
  Analyzing evaluation results.
Running muxtree optimizer on module $paramod\cordic_stage\SHIFT=s32'00000000000000000000000000001010..
  Creating internal representation of mux trees.
  Evaluating internal representation of mux trees.
  Analyzing evaluation results.
Running muxtree optimizer on module $paramod\cordic_stage\SHIFT=s32'00000000000000000000000000001011..
  Creating internal representation of mux trees.
  Evaluating internal representation of mux trees.
  Analyzing evaluation results.
Running muxtree optimizer on module $paramod\cordic_stage\SHIFT=s32'00000000000000000000000000001100..
  Creating internal representation of mux trees.
  Evaluating internal representation of mux trees.
  Analyzing evaluation results.
Running muxtree optimizer on module $paramod\cordic_stage\SHIFT=s32'00000000000000000000000000001101..
  Creating internal representation of mux trees.
  Evaluating internal representation of mux trees.
  Analyzing evaluation results.
Running muxtree optimizer on module \cordic_pipeline..
  Creating internal representation of mux trees.
  No muxes found in this module.
Removed 0 multiplexer ports.
<suppressed ~42 debug messages>

3.25.11. Executing OPT_REDUCE pass (consolidate $*mux and $reduce_* inputs).
  Optimizing cells in module $paramod\cordic_stage\SHIFT=s32'00000000000000000000000000000000.
  Optimizing cells in module $paramod\cordic_stage\SHIFT=s32'00000000000000000000000000000001.
  Optimizing cells in module $paramod\cordic_stage\SHIFT=s32'00000000000000000000000000000010.
  Optimizing cells in module $paramod\cordic_stage\SHIFT=s32'00000000000000000000000000000011.
  Optimizing cells in module $paramod\cordic_stage\SHIFT=s32'00000000000000000000000000000100.
  Optimizing cells in module $paramod\cordic_stage\SHIFT=s32'00000000000000000000000000000101.
  Optimizing cells in module $paramod\cordic_stage\SHIFT=s32'00000000000000000000000000000110.
  Optimizing cells in module $paramod\cordic_stage\SHIFT=s32'00000000000000000000000000000111.
  Optimizing cells in module $paramod\cordic_stage\SHIFT=s32'00000000000000000000000000001000.
  Optimizing cells in module $paramod\cordic_stage\SHIFT=s32'00000000000000000000000000001001.
  Optimizing cells in module $paramod\cordic_stage\SHIFT=s32'00000000000000000000000000001010.
  Optimizing cells in module $paramod\cordic_stage\SHIFT=s32'00000000000000000000000000001011.
  Optimizing cells in module $paramod\cordic_stage\SHIFT=s32'00000000000000000000000000001100.
  Optimizing cells in module $paramod\cordic_stage\SHIFT=s32'00000000000000000000000000001101.
  Optimizing cells in module \cordic_pipeline.
Performed a total of 0 changes.

3.25.12. Executing OPT_MERGE pass (detect identical cells).
Finding identical cells in module `$paramod\cordic_stage\SHIFT=s32'00000000000000000000000000000000'.
Finding identical cells in module `$paramod\cordic_stage\SHIFT=s32'00000000000000000000000000000001'.
Finding identical cells in module `$paramod\cordic_stage\SHIFT=s32'00000000000000000000000000000010'.
Finding identical cells in module `$paramod\cordic_stage\SHIFT=s32'00000000000000000000000000000011'.
Finding identical cells in module `$paramod\cordic_stage\SHIFT=s32'00000000000000000000000000000100'.
Finding identical cells in module `$paramod\cordic_stage\SHIFT=s32'00000000000000000000000000000101'.
Finding identical cells in module `$paramod\cordic_stage\SHIFT=s32'00000000000000000000000000000110'.
Finding identical cells in module `$paramod\cordic_stage\SHIFT=s32'00000000000000000000000000000111'.
Finding identical cells in module `$paramod\cordic_stage\SHIFT=s32'00000000000000000000000000001000'.
Finding identical cells in module `$paramod\cordic_stage\SHIFT=s32'00000000000000000000000000001001'.
Finding identical cells in module `$paramod\cordic_stage\SHIFT=s32'00000000000000000000000000001010'.
Finding identical cells in module `$paramod\cordic_stage\SHIFT=s32'00000000000000000000000000001011'.
Finding identical cells in module `$paramod\cordic_stage\SHIFT=s32'00000000000000000000000000001100'.
Finding identical cells in module `$paramod\cordic_stage\SHIFT=s32'00000000000000000000000000001101'.
Finding identical cells in module `\cordic_pipeline'.
Removed a total of 0 cells.

3.25.13. Executing OPT_DFF pass (perform DFF optimizations).

3.25.14. Executing OPT_CLEAN pass (remove unused cells and wires).
Finding unused cells or wires in module $paramod\cordic_stage\SHIFT=s32'00000000000000000000000000000000..
Finding unused cells or wires in module $paramod\cordic_stage\SHIFT=s32'00000000000000000000000000000001..
Finding unused cells or wires in module $paramod\cordic_stage\SHIFT=s32'00000000000000000000000000000010..
Finding unused cells or wires in module $paramod\cordic_stage\SHIFT=s32'00000000000000000000000000000011..
Finding unused cells or wires in module $paramod\cordic_stage\SHIFT=s32'00000000000000000000000000000100..
Finding unused cells or wires in module $paramod\cordic_stage\SHIFT=s32'00000000000000000000000000000101..
Finding unused cells or wires in module $paramod\cordic_stage\SHIFT=s32'00000000000000000000000000000110..
Finding unused cells or wires in module $paramod\cordic_stage\SHIFT=s32'00000000000000000000000000000111..
Finding unused cells or wires in module $paramod\cordic_stage\SHIFT=s32'00000000000000000000000000001000..
Finding unused cells or wires in module $paramod\cordic_stage\SHIFT=s32'00000000000000000000000000001001..
Finding unused cells or wires in module $paramod\cordic_stage\SHIFT=s32'00000000000000000000000000001010..
Finding unused cells or wires in module $paramod\cordic_stage\SHIFT=s32'00000000000000000000000000001011..
Finding unused cells or wires in module $paramod\cordic_stage\SHIFT=s32'00000000000000000000000000001100..
Finding unused cells or wires in module $paramod\cordic_stage\SHIFT=s32'00000000000000000000000000001101..
Finding unused cells or wires in module \cordic_pipeline..

3.25.15. Executing OPT_EXPR pass (perform const folding).
Optimizing module $paramod\cordic_stage\SHIFT=s32'00000000000000000000000000000000.
Optimizing module $paramod\cordic_stage\SHIFT=s32'00000000000000000000000000000001.
Optimizing module $paramod\cordic_stage\SHIFT=s32'00000000000000000000000000000010.
Optimizing module $paramod\cordic_stage\SHIFT=s32'00000000000000000000000000000011.
Optimizing module $paramod\cordic_stage\SHIFT=s32'00000000000000000000000000000100.
Optimizing module $paramod\cordic_stage\SHIFT=s32'00000000000000000000000000000101.
Optimizing module $paramod\cordic_stage\SHIFT=s32'00000000000000000000000000000110.
Optimizing module $paramod\cordic_stage\SHIFT=s32'00000000000000000000000000000111.
Optimizing module $paramod\cordic_stage\SHIFT=s32'00000000000000000000000000001000.
Optimizing module $paramod\cordic_stage\SHIFT=s32'00000000000000000000000000001001.
Optimizing module $paramod\cordic_stage\SHIFT=s32'00000000000000000000000000001010.
Optimizing module $paramod\cordic_stage\SHIFT=s32'00000000000000000000000000001011.
Optimizing module $paramod\cordic_stage\SHIFT=s32'00000000000000000000000000001100.
Optimizing module $paramod\cordic_stage\SHIFT=s32'00000000000000000000000000001101.
Optimizing module cordic_pipeline.

3.25.16. Finished OPT passes. (There is nothing left to do.)

3.26. Executing MEMORY pass.

3.26.1. Executing OPT_MEM pass (optimize memories).
Performed a total of 0 transformations.

3.26.2. Executing OPT_MEM_PRIORITY pass (removing unnecessary memory write priority relations).
Performed a total of 0 transformations.

3.26.3. Executing OPT_MEM_FEEDBACK pass (finding memory read-to-write feedback paths).

3.26.4. Executing MEMORY_BMUX2ROM pass (converting muxes to ROMs).

3.26.5. Executing MEMORY_DFF pass (merging $dff cells to $memrd).

3.26.6. Executing OPT_CLEAN pass (remove unused cells and wires).
Finding unused cells or wires in module $paramod\cordic_stage\SHIFT=s32'00000000000000000000000000000000..
Finding unused cells or wires in module $paramod\cordic_stage\SHIFT=s32'00000000000000000000000000000001..
Finding unused cells or wires in module $paramod\cordic_stage\SHIFT=s32'00000000000000000000000000000010..
Finding unused cells or wires in module $paramod\cordic_stage\SHIFT=s32'00000000000000000000000000000011..
Finding unused cells or wires in module $paramod\cordic_stage\SHIFT=s32'00000000000000000000000000000100..
Finding unused cells or wires in module $paramod\cordic_stage\SHIFT=s32'00000000000000000000000000000101..
Finding unused cells or wires in module $paramod\cordic_stage\SHIFT=s32'00000000000000000000000000000110..
Finding unused cells or wires in module $paramod\cordic_stage\SHIFT=s32'00000000000000000000000000000111..
Finding unused cells or wires in module $paramod\cordic_stage\SHIFT=s32'00000000000000000000000000001000..
Finding unused cells or wires in module $paramod\cordic_stage\SHIFT=s32'00000000000000000000000000001001..
Finding unused cells or wires in module $paramod\cordic_stage\SHIFT=s32'00000000000000000000000000001010..
Finding unused cells or wires in module $paramod\cordic_stage\SHIFT=s32'00000000000000000000000000001011..
Finding unused cells or wires in module $paramod\cordic_stage\SHIFT=s32'00000000000000000000000000001100..
Finding unused cells or wires in module $paramod\cordic_stage\SHIFT=s32'00000000000000000000000000001101..
Finding unused cells or wires in module \cordic_pipeline..

3.26.7. Executing MEMORY_SHARE pass (consolidating $memrd/$memwr cells).

3.26.8. Executing OPT_MEM_WIDEN pass (optimize memories where all ports are wide).
Performed a total of 0 transformations.

3.26.9. Executing OPT_CLEAN pass (remove unused cells and wires).
Finding unused cells or wires in module $paramod\cordic_stage\SHIFT=s32'00000000000000000000000000000000..
Finding unused cells or wires in module $paramod\cordic_stage\SHIFT=s32'00000000000000000000000000000001..
Finding unused cells or wires in module $paramod\cordic_stage\SHIFT=s32'00000000000000000000000000000010..
Finding unused cells or wires in module $paramod\cordic_stage\SHIFT=s32'00000000000000000000000000000011..
Finding unused cells or wires in module $paramod\cordic_stage\SHIFT=s32'00000000000000000000000000000100..
Finding unused cells or wires in module $paramod\cordic_stage\SHIFT=s32'00000000000000000000000000000101..
Finding unused cells or wires in module $paramod\cordic_stage\SHIFT=s32'00000000000000000000000000000110..
Finding unused cells or wires in module $paramod\cordic_stage\SHIFT=s32'00000000000000000000000000000111..
Finding unused cells or wires in module $paramod\cordic_stage\SHIFT=s32'00000000000000000000000000001000..
Finding unused cells or wires in module $paramod\cordic_stage\SHIFT=s32'00000000000000000000000000001001..
Finding unused cells or wires in module $paramod\cordic_stage\SHIFT=s32'00000000000000000000000000001010..
Finding unused cells or wires in module $paramod\cordic_stage\SHIFT=s32'00000000000000000000000000001011..
Finding unused cells or wires in module $paramod\cordic_stage\SHIFT=s32'00000000000000000000000000001100..
Finding unused cells or wires in module $paramod\cordic_stage\SHIFT=s32'00000000000000000000000000001101..
Finding unused cells or wires in module \cordic_pipeline..

3.26.10. Executing MEMORY_COLLECT pass (generating $mem cells).

3.27. Executing OPT_CLEAN pass (remove unused cells and wires).
Finding unused cells or wires in module $paramod\cordic_stage\SHIFT=s32'00000000000000000000000000000000..
Finding unused cells or wires in module $paramod\cordic_stage\SHIFT=s32'00000000000000000000000000000001..
Finding unused cells or wires in module $paramod\cordic_stage\SHIFT=s32'00000000000000000000000000000010..
Finding unused cells or wires in module $paramod\cordic_stage\SHIFT=s32'00000000000000000000000000000011..
Finding unused cells or wires in module $paramod\cordic_stage\SHIFT=s32'00000000000000000000000000000100..
Finding unused cells or wires in module $paramod\cordic_stage\SHIFT=s32'00000000000000000000000000000101..
Finding unused cells or wires in module $paramod\cordic_stage\SHIFT=s32'00000000000000000000000000000110..
Finding unused cells or wires in module $paramod\cordic_stage\SHIFT=s32'00000000000000000000000000000111..
Finding unused cells or wires in module $paramod\cordic_stage\SHIFT=s32'00000000000000000000000000001000..
Finding unused cells or wires in module $paramod\cordic_stage\SHIFT=s32'00000000000000000000000000001001..
Finding unused cells or wires in module $paramod\cordic_stage\SHIFT=s32'00000000000000000000000000001010..
Finding unused cells or wires in module $paramod\cordic_stage\SHIFT=s32'00000000000000000000000000001011..
Finding unused cells or wires in module $paramod\cordic_stage\SHIFT=s32'00000000000000000000000000001100..
Finding unused cells or wires in module $paramod\cordic_stage\SHIFT=s32'00000000000000000000000000001101..
Finding unused cells or wires in module \cordic_pipeline..

3.28. Executing MEMORY_LIBMAP pass (mapping memories to cells).

3.29. Executing TECHMAP pass (map to technology primitives).

3.29.1. Executing Verilog-2005 frontend: /usr/bin/../share/yosys/xilinx/lutrams_xc5v_map.v
Parsing Verilog input from `/usr/bin/../share/yosys/xilinx/lutrams_xc5v_map.v' to AST representation.
Generating RTLIL representation for module `\$__XILINX_LUTRAM_SP_'.
Generating RTLIL representation for module `\$__XILINX_LUTRAM_DP_'.
Generating RTLIL representation for module `\$__XILINX_LUTRAM_QP_'.
Generating RTLIL representation for module `\$__XILINX_LUTRAM_OP_'.
Generating RTLIL representation for module `\$__XILINX_LUTRAM_SDP_'.
Generating RTLIL representation for module `\$__XILINX_LUTRAM_64X8SW_'.
Generating RTLIL representation for module `\$__XILINX_LUTRAM_32X16DR8_'.
Successfully finished Verilog frontend.

3.29.2. Continuing TECHMAP pass.
No more expansions possible.
<suppressed ~9 debug messages>

3.30. Executing TECHMAP pass (map to technology primitives).

3.30.1. Executing Verilog-2005 frontend: /usr/bin/../share/yosys/xilinx/brams_xc6v_map.v
Parsing Verilog input from `/usr/bin/../share/yosys/xilinx/brams_xc6v_map.v' to AST representation.
Generating RTLIL representation for module `\$__XILINX_BLOCKRAM_TDP_'.
Generating RTLIL representation for module `\$__XILINX_BLOCKRAM_SDP_'.
Successfully finished Verilog frontend.

3.30.2. Continuing TECHMAP pass.
No more expansions possible.
<suppressed ~4 debug messages>

3.31. Executing OPT pass (performing simple optimizations).

3.31.1. Executing OPT_EXPR pass (perform const folding).
Optimizing module $paramod\cordic_stage\SHIFT=s32'00000000000000000000000000000000.
<suppressed ~2 debug messages>
Optimizing module $paramod\cordic_stage\SHIFT=s32'00000000000000000000000000000001.
<suppressed ~2 debug messages>
Optimizing module $paramod\cordic_stage\SHIFT=s32'00000000000000000000000000000010.
<suppressed ~2 debug messages>
Optimizing module $paramod\cordic_stage\SHIFT=s32'00000000000000000000000000000011.
Optimizing module $paramod\cordic_stage\SHIFT=s32'00000000000000000000000000000100.
Optimizing module $paramod\cordic_stage\SHIFT=s32'00000000000000000000000000000101.
<suppressed ~2 debug messages>
Optimizing module $paramod\cordic_stage\SHIFT=s32'00000000000000000000000000000110.
<suppressed ~2 debug messages>
Optimizing module $paramod\cordic_stage\SHIFT=s32'00000000000000000000000000000111.
<suppressed ~2 debug messages>
Optimizing module $paramod\cordic_stage\SHIFT=s32'00000000000000000000000000001000.
<suppressed ~2 debug messages>
Optimizing module $paramod\cordic_stage\SHIFT=s32'00000000000000000000000000001001.
<suppressed ~2 debug messages>
Optimizing module $paramod\cordic_stage\SHIFT=s32'00000000000000000000000000001010.
<suppressed ~2 debug messages>
Optimizing module $paramod\cordic_stage\SHIFT=s32'00000000000000000000000000001011.
<suppressed ~2 debug messages>
Optimizing module $paramod\cordic_stage\SHIFT=s32'00000000000000000000000000001100.
<suppressed ~2 debug messages>
Optimizing module $paramod\cordic_stage\SHIFT=s32'00000000000000000000000000001101.
<suppressed ~2 debug messages>
Optimizing module cordic_pipeline.

3.31.2. Executing OPT_MERGE pass (detect identical cells).
Finding identical cells in module `$paramod\cordic_stage\SHIFT=s32'00000000000000000000000000000000'.
<suppressed ~6 debug messages>
Finding identical cells in module `$paramod\cordic_stage\SHIFT=s32'00000000000000000000000000000001'.
<suppressed ~6 debug messages>
Finding identical cells in module `$paramod\cordic_stage\SHIFT=s32'00000000000000000000000000000010'.
<suppressed ~3 debug messages>
Finding identical cells in module `$paramod\cordic_stage\SHIFT=s32'00000000000000000000000000000011'.
Finding identical cells in module `$paramod\cordic_stage\SHIFT=s32'00000000000000000000000000000100'.
Finding identical cells in module `$paramod\cordic_stage\SHIFT=s32'00000000000000000000000000000101'.
<suppressed ~27 debug messages>
Finding identical cells in module `$paramod\cordic_stage\SHIFT=s32'00000000000000000000000000000110'.
<suppressed ~24 debug messages>
Finding identical cells in module `$paramod\cordic_stage\SHIFT=s32'00000000000000000000000000000111'.
<suppressed ~21 debug messages>
Finding identical cells in module `$paramod\cordic_stage\SHIFT=s32'00000000000000000000000000001000'.
<suppressed ~18 debug messages>
Finding identical cells in module `$paramod\cordic_stage\SHIFT=s32'00000000000000000000000000001001'.
<suppressed ~15 debug messages>
Finding identical cells in module `$paramod\cordic_stage\SHIFT=s32'00000000000000000000000000001010'.
<suppressed ~12 debug messages>
Finding identical cells in module `$paramod\cordic_stage\SHIFT=s32'00000000000000000000000000001011'.
<suppressed ~9 debug messages>
Finding identical cells in module `$paramod\cordic_stage\SHIFT=s32'00000000000000000000000000001100'.
<suppressed ~6 debug messages>
Finding identical cells in module `$paramod\cordic_stage\SHIFT=s32'00000000000000000000000000001101'.
<suppressed ~3 debug messages>
Finding identical cells in module `\cordic_pipeline'.
Removed a total of 50 cells.

3.31.3. Executing OPT_DFF pass (perform DFF optimizations).

3.31.4. Executing OPT_CLEAN pass (remove unused cells and wires).
Finding unused cells or wires in module $paramod\cordic_stage\SHIFT=s32'00000000000000000000000000000000..
Finding unused cells or wires in module $paramod\cordic_stage\SHIFT=s32'00000000000000000000000000000001..
Finding unused cells or wires in module $paramod\cordic_stage\SHIFT=s32'00000000000000000000000000000010..
Finding unused cells or wires in module $paramod\cordic_stage\SHIFT=s32'00000000000000000000000000000011..
Finding unused cells or wires in module $paramod\cordic_stage\SHIFT=s32'00000000000000000000000000000100..
Finding unused cells or wires in module $paramod\cordic_stage\SHIFT=s32'00000000000000000000000000000101..
Finding unused cells or wires in module $paramod\cordic_stage\SHIFT=s32'00000000000000000000000000000110..
Finding unused cells or wires in module $paramod\cordic_stage\SHIFT=s32'00000000000000000000000000000111..
Finding unused cells or wires in module $paramod\cordic_stage\SHIFT=s32'00000000000000000000000000001000..
Finding unused cells or wires in module $paramod\cordic_stage\SHIFT=s32'00000000000000000000000000001001..
Finding unused cells or wires in module $paramod\cordic_stage\SHIFT=s32'00000000000000000000000000001010..
Finding unused cells or wires in module $paramod\cordic_stage\SHIFT=s32'00000000000000000000000000001011..
Finding unused cells or wires in module $paramod\cordic_stage\SHIFT=s32'00000000000000000000000000001100..
Finding unused cells or wires in module $paramod\cordic_stage\SHIFT=s32'00000000000000000000000000001101..
Finding unused cells or wires in module \cordic_pipeline..
Removed 0 unused cells and 94 unused wires.
<suppressed ~12 debug messages>

3.31.5. Finished fast OPT passes.

3.32. Executing MEMORY_MAP pass (converting memories to logic and flip-flops).

3.33. Executing OPT pass (performing simple optimizations).

3.33.1. Executing OPT_EXPR pass (perform const folding).
Optimizing module $paramod\cordic_stage\SHIFT=s32'00000000000000000000000000000000.
Optimizing module $paramod\cordic_stage\SHIFT=s32'00000000000000000000000000000001.
Optimizing module $paramod\cordic_stage\SHIFT=s32'00000000000000000000000000000010.
Optimizing module $paramod\cordic_stage\SHIFT=s32'00000000000000000000000000000011.
Optimizing module $paramod\cordic_stage\SHIFT=s32'00000000000000000000000000000100.
Optimizing module $paramod\cordic_stage\SHIFT=s32'00000000000000000000000000000101.
Optimizing module $paramod\cordic_stage\SHIFT=s32'00000000000000000000000000000110.
Optimizing module $paramod\cordic_stage\SHIFT=s32'00000000000000000000000000000111.
Optimizing module $paramod\cordic_stage\SHIFT=s32'00000000000000000000000000001000.
Optimizing module $paramod\cordic_stage\SHIFT=s32'00000000000000000000000000001001.
Optimizing module $paramod\cordic_stage\SHIFT=s32'00000000000000000000000000001010.
Optimizing module $paramod\cordic_stage\SHIFT=s32'00000000000000000000000000001011.
Optimizing module $paramod\cordic_stage\SHIFT=s32'00000000000000000000000000001100.
Optimizing module $paramod\cordic_stage\SHIFT=s32'00000000000000000000000000001101.
Optimizing module cordic_pipeline.

3.33.2. Executing OPT_MERGE pass (detect identical cells).
Finding identical cells in module `$paramod\cordic_stage\SHIFT=s32'00000000000000000000000000000000'.
Finding identical cells in module `$paramod\cordic_stage\SHIFT=s32'00000000000000000000000000000001'.
Finding identical cells in module `$paramod\cordic_stage\SHIFT=s32'00000000000000000000000000000010'.
Finding identical cells in module `$paramod\cordic_stage\SHIFT=s32'00000000000000000000000000000011'.
Finding identical cells in module `$paramod\cordic_stage\SHIFT=s32'00000000000000000000000000000100'.
Finding identical cells in module `$paramod\cordic_stage\SHIFT=s32'00000000000000000000000000000101'.
Finding identical cells in module `$paramod\cordic_stage\SHIFT=s32'00000000000000000000000000000110'.
Finding identical cells in module `$paramod\cordic_stage\SHIFT=s32'00000000000000000000000000000111'.
Finding identical cells in module `$paramod\cordic_stage\SHIFT=s32'00000000000000000000000000001000'.
Finding identical cells in module `$paramod\cordic_stage\SHIFT=s32'00000000000000000000000000001001'.
Finding identical cells in module `$paramod\cordic_stage\SHIFT=s32'00000000000000000000000000001010'.
Finding identical cells in module `$paramod\cordic_stage\SHIFT=s32'00000000000000000000000000001011'.
Finding identical cells in module `$paramod\cordic_stage\SHIFT=s32'00000000000000000000000000001100'.
Finding identical cells in module `$paramod\cordic_stage\SHIFT=s32'00000000000000000000000000001101'.
Finding identical cells in module `\cordic_pipeline'.
Removed a total of 0 cells.

3.33.3. Executing OPT_MUXTREE pass (detect dead branches in mux trees).
Running muxtree optimizer on module $paramod\cordic_stage\SHIFT=s32'00000000000000000000000000000000..
  Creating internal representation of mux trees.
  Evaluating internal representation of mux trees.
  Analyzing evaluation results.
Running muxtree optimizer on module $paramod\cordic_stage\SHIFT=s32'00000000000000000000000000000001..
  Creating internal representation of mux trees.
  Evaluating internal representation of mux trees.
  Analyzing evaluation results.
Running muxtree optimizer on module $paramod\cordic_stage\SHIFT=s32'00000000000000000000000000000010..
  Creating internal representation of mux trees.
  Evaluating internal representation of mux trees.
  Analyzing evaluation results.
Running muxtree optimizer on module $paramod\cordic_stage\SHIFT=s32'00000000000000000000000000000011..
  Creating internal representation of mux trees.
  Evaluating internal representation of mux trees.
  Analyzing evaluation results.
Running muxtree optimizer on module $paramod\cordic_stage\SHIFT=s32'00000000000000000000000000000100..
  Creating internal representation of mux trees.
  Evaluating internal representation of mux trees.
  Analyzing evaluation results.
Running muxtree optimizer on module $paramod\cordic_stage\SHIFT=s32'00000000000000000000000000000101..
  Creating internal representation of mux trees.
  Evaluating internal representation of mux trees.
  Analyzing evaluation results.
Running muxtree optimizer on module $paramod\cordic_stage\SHIFT=s32'00000000000000000000000000000110..
  Creating internal representation of mux trees.
  Evaluating internal representation of mux trees.
  Analyzing evaluation results.
Running muxtree optimizer on module $paramod\cordic_stage\SHIFT=s32'00000000000000000000000000000111..
  Creating internal representation of mux trees.
  Evaluating internal representation of mux trees.
  Analyzing evaluation results.
Running muxtree optimizer on module $paramod\cordic_stage\SHIFT=s32'00000000000000000000000000001000..
  Creating internal representation of mux trees.
  Evaluating internal representation of mux trees.
  Analyzing evaluation results.
Running muxtree optimizer on module $paramod\cordic_stage\SHIFT=s32'00000000000000000000000000001001..
  Creating internal representation of mux trees.
  Evaluating internal representation of mux trees.
  Analyzing evaluation results.
Running muxtree optimizer on module $paramod\cordic_stage\SHIFT=s32'00000000000000000000000000001010..
  Creating internal representation of mux trees.
  Evaluating internal representation of mux trees.
  Analyzing evaluation results.
Running muxtree optimizer on module $paramod\cordic_stage\SHIFT=s32'00000000000000000000000000001011..
  Creating internal representation of mux trees.
  Evaluating internal representation of mux trees.
  Analyzing evaluation results.
Running muxtree optimizer on module $paramod\cordic_stage\SHIFT=s32'00000000000000000000000000001100..
  Creating internal representation of mux trees.
  Evaluating internal representation of mux trees.
  Analyzing evaluation results.
Running muxtree optimizer on module $paramod\cordic_stage\SHIFT=s32'00000000000000000000000000001101..
  Creating internal representation of mux trees.
  Evaluating internal representation of mux trees.
  Analyzing evaluation results.
Running muxtree optimizer on module \cordic_pipeline..
  Creating internal representation of mux trees.
  No muxes found in this module.
Removed 0 multiplexer ports.
<suppressed ~42 debug messages>

3.33.4. Executing OPT_REDUCE pass (consolidate $*mux and $reduce_* inputs).
  Optimizing cells in module $paramod\cordic_stage\SHIFT=s32'00000000000000000000000000000000.
    Consolidated identical input bits for $mux cell $procmux$1813:
      Old ports: A={ $add$cordic_stage.sv:51$1306_Y [15:2] \z_in [1:0] }, B={ $sub$cordic_stage.sv:47$1301_Y [15:2] \z_in [1:0] }, Y=\z_calc
      New ports: A=$add$cordic_stage.sv:51$1306_Y [15:2], B=$sub$cordic_stage.sv:47$1301_Y [15:2], Y=\z_calc [15:2]
      New connections: \z_calc [1:0] = \z_in [1:0]
  Optimizing cells in module $paramod\cordic_stage\SHIFT=s32'00000000000000000000000000000000.
  Optimizing cells in module $paramod\cordic_stage\SHIFT=s32'00000000000000000000000000000001.
    Consolidated identical input bits for $mux cell $procmux$1434:
      Old ports: A={ $add$cordic_stage.sv:51$1292_Y [15:2] \z_in [1:0] }, B={ $sub$cordic_stage.sv:47$1287_Y [15:2] \z_in [1:0] }, Y=\z_calc
      New ports: A=$add$cordic_stage.sv:51$1292_Y [15:2], B=$sub$cordic_stage.sv:47$1287_Y [15:2], Y=\z_calc [15:2]
      New connections: \z_calc [1:0] = \z_in [1:0]
  Optimizing cells in module $paramod\cordic_stage\SHIFT=s32'00000000000000000000000000000001.
  Optimizing cells in module $paramod\cordic_stage\SHIFT=s32'00000000000000000000000000000010.
    Consolidated identical input bits for $mux cell $procmux$1455:
      Old ports: A={ $add$cordic_stage.sv:51$1278_Y [15:1] \z_in [0] }, B={ $sub$cordic_stage.sv:47$1273_Y [15:1] \z_in [0] }, Y=\z_calc
      New ports: A=$add$cordic_stage.sv:51$1278_Y [15:1], B=$sub$cordic_stage.sv:47$1273_Y [15:1], Y=\z_calc [15:1]
      New connections: \z_calc [0] = \z_in [0]
  Optimizing cells in module $paramod\cordic_stage\SHIFT=s32'00000000000000000000000000000010.
  Optimizing cells in module $paramod\cordic_stage\SHIFT=s32'00000000000000000000000000000011.
  Optimizing cells in module $paramod\cordic_stage\SHIFT=s32'00000000000000000000000000000100.
  Optimizing cells in module $paramod\cordic_stage\SHIFT=s32'00000000000000000000000000000101.
    Consolidated identical input bits for $mux cell $procmux$1518:
      Old ports: A={ $add$cordic_stage.sv:51$1236_Y [15:9] \z_in [8:0] }, B={ $sub$cordic_stage.sv:47$1231_Y [15:9] \z_in [8:0] }, Y=\z_calc
      New ports: A=$add$cordic_stage.sv:51$1236_Y [15:9], B=$sub$cordic_stage.sv:47$1231_Y [15:9], Y=\z_calc [15:9]
      New connections: \z_calc [8:0] = \z_in [8:0]
  Optimizing cells in module $paramod\cordic_stage\SHIFT=s32'00000000000000000000000000000101.
  Optimizing cells in module $paramod\cordic_stage\SHIFT=s32'00000000000000000000000000000110.
    Consolidated identical input bits for $mux cell $procmux$1539:
      Old ports: A={ $add$cordic_stage.sv:51$1222_Y [15:8] \z_in [7:0] }, B={ $sub$cordic_stage.sv:47$1217_Y [15:8] \z_in [7:0] }, Y=\z_calc
      New ports: A=$add$cordic_stage.sv:51$1222_Y [15:8], B=$sub$cordic_stage.sv:47$1217_Y [15:8], Y=\z_calc [15:8]
      New connections: \z_calc [7:0] = \z_in [7:0]
  Optimizing cells in module $paramod\cordic_stage\SHIFT=s32'00000000000000000000000000000110.
  Optimizing cells in module $paramod\cordic_stage\SHIFT=s32'00000000000000000000000000000111.
    Consolidated identical input bits for $mux cell $procmux$1560:
      Old ports: A={ $add$cordic_stage.sv:51$1208_Y [15:7] \z_in [6:0] }, B={ $sub$cordic_stage.sv:47$1203_Y [15:7] \z_in [6:0] }, Y=\z_calc
      New ports: A=$add$cordic_stage.sv:51$1208_Y [15:7], B=$sub$cordic_stage.sv:47$1203_Y [15:7], Y=\z_calc [15:7]
      New connections: \z_calc [6:0] = \z_in [6:0]
  Optimizing cells in module $paramod\cordic_stage\SHIFT=s32'00000000000000000000000000000111.
  Optimizing cells in module $paramod\cordic_stage\SHIFT=s32'00000000000000000000000000001000.
    Consolidated identical input bits for $mux cell $procmux$1581:
      Old ports: A={ $add$cordic_stage.sv:51$1194_Y [15:6] \z_in [5:0] }, B={ $sub$cordic_stage.sv:47$1189_Y [15:6] \z_in [5:0] }, Y=\z_calc
      New ports: A=$add$cordic_stage.sv:51$1194_Y [15:6], B=$sub$cordic_stage.sv:47$1189_Y [15:6], Y=\z_calc [15:6]
      New connections: \z_calc [5:0] = \z_in [5:0]
  Optimizing cells in module $paramod\cordic_stage\SHIFT=s32'00000000000000000000000000001000.
  Optimizing cells in module $paramod\cordic_stage\SHIFT=s32'00000000000000000000000000001001.
    Consolidated identical input bits for $mux cell $procmux$1602:
      Old ports: A={ $add$cordic_stage.sv:51$1180_Y [15:5] \z_in [4:0] }, B={ $sub$cordic_stage.sv:47$1175_Y [15:5] \z_in [4:0] }, Y=\z_calc
      New ports: A=$add$cordic_stage.sv:51$1180_Y [15:5], B=$sub$cordic_stage.sv:47$1175_Y [15:5], Y=\z_calc [15:5]
      New connections: \z_calc [4:0] = \z_in [4:0]
  Optimizing cells in module $paramod\cordic_stage\SHIFT=s32'00000000000000000000000000001001.
  Optimizing cells in module $paramod\cordic_stage\SHIFT=s32'00000000000000000000000000001010.
    Consolidated identical input bits for $mux cell $procmux$1623:
      Old ports: A={ $add$cordic_stage.sv:51$1166_Y [15:4] \z_in [3:0] }, B={ $sub$cordic_stage.sv:47$1161_Y [15:4] \z_in [3:0] }, Y=\z_calc
      New ports: A=$add$cordic_stage.sv:51$1166_Y [15:4], B=$sub$cordic_stage.sv:47$1161_Y [15:4], Y=\z_calc [15:4]
      New connections: \z_calc [3:0] = \z_in [3:0]
  Optimizing cells in module $paramod\cordic_stage\SHIFT=s32'00000000000000000000000000001010.
  Optimizing cells in module $paramod\cordic_stage\SHIFT=s32'00000000000000000000000000001011.
    Consolidated identical input bits for $mux cell $procmux$1644:
      Old ports: A={ $add$cordic_stage.sv:51$1152_Y [15:3] \z_in [2:0] }, B={ $sub$cordic_stage.sv:47$1147_Y [15:3] \z_in [2:0] }, Y=\z_calc
      New ports: A=$add$cordic_stage.sv:51$1152_Y [15:3], B=$sub$cordic_stage.sv:47$1147_Y [15:3], Y=\z_calc [15:3]
      New connections: \z_calc [2:0] = \z_in [2:0]
  Optimizing cells in module $paramod\cordic_stage\SHIFT=s32'00000000000000000000000000001011.
  Optimizing cells in module $paramod\cordic_stage\SHIFT=s32'00000000000000000000000000001100.
    Consolidated identical input bits for $mux cell $procmux$1665:
      Old ports: A={ $add$cordic_stage.sv:51$1138_Y [15:2] \z_in [1:0] }, B={ $sub$cordic_stage.sv:47$1133_Y [15:2] \z_in [1:0] }, Y=\z_calc
      New ports: A=$add$cordic_stage.sv:51$1138_Y [15:2], B=$sub$cordic_stage.sv:47$1133_Y [15:2], Y=\z_calc [15:2]
      New connections: \z_calc [1:0] = \z_in [1:0]
  Optimizing cells in module $paramod\cordic_stage\SHIFT=s32'00000000000000000000000000001100.
  Optimizing cells in module $paramod\cordic_stage\SHIFT=s32'00000000000000000000000000001101.
    Consolidated identical input bits for $mux cell $procmux$1686:
      Old ports: A={ $add$cordic_stage.sv:51$1124_Y [15:1] \z_in [0] }, B={ $sub$cordic_stage.sv:47$1119_Y [15:1] \z_in [0] }, Y=\z_calc
      New ports: A=$add$cordic_stage.sv:51$1124_Y [15:1], B=$sub$cordic_stage.sv:47$1119_Y [15:1], Y=\z_calc [15:1]
      New connections: \z_calc [0] = \z_in [0]
  Optimizing cells in module $paramod\cordic_stage\SHIFT=s32'00000000000000000000000000001101.
  Optimizing cells in module \cordic_pipeline.
Performed a total of 12 changes.

3.33.5. Executing OPT_MERGE pass (detect identical cells).
Finding identical cells in module `$paramod\cordic_stage\SHIFT=s32'00000000000000000000000000000000'.
Finding identical cells in module `$paramod\cordic_stage\SHIFT=s32'00000000000000000000000000000001'.
Finding identical cells in module `$paramod\cordic_stage\SHIFT=s32'00000000000000000000000000000010'.
Finding identical cells in module `$paramod\cordic_stage\SHIFT=s32'00000000000000000000000000000011'.
Finding identical cells in module `$paramod\cordic_stage\SHIFT=s32'00000000000000000000000000000100'.
Finding identical cells in module `$paramod\cordic_stage\SHIFT=s32'00000000000000000000000000000101'.
Finding identical cells in module `$paramod\cordic_stage\SHIFT=s32'00000000000000000000000000000110'.
Finding identical cells in module `$paramod\cordic_stage\SHIFT=s32'00000000000000000000000000000111'.
Finding identical cells in module `$paramod\cordic_stage\SHIFT=s32'00000000000000000000000000001000'.
Finding identical cells in module `$paramod\cordic_stage\SHIFT=s32'00000000000000000000000000001001'.
Finding identical cells in module `$paramod\cordic_stage\SHIFT=s32'00000000000000000000000000001010'.
Finding identical cells in module `$paramod\cordic_stage\SHIFT=s32'00000000000000000000000000001011'.
Finding identical cells in module `$paramod\cordic_stage\SHIFT=s32'00000000000000000000000000001100'.
Finding identical cells in module `$paramod\cordic_stage\SHIFT=s32'00000000000000000000000000001101'.
Finding identical cells in module `\cordic_pipeline'.
Removed a total of 0 cells.

3.33.6. Executing OPT_SHARE pass.
    Found cells that share an operand and can be merged by moving the $mux $procmux$1813 in front of them:
        $auto$alumacc.cc:495:replace_alu$2376
        $auto$alumacc.cc:495:replace_alu$2367

    Found cells that share an operand and can be merged by moving the $mux $procmux$1434 in front of them:
        $auto$alumacc.cc:495:replace_alu$2394
        $auto$alumacc.cc:495:replace_alu$2385

    Found cells that share an operand and can be merged by moving the $mux $procmux$1437 in front of them:
        $auto$alumacc.cc:495:replace_alu$2388
        $auto$alumacc.cc:495:replace_alu$2397

    Found cells that share an operand and can be merged by moving the $mux $procmux$1440 in front of them:
        $auto$alumacc.cc:495:replace_alu$2391
        $auto$alumacc.cc:495:replace_alu$2382

    Found cells that share an operand and can be merged by moving the $mux $procmux$1455 in front of them:
        $auto$alumacc.cc:495:replace_alu$2412
        $auto$alumacc.cc:495:replace_alu$2403

    Found cells that share an operand and can be merged by moving the $mux $procmux$1458 in front of them:
        $auto$alumacc.cc:495:replace_alu$2406
        $auto$alumacc.cc:495:replace_alu$2415

    Found cells that share an operand and can be merged by moving the $mux $procmux$1461 in front of them:
        $auto$alumacc.cc:495:replace_alu$2409
        $auto$alumacc.cc:495:replace_alu$2400

    Found cells that share an operand and can be merged by moving the $mux $procmux$1476 in front of them:
        $auto$alumacc.cc:495:replace_alu$2430
        $auto$alumacc.cc:495:replace_alu$2421

    Found cells that share an operand and can be merged by moving the $mux $procmux$1479 in front of them:
        $auto$alumacc.cc:495:replace_alu$2424
        $auto$alumacc.cc:495:replace_alu$2433

    Found cells that share an operand and can be merged by moving the $mux $procmux$1482 in front of them:
        $auto$alumacc.cc:495:replace_alu$2427
        $auto$alumacc.cc:495:replace_alu$2418

    Found cells that share an operand and can be merged by moving the $mux $procmux$1497 in front of them:
        $auto$alumacc.cc:495:replace_alu$2448
        $auto$alumacc.cc:495:replace_alu$2439

    Found cells that share an operand and can be merged by moving the $mux $procmux$1500 in front of them:
        $auto$alumacc.cc:495:replace_alu$2442
        $auto$alumacc.cc:495:replace_alu$2451

    Found cells that share an operand and can be merged by moving the $mux $procmux$1503 in front of them:
        $auto$alumacc.cc:495:replace_alu$2445
        $auto$alumacc.cc:495:replace_alu$2436

    Found cells that share an operand and can be merged by moving the $mux $procmux$1518 in front of them:
        $auto$alumacc.cc:495:replace_alu$2466
        $auto$alumacc.cc:495:replace_alu$2457

    Found cells that share an operand and can be merged by moving the $mux $procmux$1521 in front of them:
        $auto$alumacc.cc:495:replace_alu$2460
        $auto$alumacc.cc:495:replace_alu$2469

    Found cells that share an operand and can be merged by moving the $mux $procmux$1524 in front of them:
        $auto$alumacc.cc:495:replace_alu$2463
        $auto$alumacc.cc:495:replace_alu$2454

    Found cells that share an operand and can be merged by moving the $mux $procmux$1539 in front of them:
        $auto$alumacc.cc:495:replace_alu$2484
        $auto$alumacc.cc:495:replace_alu$2475

    Found cells that share an operand and can be merged by moving the $mux $procmux$1542 in front of them:
        $auto$alumacc.cc:495:replace_alu$2478
        $auto$alumacc.cc:495:replace_alu$2487

    Found cells that share an operand and can be merged by moving the $mux $procmux$1545 in front of them:
        $auto$alumacc.cc:495:replace_alu$2481
        $auto$alumacc.cc:495:replace_alu$2472

    Found cells that share an operand and can be merged by moving the $mux $procmux$1560 in front of them:
        $auto$alumacc.cc:495:replace_alu$2502
        $auto$alumacc.cc:495:replace_alu$2493

    Found cells that share an operand and can be merged by moving the $mux $procmux$1563 in front of them:
        $auto$alumacc.cc:495:replace_alu$2496
        $auto$alumacc.cc:495:replace_alu$2505

    Found cells that share an operand and can be merged by moving the $mux $procmux$1566 in front of them:
        $auto$alumacc.cc:495:replace_alu$2499
        $auto$alumacc.cc:495:replace_alu$2490

    Found cells that share an operand and can be merged by moving the $mux $procmux$1581 in front of them:
        $auto$alumacc.cc:495:replace_alu$2520
        $auto$alumacc.cc:495:replace_alu$2511

    Found cells that share an operand and can be merged by moving the $mux $procmux$1584 in front of them:
        $auto$alumacc.cc:495:replace_alu$2514
        $auto$alumacc.cc:495:replace_alu$2523

    Found cells that share an operand and can be merged by moving the $mux $procmux$1587 in front of them:
        $auto$alumacc.cc:495:replace_alu$2517
        $auto$alumacc.cc:495:replace_alu$2508

    Found cells that share an operand and can be merged by moving the $mux $procmux$1602 in front of them:
        $auto$alumacc.cc:495:replace_alu$2538
        $auto$alumacc.cc:495:replace_alu$2529

    Found cells that share an operand and can be merged by moving the $mux $procmux$1605 in front of them:
        $auto$alumacc.cc:495:replace_alu$2532
        $auto$alumacc.cc:495:replace_alu$2541

    Found cells that share an operand and can be merged by moving the $mux $procmux$1608 in front of them:
        $auto$alumacc.cc:495:replace_alu$2535
        $auto$alumacc.cc:495:replace_alu$2526

    Found cells that share an operand and can be merged by moving the $mux $procmux$1623 in front of them:
        $auto$alumacc.cc:495:replace_alu$2556
        $auto$alumacc.cc:495:replace_alu$2547

    Found cells that share an operand and can be merged by moving the $mux $procmux$1626 in front of them:
        $auto$alumacc.cc:495:replace_alu$2550
        $auto$alumacc.cc:495:replace_alu$2559

    Found cells that share an operand and can be merged by moving the $mux $procmux$1629 in front of them:
        $auto$alumacc.cc:495:replace_alu$2553
        $auto$alumacc.cc:495:replace_alu$2544

    Found cells that share an operand and can be merged by moving the $mux $procmux$1644 in front of them:
        $auto$alumacc.cc:495:replace_alu$2574
        $auto$alumacc.cc:495:replace_alu$2565

    Found cells that share an operand and can be merged by moving the $mux $procmux$1647 in front of them:
        $auto$alumacc.cc:495:replace_alu$2568
        $auto$alumacc.cc:495:replace_alu$2577

    Found cells that share an operand and can be merged by moving the $mux $procmux$1650 in front of them:
        $auto$alumacc.cc:495:replace_alu$2571
        $auto$alumacc.cc:495:replace_alu$2562

    Found cells that share an operand and can be merged by moving the $mux $procmux$1665 in front of them:
        $auto$alumacc.cc:495:replace_alu$2592
        $auto$alumacc.cc:495:replace_alu$2583

    Found cells that share an operand and can be merged by moving the $mux $procmux$1668 in front of them:
        $auto$alumacc.cc:495:replace_alu$2586
        $auto$alumacc.cc:495:replace_alu$2595

    Found cells that share an operand and can be merged by moving the $mux $procmux$1671 in front of them:
        $auto$alumacc.cc:495:replace_alu$2589
        $auto$alumacc.cc:495:replace_alu$2580

    Found cells that share an operand and can be merged by moving the $mux $procmux$1686 in front of them:
        $auto$alumacc.cc:495:replace_alu$2610
        $auto$alumacc.cc:495:replace_alu$2601

    Found cells that share an operand and can be merged by moving the $mux $procmux$1689 in front of them:
        $auto$alumacc.cc:495:replace_alu$2604
        $auto$alumacc.cc:495:replace_alu$2613

    Found cells that share an operand and can be merged by moving the $mux $procmux$1692 in front of them:
        $auto$alumacc.cc:495:replace_alu$2607
        $auto$alumacc.cc:495:replace_alu$2598

3.33.7. Executing OPT_DFF pass (perform DFF optimizations).

3.33.8. Executing OPT_CLEAN pass (remove unused cells and wires).
Finding unused cells or wires in module $paramod\cordic_stage\SHIFT=s32'00000000000000000000000000000000..
Finding unused cells or wires in module $paramod\cordic_stage\SHIFT=s32'00000000000000000000000000000001..
Finding unused cells or wires in module $paramod\cordic_stage\SHIFT=s32'00000000000000000000000000000010..
Finding unused cells or wires in module $paramod\cordic_stage\SHIFT=s32'00000000000000000000000000000011..
Finding unused cells or wires in module $paramod\cordic_stage\SHIFT=s32'00000000000000000000000000000100..
Finding unused cells or wires in module $paramod\cordic_stage\SHIFT=s32'00000000000000000000000000000101..
Finding unused cells or wires in module $paramod\cordic_stage\SHIFT=s32'00000000000000000000000000000110..
Finding unused cells or wires in module $paramod\cordic_stage\SHIFT=s32'00000000000000000000000000000111..
Finding unused cells or wires in module $paramod\cordic_stage\SHIFT=s32'00000000000000000000000000001000..
Finding unused cells or wires in module $paramod\cordic_stage\SHIFT=s32'00000000000000000000000000001001..
Finding unused cells or wires in module $paramod\cordic_stage\SHIFT=s32'00000000000000000000000000001010..
Finding unused cells or wires in module $paramod\cordic_stage\SHIFT=s32'00000000000000000000000000001011..
Finding unused cells or wires in module $paramod\cordic_stage\SHIFT=s32'00000000000000000000000000001100..
Finding unused cells or wires in module $paramod\cordic_stage\SHIFT=s32'00000000000000000000000000001101..
Finding unused cells or wires in module \cordic_pipeline..
Removed 0 unused cells and 228 unused wires.
<suppressed ~14 debug messages>

3.33.9. Executing OPT_EXPR pass (perform const folding).
Optimizing module $paramod\cordic_stage\SHIFT=s32'00000000000000000000000000000000.
<suppressed ~2 debug messages>
Optimizing module $paramod\cordic_stage\SHIFT=s32'00000000000000000000000000000001.
<suppressed ~4 debug messages>
Optimizing module $paramod\cordic_stage\SHIFT=s32'00000000000000000000000000000010.
<suppressed ~4 debug messages>
Optimizing module $paramod\cordic_stage\SHIFT=s32'00000000000000000000000000000011.
<suppressed ~4 debug messages>
Optimizing module $paramod\cordic_stage\SHIFT=s32'00000000000000000000000000000100.
<suppressed ~4 debug messages>
Optimizing module $paramod\cordic_stage\SHIFT=s32'00000000000000000000000000000101.
<suppressed ~4 debug messages>
Optimizing module $paramod\cordic_stage\SHIFT=s32'00000000000000000000000000000110.
<suppressed ~4 debug messages>
Optimizing module $paramod\cordic_stage\SHIFT=s32'00000000000000000000000000000111.
<suppressed ~4 debug messages>
Optimizing module $paramod\cordic_stage\SHIFT=s32'00000000000000000000000000001000.
<suppressed ~4 debug messages>
Optimizing module $paramod\cordic_stage\SHIFT=s32'00000000000000000000000000001001.
<suppressed ~4 debug messages>
Optimizing module $paramod\cordic_stage\SHIFT=s32'00000000000000000000000000001010.
<suppressed ~4 debug messages>
Optimizing module $paramod\cordic_stage\SHIFT=s32'00000000000000000000000000001011.
<suppressed ~4 debug messages>
Optimizing module $paramod\cordic_stage\SHIFT=s32'00000000000000000000000000001100.
<suppressed ~4 debug messages>
Optimizing module $paramod\cordic_stage\SHIFT=s32'00000000000000000000000000001101.
<suppressed ~4 debug messages>
Optimizing module cordic_pipeline.

3.33.10. Rerunning OPT passes. (Maybe there is more to do..)

3.33.11. Executing OPT_MUXTREE pass (detect dead branches in mux trees).
Running muxtree optimizer on module $paramod\cordic_stage\SHIFT=s32'00000000000000000000000000000000..
  Creating internal representation of mux trees.
  Evaluating internal representation of mux trees.
  Analyzing evaluation results.
Running muxtree optimizer on module $paramod\cordic_stage\SHIFT=s32'00000000000000000000000000000001..
  Creating internal representation of mux trees.
  Evaluating internal representation of mux trees.
  Analyzing evaluation results.
Running muxtree optimizer on module $paramod\cordic_stage\SHIFT=s32'00000000000000000000000000000010..
  Creating internal representation of mux trees.
  Evaluating internal representation of mux trees.
  Analyzing evaluation results.
Running muxtree optimizer on module $paramod\cordic_stage\SHIFT=s32'00000000000000000000000000000011..
  Creating internal representation of mux trees.
  Evaluating internal representation of mux trees.
  Analyzing evaluation results.
Running muxtree optimizer on module $paramod\cordic_stage\SHIFT=s32'00000000000000000000000000000100..
  Creating internal representation of mux trees.
  Evaluating internal representation of mux trees.
  Analyzing evaluation results.
Running muxtree optimizer on module $paramod\cordic_stage\SHIFT=s32'00000000000000000000000000000101..
  Creating internal representation of mux trees.
  Evaluating internal representation of mux trees.
  Analyzing evaluation results.
Running muxtree optimizer on module $paramod\cordic_stage\SHIFT=s32'00000000000000000000000000000110..
  Creating internal representation of mux trees.
  Evaluating internal representation of mux trees.
  Analyzing evaluation results.
Running muxtree optimizer on module $paramod\cordic_stage\SHIFT=s32'00000000000000000000000000000111..
  Creating internal representation of mux trees.
  Evaluating internal representation of mux trees.
  Analyzing evaluation results.
Running muxtree optimizer on module $paramod\cordic_stage\SHIFT=s32'00000000000000000000000000001000..
  Creating internal representation of mux trees.
  Evaluating internal representation of mux trees.
  Analyzing evaluation results.
Running muxtree optimizer on module $paramod\cordic_stage\SHIFT=s32'00000000000000000000000000001001..
  Creating internal representation of mux trees.
  Evaluating internal representation of mux trees.
  Analyzing evaluation results.
Running muxtree optimizer on module $paramod\cordic_stage\SHIFT=s32'00000000000000000000000000001010..
  Creating internal representation of mux trees.
  Evaluating internal representation of mux trees.
  Analyzing evaluation results.
Running muxtree optimizer on module $paramod\cordic_stage\SHIFT=s32'00000000000000000000000000001011..
  Creating internal representation of mux trees.
  Evaluating internal representation of mux trees.
  Analyzing evaluation results.
Running muxtree optimizer on module $paramod\cordic_stage\SHIFT=s32'00000000000000000000000000001100..
  Creating internal representation of mux trees.
  Evaluating internal representation of mux trees.
  Analyzing evaluation results.
Running muxtree optimizer on module $paramod\cordic_stage\SHIFT=s32'00000000000000000000000000001101..
  Creating internal representation of mux trees.
  Evaluating internal representation of mux trees.
  Analyzing evaluation results.
Running muxtree optimizer on module \cordic_pipeline..
  Creating internal representation of mux trees.
  No muxes found in this module.
Removed 0 multiplexer ports.
<suppressed ~42 debug messages>

3.33.12. Executing OPT_REDUCE pass (consolidate $*mux and $reduce_* inputs).
  Optimizing cells in module $paramod\cordic_stage\SHIFT=s32'00000000000000000000000000000000.
    Consolidated identical input bits for $mux cell $auto$opt_share.cc:244:merge_operators$3502:
      Old ports: A=14'11001101101111, B=14'00110010010001, Y=$auto$rtlil.cc:2914:Mux$3503
      New ports: A=2'01, B=2'10, Y={ $auto$rtlil.cc:2914:Mux$3503 [4] $auto$rtlil.cc:2914:Mux$3503 [1] }
      New connections: { $auto$rtlil.cc:2914:Mux$3503 [13:5] $auto$rtlil.cc:2914:Mux$3503 [3:2] $auto$rtlil.cc:2914:Mux$3503 [0] } = { $auto$rtlil.cc:2914:Mux$3503 [1] $auto$rtlil.cc:2914:Mux$3503 [1] $auto$rtlil.cc:2914:Mux$3503 [4] $auto$rtlil.cc:2914:Mux$3503 [4] $auto$rtlil.cc:2914:Mux$3503 [1] $auto$rtlil.cc:2914:Mux$3503 [1] $auto$rtlil.cc:2914:Mux$3503 [4] $auto$rtlil.cc:2914:Mux$3503 [1] $auto$rtlil.cc:2914:Mux$3503 [1] $auto$rtlil.cc:2914:Mux$3503 [1] $auto$rtlil.cc:2914:Mux$3503 [1] 1'1 }
  Optimizing cells in module $paramod\cordic_stage\SHIFT=s32'00000000000000000000000000000000.
  Optimizing cells in module $paramod\cordic_stage\SHIFT=s32'00000000000000000000000000000001.
    Consolidated identical input bits for $mux cell $auto$opt_share.cc:244:merge_operators$3509:
      Old ports: A=14'11100010010101, B=14'00011101101011, Y=$auto$rtlil.cc:2914:Mux$3510
      New ports: A=2'10, B=2'01, Y=$auto$rtlil.cc:2914:Mux$3510 [2:1]
      New connections: { $auto$rtlil.cc:2914:Mux$3510 [13:3] $auto$rtlil.cc:2914:Mux$3510 [0] } = { $auto$rtlil.cc:2914:Mux$3510 [2] $auto$rtlil.cc:2914:Mux$3510 [2] $auto$rtlil.cc:2914:Mux$3510 [2:1] $auto$rtlil.cc:2914:Mux$3510 [1] $auto$rtlil.cc:2914:Mux$3510 [1] $auto$rtlil.cc:2914:Mux$3510 [2:1] $auto$rtlil.cc:2914:Mux$3510 [1] $auto$rtlil.cc:2914:Mux$3510 [2:1] 1'1 }
  Optimizing cells in module $paramod\cordic_stage\SHIFT=s32'00000000000000000000000000000001.
  Optimizing cells in module $paramod\cordic_stage\SHIFT=s32'00000000000000000000000000000010.
    Consolidated identical input bits for $mux cell $auto$opt_share.cc:244:merge_operators$3530:
      Old ports: A=15'111100000101001, B=15'000011111010111, Y=$auto$rtlil.cc:2914:Mux$3531
      New ports: A=2'10, B=2'01, Y={ $auto$rtlil.cc:2914:Mux$3531 [3] $auto$rtlil.cc:2914:Mux$3531 [1] }
      New connections: { $auto$rtlil.cc:2914:Mux$3531 [14:4] $auto$rtlil.cc:2914:Mux$3531 [2] $auto$rtlil.cc:2914:Mux$3531 [0] } = { $auto$rtlil.cc:2914:Mux$3531 [3] $auto$rtlil.cc:2914:Mux$3531 [3] $auto$rtlil.cc:2914:Mux$3531 [3] $auto$rtlil.cc:2914:Mux$3531 [3] $auto$rtlil.cc:2914:Mux$3531 [1] $auto$rtlil.cc:2914:Mux$3531 [1] $auto$rtlil.cc:2914:Mux$3531 [1] $auto$rtlil.cc:2914:Mux$3531 [1] $auto$rtlil.cc:2914:Mux$3531 [1] $auto$rtlil.cc:2914:Mux$3531 [3] $auto$rtlil.cc:2914:Mux$3531 [1] $auto$rtlil.cc:2914:Mux$3531 [1] 1'1 }
  Optimizing cells in module $paramod\cordic_stage\SHIFT=s32'00000000000000000000000000000010.
  Optimizing cells in module $paramod\cordic_stage\SHIFT=s32'00000000000000000000000000000011.
    Consolidated identical input bits for $mux cell $auto$opt_share.cc:244:merge_operators$3551:
      Old ports: A=16'1111100000001011, B=16'0000011111110101, Y=$auto$rtlil.cc:2914:Mux$3552
      New ports: A=2'01, B=2'10, Y=$auto$rtlil.cc:2914:Mux$3552 [2:1]
      New connections: { $auto$rtlil.cc:2914:Mux$3552 [15:3] $auto$rtlil.cc:2914:Mux$3552 [0] } = { $auto$rtlil.cc:2914:Mux$3552 [1] $auto$rtlil.cc:2914:Mux$3552 [1] $auto$rtlil.cc:2914:Mux$3552 [1] $auto$rtlil.cc:2914:Mux$3552 [1] $auto$rtlil.cc:2914:Mux$3552 [1] $auto$rtlil.cc:2914:Mux$3552 [2] $auto$rtlil.cc:2914:Mux$3552 [2] $auto$rtlil.cc:2914:Mux$3552 [2] $auto$rtlil.cc:2914:Mux$3552 [2] $auto$rtlil.cc:2914:Mux$3552 [2] $auto$rtlil.cc:2914:Mux$3552 [2] $auto$rtlil.cc:2914:Mux$3552 [2:1] 1'1 }
  Optimizing cells in module $paramod\cordic_stage\SHIFT=s32'00000000000000000000000000000011.
  Optimizing cells in module $paramod\cordic_stage\SHIFT=s32'00000000000000000000000000000100.
    Consolidated identical input bits for $mux cell $auto$opt_share.cc:244:merge_operators$3572:
      Old ports: A=16'1111110000000001, B=16'0000001111111111, Y=$auto$rtlil.cc:2914:Mux$3573
      New ports: A=2'10, B=2'01, Y={ $auto$rtlil.cc:2914:Mux$3573 [10] $auto$rtlil.cc:2914:Mux$3573 [1] }
      New connections: { $auto$rtlil.cc:2914:Mux$3573 [15:11] $auto$rtlil.cc:2914:Mux$3573 [9:2] $auto$rtlil.cc:2914:Mux$3573 [0] } = { $auto$rtlil.cc:2914:Mux$3573 [10] $auto$rtlil.cc:2914:Mux$3573 [10] $auto$rtlil.cc:2914:Mux$3573 [10] $auto$rtlil.cc:2914:Mux$3573 [10] $auto$rtlil.cc:2914:Mux$3573 [10] $auto$rtlil.cc:2914:Mux$3573 [1] $auto$rtlil.cc:2914:Mux$3573 [1] $auto$rtlil.cc:2914:Mux$3573 [1] $auto$rtlil.cc:2914:Mux$3573 [1] $auto$rtlil.cc:2914:Mux$3573 [1] $auto$rtlil.cc:2914:Mux$3573 [1] $auto$rtlil.cc:2914:Mux$3573 [1] $auto$rtlil.cc:2914:Mux$3573 [1] 1'1 }
  Optimizing cells in module $paramod\cordic_stage\SHIFT=s32'00000000000000000000000000000100.
  Optimizing cells in module $paramod\cordic_stage\SHIFT=s32'00000000000000000000000000000101.
    Consolidated identical input bits for $mux cell $auto$opt_share.cc:244:merge_operators$3593:
      Old ports: A=7'1111111, B=7'0000001, Y=$auto$rtlil.cc:2914:Mux$3594
      New ports: A=1'1, B=1'0, Y=$auto$rtlil.cc:2914:Mux$3594 [1]
      New connections: { $auto$rtlil.cc:2914:Mux$3594 [6:2] $auto$rtlil.cc:2914:Mux$3594 [0] } = { $auto$rtlil.cc:2914:Mux$3594 [1] $auto$rtlil.cc:2914:Mux$3594 [1] $auto$rtlil.cc:2914:Mux$3594 [1] $auto$rtlil.cc:2914:Mux$3594 [1] $auto$rtlil.cc:2914:Mux$3594 [1] 1'1 }
  Optimizing cells in module $paramod\cordic_stage\SHIFT=s32'00000000000000000000000000000101.
  Optimizing cells in module $paramod\cordic_stage\SHIFT=s32'00000000000000000000000000000110.
    Consolidated identical input bits for $mux cell $auto$opt_share.cc:244:merge_operators$3614:
      Old ports: A=8'11111111, B=8'00000001, Y=$auto$rtlil.cc:2914:Mux$3615
      New ports: A=1'1, B=1'0, Y=$auto$rtlil.cc:2914:Mux$3615 [1]
      New connections: { $auto$rtlil.cc:2914:Mux$3615 [7:2] $auto$rtlil.cc:2914:Mux$3615 [0] } = { $auto$rtlil.cc:2914:Mux$3615 [1] $auto$rtlil.cc:2914:Mux$3615 [1] $auto$rtlil.cc:2914:Mux$3615 [1] $auto$rtlil.cc:2914:Mux$3615 [1] $auto$rtlil.cc:2914:Mux$3615 [1] $auto$rtlil.cc:2914:Mux$3615 [1] 1'1 }
  Optimizing cells in module $paramod\cordic_stage\SHIFT=s32'00000000000000000000000000000110.
  Optimizing cells in module $paramod\cordic_stage\SHIFT=s32'00000000000000000000000000000111.
    Consolidated identical input bits for $mux cell $auto$opt_share.cc:244:merge_operators$3635:
      Old ports: A=9'111111111, B=9'000000001, Y=$auto$rtlil.cc:2914:Mux$3636
      New ports: A=1'1, B=1'0, Y=$auto$rtlil.cc:2914:Mux$3636 [1]
      New connections: { $auto$rtlil.cc:2914:Mux$3636 [8:2] $auto$rtlil.cc:2914:Mux$3636 [0] } = { $auto$rtlil.cc:2914:Mux$3636 [1] $auto$rtlil.cc:2914:Mux$3636 [1] $auto$rtlil.cc:2914:Mux$3636 [1] $auto$rtlil.cc:2914:Mux$3636 [1] $auto$rtlil.cc:2914:Mux$3636 [1] $auto$rtlil.cc:2914:Mux$3636 [1] $auto$rtlil.cc:2914:Mux$3636 [1] 1'1 }
  Optimizing cells in module $paramod\cordic_stage\SHIFT=s32'00000000000000000000000000000111.
  Optimizing cells in module $paramod\cordic_stage\SHIFT=s32'00000000000000000000000000001000.
    Consolidated identical input bits for $mux cell $auto$opt_share.cc:244:merge_operators$3656:
      Old ports: A=10'1111111111, B=10'0000000001, Y=$auto$rtlil.cc:2914:Mux$3657
      New ports: A=1'1, B=1'0, Y=$auto$rtlil.cc:2914:Mux$3657 [1]
      New connections: { $auto$rtlil.cc:2914:Mux$3657 [9:2] $auto$rtlil.cc:2914:Mux$3657 [0] } = { $auto$rtlil.cc:2914:Mux$3657 [1] $auto$rtlil.cc:2914:Mux$3657 [1] $auto$rtlil.cc:2914:Mux$3657 [1] $auto$rtlil.cc:2914:Mux$3657 [1] $auto$rtlil.cc:2914:Mux$3657 [1] $auto$rtlil.cc:2914:Mux$3657 [1] $auto$rtlil.cc:2914:Mux$3657 [1] $auto$rtlil.cc:2914:Mux$3657 [1] 1'1 }
  Optimizing cells in module $paramod\cordic_stage\SHIFT=s32'00000000000000000000000000001000.
  Optimizing cells in module $paramod\cordic_stage\SHIFT=s32'00000000000000000000000000001001.
    Consolidated identical input bits for $mux cell $auto$opt_share.cc:244:merge_operators$3677:
      Old ports: A=11'11111111111, B=11'00000000001, Y=$auto$rtlil.cc:2914:Mux$3678
      New ports: A=1'1, B=1'0, Y=$auto$rtlil.cc:2914:Mux$3678 [1]
      New connections: { $auto$rtlil.cc:2914:Mux$3678 [10:2] $auto$rtlil.cc:2914:Mux$3678 [0] } = { $auto$rtlil.cc:2914:Mux$3678 [1] $auto$rtlil.cc:2914:Mux$3678 [1] $auto$rtlil.cc:2914:Mux$3678 [1] $auto$rtlil.cc:2914:Mux$3678 [1] $auto$rtlil.cc:2914:Mux$3678 [1] $auto$rtlil.cc:2914:Mux$3678 [1] $auto$rtlil.cc:2914:Mux$3678 [1] $auto$rtlil.cc:2914:Mux$3678 [1] $auto$rtlil.cc:2914:Mux$3678 [1] 1'1 }
  Optimizing cells in module $paramod\cordic_stage\SHIFT=s32'00000000000000000000000000001001.
  Optimizing cells in module $paramod\cordic_stage\SHIFT=s32'00000000000000000000000000001010.
    Consolidated identical input bits for $mux cell $auto$opt_share.cc:244:merge_operators$3698:
      Old ports: A=12'111111111111, B=12'000000000001, Y=$auto$rtlil.cc:2914:Mux$3699
      New ports: A=1'1, B=1'0, Y=$auto$rtlil.cc:2914:Mux$3699 [1]
      New connections: { $auto$rtlil.cc:2914:Mux$3699 [11:2] $auto$rtlil.cc:2914:Mux$3699 [0] } = { $auto$rtlil.cc:2914:Mux$3699 [1] $auto$rtlil.cc:2914:Mux$3699 [1] $auto$rtlil.cc:2914:Mux$3699 [1] $auto$rtlil.cc:2914:Mux$3699 [1] $auto$rtlil.cc:2914:Mux$3699 [1] $auto$rtlil.cc:2914:Mux$3699 [1] $auto$rtlil.cc:2914:Mux$3699 [1] $auto$rtlil.cc:2914:Mux$3699 [1] $auto$rtlil.cc:2914:Mux$3699 [1] $auto$rtlil.cc:2914:Mux$3699 [1] 1'1 }
  Optimizing cells in module $paramod\cordic_stage\SHIFT=s32'00000000000000000000000000001010.
  Optimizing cells in module $paramod\cordic_stage\SHIFT=s32'00000000000000000000000000001011.
    Consolidated identical input bits for $mux cell $auto$opt_share.cc:244:merge_operators$3719:
      Old ports: A=13'1111111111111, B=13'0000000000001, Y=$auto$rtlil.cc:2914:Mux$3720
      New ports: A=1'1, B=1'0, Y=$auto$rtlil.cc:2914:Mux$3720 [1]
      New connections: { $auto$rtlil.cc:2914:Mux$3720 [12:2] $auto$rtlil.cc:2914:Mux$3720 [0] } = { $auto$rtlil.cc:2914:Mux$3720 [1] $auto$rtlil.cc:2914:Mux$3720 [1] $auto$rtlil.cc:2914:Mux$3720 [1] $auto$rtlil.cc:2914:Mux$3720 [1] $auto$rtlil.cc:2914:Mux$3720 [1] $auto$rtlil.cc:2914:Mux$3720 [1] $auto$rtlil.cc:2914:Mux$3720 [1] $auto$rtlil.cc:2914:Mux$3720 [1] $auto$rtlil.cc:2914:Mux$3720 [1] $auto$rtlil.cc:2914:Mux$3720 [1] $auto$rtlil.cc:2914:Mux$3720 [1] 1'1 }
  Optimizing cells in module $paramod\cordic_stage\SHIFT=s32'00000000000000000000000000001011.
  Optimizing cells in module $paramod\cordic_stage\SHIFT=s32'00000000000000000000000000001100.
    Consolidated identical input bits for $mux cell $auto$opt_share.cc:244:merge_operators$3740:
      Old ports: A=14'11111111111111, B=14'00000000000001, Y=$auto$rtlil.cc:2914:Mux$3741
      New ports: A=1'1, B=1'0, Y=$auto$rtlil.cc:2914:Mux$3741 [1]
      New connections: { $auto$rtlil.cc:2914:Mux$3741 [13:2] $auto$rtlil.cc:2914:Mux$3741 [0] } = { $auto$rtlil.cc:2914:Mux$3741 [1] $auto$rtlil.cc:2914:Mux$3741 [1] $auto$rtlil.cc:2914:Mux$3741 [1] $auto$rtlil.cc:2914:Mux$3741 [1] $auto$rtlil.cc:2914:Mux$3741 [1] $auto$rtlil.cc:2914:Mux$3741 [1] $auto$rtlil.cc:2914:Mux$3741 [1] $auto$rtlil.cc:2914:Mux$3741 [1] $auto$rtlil.cc:2914:Mux$3741 [1] $auto$rtlil.cc:2914:Mux$3741 [1] $auto$rtlil.cc:2914:Mux$3741 [1] $auto$rtlil.cc:2914:Mux$3741 [1] 1'1 }
  Optimizing cells in module $paramod\cordic_stage\SHIFT=s32'00000000000000000000000000001100.
  Optimizing cells in module $paramod\cordic_stage\SHIFT=s32'00000000000000000000000000001101.
    Consolidated identical input bits for $mux cell $auto$opt_share.cc:244:merge_operators$3761:
      Old ports: A=15'111111111111111, B=15'000000000000001, Y=$auto$rtlil.cc:2914:Mux$3762
      New ports: A=1'1, B=1'0, Y=$auto$rtlil.cc:2914:Mux$3762 [1]
      New connections: { $auto$rtlil.cc:2914:Mux$3762 [14:2] $auto$rtlil.cc:2914:Mux$3762 [0] } = { $auto$rtlil.cc:2914:Mux$3762 [1] $auto$rtlil.cc:2914:Mux$3762 [1] $auto$rtlil.cc:2914:Mux$3762 [1] $auto$rtlil.cc:2914:Mux$3762 [1] $auto$rtlil.cc:2914:Mux$3762 [1] $auto$rtlil.cc:2914:Mux$3762 [1] $auto$rtlil.cc:2914:Mux$3762 [1] $auto$rtlil.cc:2914:Mux$3762 [1] $auto$rtlil.cc:2914:Mux$3762 [1] $auto$rtlil.cc:2914:Mux$3762 [1] $auto$rtlil.cc:2914:Mux$3762 [1] $auto$rtlil.cc:2914:Mux$3762 [1] $auto$rtlil.cc:2914:Mux$3762 [1] 1'1 }
  Optimizing cells in module $paramod\cordic_stage\SHIFT=s32'00000000000000000000000000001101.
  Optimizing cells in module \cordic_pipeline.
Performed a total of 14 changes.

3.33.13. Executing OPT_MERGE pass (detect identical cells).
Finding identical cells in module `$paramod\cordic_stage\SHIFT=s32'00000000000000000000000000000000'.
Finding identical cells in module `$paramod\cordic_stage\SHIFT=s32'00000000000000000000000000000001'.
Finding identical cells in module `$paramod\cordic_stage\SHIFT=s32'00000000000000000000000000000010'.
Finding identical cells in module `$paramod\cordic_stage\SHIFT=s32'00000000000000000000000000000011'.
Finding identical cells in module `$paramod\cordic_stage\SHIFT=s32'00000000000000000000000000000100'.
Finding identical cells in module `$paramod\cordic_stage\SHIFT=s32'00000000000000000000000000000101'.
Finding identical cells in module `$paramod\cordic_stage\SHIFT=s32'00000000000000000000000000000110'.
Finding identical cells in module `$paramod\cordic_stage\SHIFT=s32'00000000000000000000000000000111'.
Finding identical cells in module `$paramod\cordic_stage\SHIFT=s32'00000000000000000000000000001000'.
Finding identical cells in module `$paramod\cordic_stage\SHIFT=s32'00000000000000000000000000001001'.
Finding identical cells in module `$paramod\cordic_stage\SHIFT=s32'00000000000000000000000000001010'.
Finding identical cells in module `$paramod\cordic_stage\SHIFT=s32'00000000000000000000000000001011'.
Finding identical cells in module `$paramod\cordic_stage\SHIFT=s32'00000000000000000000000000001100'.
Finding identical cells in module `$paramod\cordic_stage\SHIFT=s32'00000000000000000000000000001101'.
Finding identical cells in module `\cordic_pipeline'.
Removed a total of 0 cells.

3.33.14. Executing OPT_SHARE pass.

3.33.15. Executing OPT_DFF pass (perform DFF optimizations).

3.33.16. Executing OPT_CLEAN pass (remove unused cells and wires).
Finding unused cells or wires in module $paramod\cordic_stage\SHIFT=s32'00000000000000000000000000000000..
Finding unused cells or wires in module $paramod\cordic_stage\SHIFT=s32'00000000000000000000000000000001..
Finding unused cells or wires in module $paramod\cordic_stage\SHIFT=s32'00000000000000000000000000000010..
Finding unused cells or wires in module $paramod\cordic_stage\SHIFT=s32'00000000000000000000000000000011..
Finding unused cells or wires in module $paramod\cordic_stage\SHIFT=s32'00000000000000000000000000000100..
Finding unused cells or wires in module $paramod\cordic_stage\SHIFT=s32'00000000000000000000000000000101..
Finding unused cells or wires in module $paramod\cordic_stage\SHIFT=s32'00000000000000000000000000000110..
Finding unused cells or wires in module $paramod\cordic_stage\SHIFT=s32'00000000000000000000000000000111..
Finding unused cells or wires in module $paramod\cordic_stage\SHIFT=s32'00000000000000000000000000001000..
Finding unused cells or wires in module $paramod\cordic_stage\SHIFT=s32'00000000000000000000000000001001..
Finding unused cells or wires in module $paramod\cordic_stage\SHIFT=s32'00000000000000000000000000001010..
Finding unused cells or wires in module $paramod\cordic_stage\SHIFT=s32'00000000000000000000000000001011..
Finding unused cells or wires in module $paramod\cordic_stage\SHIFT=s32'00000000000000000000000000001100..
Finding unused cells or wires in module $paramod\cordic_stage\SHIFT=s32'00000000000000000000000000001101..
Finding unused cells or wires in module \cordic_pipeline..
Removed 0 unused cells and 54 unused wires.
<suppressed ~14 debug messages>

3.33.17. Executing OPT_EXPR pass (perform const folding).
Optimizing module $paramod\cordic_stage\SHIFT=s32'00000000000000000000000000000000.
Optimizing module $paramod\cordic_stage\SHIFT=s32'00000000000000000000000000000001.
Optimizing module $paramod\cordic_stage\SHIFT=s32'00000000000000000000000000000010.
Optimizing module $paramod\cordic_stage\SHIFT=s32'00000000000000000000000000000011.
Optimizing module $paramod\cordic_stage\SHIFT=s32'00000000000000000000000000000100.
Optimizing module $paramod\cordic_stage\SHIFT=s32'00000000000000000000000000000101.
<suppressed ~1 debug messages>
Optimizing module $paramod\cordic_stage\SHIFT=s32'00000000000000000000000000000110.
<suppressed ~1 debug messages>
Optimizing module $paramod\cordic_stage\SHIFT=s32'00000000000000000000000000000111.
<suppressed ~1 debug messages>
Optimizing module $paramod\cordic_stage\SHIFT=s32'00000000000000000000000000001000.
<suppressed ~1 debug messages>
Optimizing module $paramod\cordic_stage\SHIFT=s32'00000000000000000000000000001001.
<suppressed ~1 debug messages>
Optimizing module $paramod\cordic_stage\SHIFT=s32'00000000000000000000000000001010.
<suppressed ~1 debug messages>
Optimizing module $paramod\cordic_stage\SHIFT=s32'00000000000000000000000000001011.
<suppressed ~1 debug messages>
Optimizing module $paramod\cordic_stage\SHIFT=s32'00000000000000000000000000001100.
<suppressed ~1 debug messages>
Optimizing module $paramod\cordic_stage\SHIFT=s32'00000000000000000000000000001101.
<suppressed ~1 debug messages>
Optimizing module cordic_pipeline.

3.33.18. Rerunning OPT passes. (Maybe there is more to do..)

3.33.19. Executing OPT_MUXTREE pass (detect dead branches in mux trees).
Running muxtree optimizer on module $paramod\cordic_stage\SHIFT=s32'00000000000000000000000000000000..
  Creating internal representation of mux trees.
  Evaluating internal representation of mux trees.
  Analyzing evaluation results.
Running muxtree optimizer on module $paramod\cordic_stage\SHIFT=s32'00000000000000000000000000000001..
  Creating internal representation of mux trees.
  Evaluating internal representation of mux trees.
  Analyzing evaluation results.
Running muxtree optimizer on module $paramod\cordic_stage\SHIFT=s32'00000000000000000000000000000010..
  Creating internal representation of mux trees.
  Evaluating internal representation of mux trees.
  Analyzing evaluation results.
Running muxtree optimizer on module $paramod\cordic_stage\SHIFT=s32'00000000000000000000000000000011..
  Creating internal representation of mux trees.
  Evaluating internal representation of mux trees.
  Analyzing evaluation results.
Running muxtree optimizer on module $paramod\cordic_stage\SHIFT=s32'00000000000000000000000000000100..
  Creating internal representation of mux trees.
  Evaluating internal representation of mux trees.
  Analyzing evaluation results.
Running muxtree optimizer on module $paramod\cordic_stage\SHIFT=s32'00000000000000000000000000000101..
  Creating internal representation of mux trees.
  Evaluating internal representation of mux trees.
  Analyzing evaluation results.
Running muxtree optimizer on module $paramod\cordic_stage\SHIFT=s32'00000000000000000000000000000110..
  Creating internal representation of mux trees.
  Evaluating internal representation of mux trees.
  Analyzing evaluation results.
Running muxtree optimizer on module $paramod\cordic_stage\SHIFT=s32'00000000000000000000000000000111..
  Creating internal representation of mux trees.
  Evaluating internal representation of mux trees.
  Analyzing evaluation results.
Running muxtree optimizer on module $paramod\cordic_stage\SHIFT=s32'00000000000000000000000000001000..
  Creating internal representation of mux trees.
  Evaluating internal representation of mux trees.
  Analyzing evaluation results.
Running muxtree optimizer on module $paramod\cordic_stage\SHIFT=s32'00000000000000000000000000001001..
  Creating internal representation of mux trees.
  Evaluating internal representation of mux trees.
  Analyzing evaluation results.
Running muxtree optimizer on module $paramod\cordic_stage\SHIFT=s32'00000000000000000000000000001010..
  Creating internal representation of mux trees.
  Evaluating internal representation of mux trees.
  Analyzing evaluation results.
Running muxtree optimizer on module $paramod\cordic_stage\SHIFT=s32'00000000000000000000000000001011..
  Creating internal representation of mux trees.
  Evaluating internal representation of mux trees.
  Analyzing evaluation results.
Running muxtree optimizer on module $paramod\cordic_stage\SHIFT=s32'00000000000000000000000000001100..
  Creating internal representation of mux trees.
  Evaluating internal representation of mux trees.
  Analyzing evaluation results.
Running muxtree optimizer on module $paramod\cordic_stage\SHIFT=s32'00000000000000000000000000001101..
  Creating internal representation of mux trees.
  Evaluating internal representation of mux trees.
  Analyzing evaluation results.
Running muxtree optimizer on module \cordic_pipeline..
  Creating internal representation of mux trees.
  No muxes found in this module.
Removed 0 multiplexer ports.
<suppressed ~33 debug messages>

3.33.20. Executing OPT_REDUCE pass (consolidate $*mux and $reduce_* inputs).
  Optimizing cells in module $paramod\cordic_stage\SHIFT=s32'00000000000000000000000000000000.
  Optimizing cells in module $paramod\cordic_stage\SHIFT=s32'00000000000000000000000000000001.
  Optimizing cells in module $paramod\cordic_stage\SHIFT=s32'00000000000000000000000000000010.
  Optimizing cells in module $paramod\cordic_stage\SHIFT=s32'00000000000000000000000000000011.
  Optimizing cells in module $paramod\cordic_stage\SHIFT=s32'00000000000000000000000000000100.
  Optimizing cells in module $paramod\cordic_stage\SHIFT=s32'00000000000000000000000000000101.
  Optimizing cells in module $paramod\cordic_stage\SHIFT=s32'00000000000000000000000000000110.
  Optimizing cells in module $paramod\cordic_stage\SHIFT=s32'00000000000000000000000000000111.
  Optimizing cells in module $paramod\cordic_stage\SHIFT=s32'00000000000000000000000000001000.
  Optimizing cells in module $paramod\cordic_stage\SHIFT=s32'00000000000000000000000000001001.
  Optimizing cells in module $paramod\cordic_stage\SHIFT=s32'00000000000000000000000000001010.
  Optimizing cells in module $paramod\cordic_stage\SHIFT=s32'00000000000000000000000000001011.
  Optimizing cells in module $paramod\cordic_stage\SHIFT=s32'00000000000000000000000000001100.
  Optimizing cells in module $paramod\cordic_stage\SHIFT=s32'00000000000000000000000000001101.
  Optimizing cells in module \cordic_pipeline.
Performed a total of 0 changes.

3.33.21. Executing OPT_MERGE pass (detect identical cells).
Finding identical cells in module `$paramod\cordic_stage\SHIFT=s32'00000000000000000000000000000000'.
Finding identical cells in module `$paramod\cordic_stage\SHIFT=s32'00000000000000000000000000000001'.
Finding identical cells in module `$paramod\cordic_stage\SHIFT=s32'00000000000000000000000000000010'.
Finding identical cells in module `$paramod\cordic_stage\SHIFT=s32'00000000000000000000000000000011'.
Finding identical cells in module `$paramod\cordic_stage\SHIFT=s32'00000000000000000000000000000100'.
Finding identical cells in module `$paramod\cordic_stage\SHIFT=s32'00000000000000000000000000000101'.
Finding identical cells in module `$paramod\cordic_stage\SHIFT=s32'00000000000000000000000000000110'.
Finding identical cells in module `$paramod\cordic_stage\SHIFT=s32'00000000000000000000000000000111'.
Finding identical cells in module `$paramod\cordic_stage\SHIFT=s32'00000000000000000000000000001000'.
Finding identical cells in module `$paramod\cordic_stage\SHIFT=s32'00000000000000000000000000001001'.
Finding identical cells in module `$paramod\cordic_stage\SHIFT=s32'00000000000000000000000000001010'.
Finding identical cells in module `$paramod\cordic_stage\SHIFT=s32'00000000000000000000000000001011'.
Finding identical cells in module `$paramod\cordic_stage\SHIFT=s32'00000000000000000000000000001100'.
Finding identical cells in module `$paramod\cordic_stage\SHIFT=s32'00000000000000000000000000001101'.
Finding identical cells in module `\cordic_pipeline'.
Removed a total of 0 cells.

3.33.22. Executing OPT_SHARE pass.

3.33.23. Executing OPT_DFF pass (perform DFF optimizations).

3.33.24. Executing OPT_CLEAN pass (remove unused cells and wires).
Finding unused cells or wires in module $paramod\cordic_stage\SHIFT=s32'00000000000000000000000000000000..
Finding unused cells or wires in module $paramod\cordic_stage\SHIFT=s32'00000000000000000000000000000001..
Finding unused cells or wires in module $paramod\cordic_stage\SHIFT=s32'00000000000000000000000000000010..
Finding unused cells or wires in module $paramod\cordic_stage\SHIFT=s32'00000000000000000000000000000011..
Finding unused cells or wires in module $paramod\cordic_stage\SHIFT=s32'00000000000000000000000000000100..
Finding unused cells or wires in module $paramod\cordic_stage\SHIFT=s32'00000000000000000000000000000101..
Finding unused cells or wires in module $paramod\cordic_stage\SHIFT=s32'00000000000000000000000000000110..
Finding unused cells or wires in module $paramod\cordic_stage\SHIFT=s32'00000000000000000000000000000111..
Finding unused cells or wires in module $paramod\cordic_stage\SHIFT=s32'00000000000000000000000000001000..
Finding unused cells or wires in module $paramod\cordic_stage\SHIFT=s32'00000000000000000000000000001001..
Finding unused cells or wires in module $paramod\cordic_stage\SHIFT=s32'00000000000000000000000000001010..
Finding unused cells or wires in module $paramod\cordic_stage\SHIFT=s32'00000000000000000000000000001011..
Finding unused cells or wires in module $paramod\cordic_stage\SHIFT=s32'00000000000000000000000000001100..
Finding unused cells or wires in module $paramod\cordic_stage\SHIFT=s32'00000000000000000000000000001101..
Finding unused cells or wires in module \cordic_pipeline..

3.33.25. Executing OPT_EXPR pass (perform const folding).
Optimizing module $paramod\cordic_stage\SHIFT=s32'00000000000000000000000000000000.
Optimizing module $paramod\cordic_stage\SHIFT=s32'00000000000000000000000000000001.
Optimizing module $paramod\cordic_stage\SHIFT=s32'00000000000000000000000000000010.
Optimizing module $paramod\cordic_stage\SHIFT=s32'00000000000000000000000000000011.
Optimizing module $paramod\cordic_stage\SHIFT=s32'00000000000000000000000000000100.
Optimizing module $paramod\cordic_stage\SHIFT=s32'00000000000000000000000000000101.
Optimizing module $paramod\cordic_stage\SHIFT=s32'00000000000000000000000000000110.
Optimizing module $paramod\cordic_stage\SHIFT=s32'00000000000000000000000000000111.
Optimizing module $paramod\cordic_stage\SHIFT=s32'00000000000000000000000000001000.
Optimizing module $paramod\cordic_stage\SHIFT=s32'00000000000000000000000000001001.
Optimizing module $paramod\cordic_stage\SHIFT=s32'00000000000000000000000000001010.
Optimizing module $paramod\cordic_stage\SHIFT=s32'00000000000000000000000000001011.
Optimizing module $paramod\cordic_stage\SHIFT=s32'00000000000000000000000000001100.
Optimizing module $paramod\cordic_stage\SHIFT=s32'00000000000000000000000000001101.
Optimizing module cordic_pipeline.

3.33.26. Finished OPT passes. (There is nothing left to do.)

3.34. Executing XILINX_SRL pass (Xilinx shift register extraction).

3.35. Executing TECHMAP pass (map to technology primitives).

3.35.1. Executing Verilog-2005 frontend: /usr/bin/../share/yosys/techmap.v
Parsing Verilog input from `/usr/bin/../share/yosys/techmap.v' to AST representation.
Generating RTLIL representation for module `\_90_simplemap_bool_ops'.
Generating RTLIL representation for module `\_90_simplemap_reduce_ops'.
Generating RTLIL representation for module `\_90_simplemap_logic_ops'.
Generating RTLIL representation for module `\_90_simplemap_compare_ops'.
Generating RTLIL representation for module `\_90_simplemap_various'.
Generating RTLIL representation for module `\_90_simplemap_registers'.
Generating RTLIL representation for module `\_90_shift_ops_shr_shl_sshl_sshr'.
Generating RTLIL representation for module `\_90_shift_shiftx'.
Generating RTLIL representation for module `\_90_fa'.
Generating RTLIL representation for module `\_90_lcu_brent_kung'.
Generating RTLIL representation for module `\_90_alu'.
Generating RTLIL representation for module `\_90_macc'.
Generating RTLIL representation for module `\_90_alumacc'.
Generating RTLIL representation for module `\$__div_mod_u'.
Generating RTLIL representation for module `\$__div_mod_trunc'.
Generating RTLIL representation for module `\_90_div'.
Generating RTLIL representation for module `\_90_mod'.
Generating RTLIL representation for module `\$__div_mod_floor'.
Generating RTLIL representation for module `\_90_divfloor'.
Generating RTLIL representation for module `\_90_modfloor'.
Generating RTLIL representation for module `\_90_pow'.
Generating RTLIL representation for module `\_90_pmux'.
Generating RTLIL representation for module `\_90_demux'.
Generating RTLIL representation for module `\_90_lut'.
Successfully finished Verilog frontend.

3.35.2. Executing Verilog-2005 frontend: /usr/bin/../share/yosys/xilinx/arith_map.v
Parsing Verilog input from `/usr/bin/../share/yosys/xilinx/arith_map.v' to AST representation.
Generating RTLIL representation for module `\_80_xilinx_lcu'.
Generating RTLIL representation for module `\_80_xilinx_alu'.
Successfully finished Verilog frontend.

3.35.3. Continuing TECHMAP pass.
Using extmapper simplemap for cells of type $not.
Using extmapper simplemap for cells of type $mux.
Using extmapper simplemap for cells of type $or.
Using extmapper simplemap for cells of type $and.
Using template $paramod$14af975da62492a9409e0951cc0d79a21c9099d5\_80_xilinx_alu for cells of type $alu.
Using template $paramod$54fc778bf931772abc0a8cb58d2cab26ccc40132\_80_xilinx_alu for cells of type $alu.
Using template $paramod$8e67f0929c109ab6c266bc981725eaf9741ac115\_80_xilinx_alu for cells of type $alu.
Using template $paramod\_80_xilinx_lcu\WIDTH=s32'00000000000000000000000000000011 for cells of type $lcu.
Running "alumacc" on wrapper $extern:wrap:$neg:A_SIGNED=1:A_WIDTH=16:Y_WIDTH=16:394426c56d1a028ba8fdd5469b163e04011def47.
Using template $extern:wrap:$neg:A_SIGNED=1:A_WIDTH=16:Y_WIDTH=16:394426c56d1a028ba8fdd5469b163e04011def47 for cells of type $extern:wrap:$neg:A_SIGNED=1:A_WIDTH=16:Y_WIDTH=16:394426c56d1a028ba8fdd5469b163e04011def47.
Using extmapper simplemap for cells of type $sdff.
Using extmapper simplemap for cells of type $pos.
Using extmapper simplemap for cells of type $xor.
Using template $paramod$44619cfd3b1bb121a30965f0b8cf50541577ab9a\_80_xilinx_alu for cells of type $alu.
Using template $paramod$f67485a0814712cd44e59888dd023d8880272e5a\_80_xilinx_alu for cells of type $alu.
Using template $paramod$dac8f6180815f759d691cadd54f63b3b57e9c4c6\_80_xilinx_alu for cells of type $alu.
Using template $paramod$c01dbfed38db5a3f50af2faba013a1530b4d12f8\_80_xilinx_alu for cells of type $alu.
Using template $paramod$542c2173dd2e221709b1e3b09edb45f543a93fe8\_80_xilinx_alu for cells of type $alu.
Using template $paramod$a589d6fe5a3dfd8f7f740b6f56b2a8b36afd2287\_80_xilinx_alu for cells of type $alu.
Using template $paramod$afa48225e987c09a64742136620444415be48a2d\_80_xilinx_alu for cells of type $alu.
Using template $paramod$d3eea47f76bf2348338a531ad62afeec446cd151\_80_xilinx_alu for cells of type $alu.
Using template $paramod$bd457a3d99de69136660afa194de0b703ea20450\_80_xilinx_alu for cells of type $alu.
No more expansions possible.
<suppressed ~1713 debug messages>

3.36. Executing OPT pass (performing simple optimizations).

3.36.1. Executing OPT_EXPR pass (perform const folding).
Optimizing module $paramod\cordic_stage\SHIFT=s32'00000000000000000000000000000000.
<suppressed ~74 debug messages>
Optimizing module $paramod\cordic_stage\SHIFT=s32'00000000000000000000000000000001.
<suppressed ~119 debug messages>
Optimizing module $paramod\cordic_stage\SHIFT=s32'00000000000000000000000000000010.
<suppressed ~120 debug messages>
Optimizing module $paramod\cordic_stage\SHIFT=s32'00000000000000000000000000000011.
<suppressed ~122 debug messages>
Optimizing module $paramod\cordic_stage\SHIFT=s32'00000000000000000000000000000100.
<suppressed ~121 debug messages>
Optimizing module $paramod\cordic_stage\SHIFT=s32'00000000000000000000000000000101.
<suppressed ~111 debug messages>
Optimizing module $paramod\cordic_stage\SHIFT=s32'00000000000000000000000000000110.
<suppressed ~113 debug messages>
Optimizing module $paramod\cordic_stage\SHIFT=s32'00000000000000000000000000000111.
<suppressed ~115 debug messages>
Optimizing module $paramod\cordic_stage\SHIFT=s32'00000000000000000000000000001000.
<suppressed ~117 debug messages>
Optimizing module $paramod\cordic_stage\SHIFT=s32'00000000000000000000000000001001.
<suppressed ~119 debug messages>
Optimizing module $paramod\cordic_stage\SHIFT=s32'00000000000000000000000000001010.
<suppressed ~121 debug messages>
Optimizing module $paramod\cordic_stage\SHIFT=s32'00000000000000000000000000001011.
<suppressed ~123 debug messages>
Optimizing module $paramod\cordic_stage\SHIFT=s32'00000000000000000000000000001100.
<suppressed ~125 debug messages>
Optimizing module $paramod\cordic_stage\SHIFT=s32'00000000000000000000000000001101.
<suppressed ~127 debug messages>
Optimizing module cordic_pipeline.

3.36.2. Executing OPT_MERGE pass (detect identical cells).
Finding identical cells in module `$paramod\cordic_stage\SHIFT=s32'00000000000000000000000000000000'.
<suppressed ~60 debug messages>
Finding identical cells in module `$paramod\cordic_stage\SHIFT=s32'00000000000000000000000000000001'.
<suppressed ~72 debug messages>
Finding identical cells in module `$paramod\cordic_stage\SHIFT=s32'00000000000000000000000000000010'.
<suppressed ~78 debug messages>
Finding identical cells in module `$paramod\cordic_stage\SHIFT=s32'00000000000000000000000000000011'.
<suppressed ~81 debug messages>
Finding identical cells in module `$paramod\cordic_stage\SHIFT=s32'00000000000000000000000000000100'.
<suppressed ~87 debug messages>
Finding identical cells in module `$paramod\cordic_stage\SHIFT=s32'00000000000000000000000000000101'.
<suppressed ~63 debug messages>
Finding identical cells in module `$paramod\cordic_stage\SHIFT=s32'00000000000000000000000000000110'.
<suppressed ~66 debug messages>
Finding identical cells in module `$paramod\cordic_stage\SHIFT=s32'00000000000000000000000000000111'.
<suppressed ~69 debug messages>
Finding identical cells in module `$paramod\cordic_stage\SHIFT=s32'00000000000000000000000000001000'.
<suppressed ~72 debug messages>
Finding identical cells in module `$paramod\cordic_stage\SHIFT=s32'00000000000000000000000000001001'.
<suppressed ~75 debug messages>
Finding identical cells in module `$paramod\cordic_stage\SHIFT=s32'00000000000000000000000000001010'.
<suppressed ~78 debug messages>
Finding identical cells in module `$paramod\cordic_stage\SHIFT=s32'00000000000000000000000000001011'.
<suppressed ~81 debug messages>
Finding identical cells in module `$paramod\cordic_stage\SHIFT=s32'00000000000000000000000000001100'.
<suppressed ~84 debug messages>
Finding identical cells in module `$paramod\cordic_stage\SHIFT=s32'00000000000000000000000000001101'.
<suppressed ~87 debug messages>
Finding identical cells in module `\cordic_pipeline'.
Removed a total of 351 cells.

3.36.3. Executing OPT_DFF pass (perform DFF optimizations).

3.36.4. Executing OPT_CLEAN pass (remove unused cells and wires).
Finding unused cells or wires in module $paramod\cordic_stage\SHIFT=s32'00000000000000000000000000000000..
Finding unused cells or wires in module $paramod\cordic_stage\SHIFT=s32'00000000000000000000000000000001..
Finding unused cells or wires in module $paramod\cordic_stage\SHIFT=s32'00000000000000000000000000000010..
Finding unused cells or wires in module $paramod\cordic_stage\SHIFT=s32'00000000000000000000000000000011..
Finding unused cells or wires in module $paramod\cordic_stage\SHIFT=s32'00000000000000000000000000000100..
Finding unused cells or wires in module $paramod\cordic_stage\SHIFT=s32'00000000000000000000000000000101..
Finding unused cells or wires in module $paramod\cordic_stage\SHIFT=s32'00000000000000000000000000000110..
Finding unused cells or wires in module $paramod\cordic_stage\SHIFT=s32'00000000000000000000000000000111..
Finding unused cells or wires in module $paramod\cordic_stage\SHIFT=s32'00000000000000000000000000001000..
Finding unused cells or wires in module $paramod\cordic_stage\SHIFT=s32'00000000000000000000000000001001..
Finding unused cells or wires in module $paramod\cordic_stage\SHIFT=s32'00000000000000000000000000001010..
Finding unused cells or wires in module $paramod\cordic_stage\SHIFT=s32'00000000000000000000000000001011..
Finding unused cells or wires in module $paramod\cordic_stage\SHIFT=s32'00000000000000000000000000001100..
Finding unused cells or wires in module $paramod\cordic_stage\SHIFT=s32'00000000000000000000000000001101..
Finding unused cells or wires in module \cordic_pipeline..
Removed 100 unused cells and 1496 unused wires.
<suppressed ~114 debug messages>

3.36.5. Finished fast OPT passes.

3.37. Executing IOPADMAP pass (mapping inputs/outputs to IO-PAD cells).
Mapping port cordic_pipeline.clk using IBUF.
Mapping port cordic_pipeline.cos_theta using OBUF.
Mapping port cordic_pipeline.rst using IBUF.
Mapping port cordic_pipeline.sen_theta using OBUF.
Mapping port cordic_pipeline.theta using IBUF.
Mapping port cordic_pipeline.theta_fin using OBUF.
Mapping port cordic_pipeline.valid_in using IBUF.
Mapping port cordic_pipeline.valid_out using OBUF.

3.38. Executing TECHMAP pass (map to technology primitives).

3.38.1. Executing Verilog-2005 frontend: /usr/bin/../share/yosys/techmap.v
Parsing Verilog input from `/usr/bin/../share/yosys/techmap.v' to AST representation.
Generating RTLIL representation for module `\_90_simplemap_bool_ops'.
Generating RTLIL representation for module `\_90_simplemap_reduce_ops'.
Generating RTLIL representation for module `\_90_simplemap_logic_ops'.
Generating RTLIL representation for module `\_90_simplemap_compare_ops'.
Generating RTLIL representation for module `\_90_simplemap_various'.
Generating RTLIL representation for module `\_90_simplemap_registers'.
Generating RTLIL representation for module `\_90_shift_ops_shr_shl_sshl_sshr'.
Generating RTLIL representation for module `\_90_shift_shiftx'.
Generating RTLIL representation for module `\_90_fa'.
Generating RTLIL representation for module `\_90_lcu_brent_kung'.
Generating RTLIL representation for module `\_90_alu'.
Generating RTLIL representation for module `\_90_macc'.
Generating RTLIL representation for module `\_90_alumacc'.
Generating RTLIL representation for module `\$__div_mod_u'.
Generating RTLIL representation for module `\$__div_mod_trunc'.
Generating RTLIL representation for module `\_90_div'.
Generating RTLIL representation for module `\_90_mod'.
Generating RTLIL representation for module `\$__div_mod_floor'.
Generating RTLIL representation for module `\_90_divfloor'.
Generating RTLIL representation for module `\_90_modfloor'.
Generating RTLIL representation for module `\_90_pow'.
Generating RTLIL representation for module `\_90_pmux'.
Generating RTLIL representation for module `\_90_demux'.
Generating RTLIL representation for module `\_90_lut'.
Successfully finished Verilog frontend.

3.38.2. Executing Verilog-2005 frontend: /usr/bin/../share/yosys/xilinx/cells_map.v
Parsing Verilog input from `/usr/bin/../share/yosys/xilinx/cells_map.v' to AST representation.
Generating RTLIL representation for module `\$__SHREG_'.
Generating RTLIL representation for module `\$__XILINX_SHREG_'.
Generating RTLIL representation for module `\$__XILINX_MUXF78'.
Successfully finished Verilog frontend.

3.38.3. Continuing TECHMAP pass.
No more expansions possible.
<suppressed ~78 debug messages>
Removed 0 unused cells and 6 unused wires.

3.39. Executing DFFLEGALIZE pass (convert FFs to types supported by the target).

3.40. Executing OPT_EXPR pass (perform const folding).
Optimizing module $paramod\cordic_stage\SHIFT=s32'00000000000000000000000000000000.
Optimizing module $paramod\cordic_stage\SHIFT=s32'00000000000000000000000000000001.
Optimizing module $paramod\cordic_stage\SHIFT=s32'00000000000000000000000000000010.
Optimizing module $paramod\cordic_stage\SHIFT=s32'00000000000000000000000000000011.
Optimizing module $paramod\cordic_stage\SHIFT=s32'00000000000000000000000000000100.
Optimizing module $paramod\cordic_stage\SHIFT=s32'00000000000000000000000000000101.
Optimizing module $paramod\cordic_stage\SHIFT=s32'00000000000000000000000000000110.
Optimizing module $paramod\cordic_stage\SHIFT=s32'00000000000000000000000000000111.
Optimizing module $paramod\cordic_stage\SHIFT=s32'00000000000000000000000000001000.
Optimizing module $paramod\cordic_stage\SHIFT=s32'00000000000000000000000000001001.
Optimizing module $paramod\cordic_stage\SHIFT=s32'00000000000000000000000000001010.
Optimizing module $paramod\cordic_stage\SHIFT=s32'00000000000000000000000000001011.
Optimizing module $paramod\cordic_stage\SHIFT=s32'00000000000000000000000000001100.
Optimizing module $paramod\cordic_stage\SHIFT=s32'00000000000000000000000000001101.
Optimizing module cordic_pipeline.

3.41. Executing ABC pass (technology mapping using ABC).

3.41.1. Extracting gate netlist of module `$paramod\cordic_stage\SHIFT=s32'00000000000000000000000000000000' to `<abc-temp-dir>/input.blif'..
Extracted 186 gates and 283 wires to a netlist network with 97 inputs and 99 outputs.

3.41.1.1. Executing ABC.
Running ABC command: "<yosys-exe-dir>/yosys-abc" -s -f <abc-temp-dir>/abc.script 2>&1
ABC: ABC command line: "source <abc-temp-dir>/abc.script".
ABC: 
ABC: + read_blif <abc-temp-dir>/input.blif 
ABC: + read_lut <abc-temp-dir>/lutdefs.txt 
ABC: + strash 
ABC: + &get -n 
ABC: + &fraig -x 
ABC: + &put 
ABC: + scorr 
ABC: Warning: The network is combinational (run "fraig" or "fraig_sweep").
ABC: + dc2 
ABC: + dretime 
ABC: + strash 
ABC: + dch -f 
ABC: + if 
ABC: + mfs2 
ABC: + write_blif <abc-temp-dir>/output.blif 

3.41.1.2. Re-integrating ABC results.
ABC RESULTS:              $lut cells:       99
ABC RESULTS:        internal signals:       87
ABC RESULTS:           input signals:       97
ABC RESULTS:          output signals:       99
Removing temp directory.

3.41.2. Extracting gate netlist of module `$paramod\cordic_stage\SHIFT=s32'00000000000000000000000000000001' to `<abc-temp-dir>/input.blif'..
Extracted 184 gates and 265 wires to a netlist network with 81 inputs and 97 outputs.

3.41.2.1. Executing ABC.
Running ABC command: "<yosys-exe-dir>/yosys-abc" -s -f <abc-temp-dir>/abc.script 2>&1
ABC: ABC command line: "source <abc-temp-dir>/abc.script".
ABC: 
ABC: + read_blif <abc-temp-dir>/input.blif 
ABC: + read_lut <abc-temp-dir>/lutdefs.txt 
ABC: + strash 
ABC: + &get -n 
ABC: + &fraig -x 
ABC: + &put 
ABC: + scorr 
ABC: Warning: The network is combinational (run "fraig" or "fraig_sweep").
ABC: + dc2 
ABC: + dretime 
ABC: + strash 
ABC: + dch -f 
ABC: + if 
ABC: + mfs2 
ABC: + write_blif <abc-temp-dir>/output.blif 

3.41.2.2. Re-integrating ABC results.
ABC RESULTS:              $lut cells:       97
ABC RESULTS:        internal signals:       87
ABC RESULTS:           input signals:       81
ABC RESULTS:          output signals:       97
Removing temp directory.

3.41.3. Extracting gate netlist of module `$paramod\cordic_stage\SHIFT=s32'00000000000000000000000000000010' to `<abc-temp-dir>/input.blif'..
Extracted 183 gates and 264 wires to a netlist network with 81 inputs and 96 outputs.

3.41.3.1. Executing ABC.
Running ABC command: "<yosys-exe-dir>/yosys-abc" -s -f <abc-temp-dir>/abc.script 2>&1
ABC: ABC command line: "source <abc-temp-dir>/abc.script".
ABC: 
ABC: + read_blif <abc-temp-dir>/input.blif 
ABC: + read_lut <abc-temp-dir>/lutdefs.txt 
ABC: + strash 
ABC: + &get -n 
ABC: + &fraig -x 
ABC: + &put 
ABC: + scorr 
ABC: Warning: The network is combinational (run "fraig" or "fraig_sweep").
ABC: + dc2 
ABC: + dretime 
ABC: + strash 
ABC: + dch -f 
ABC: + if 
ABC: + mfs2 
ABC: + write_blif <abc-temp-dir>/output.blif 

3.41.3.2. Re-integrating ABC results.
ABC RESULTS:              $lut cells:       96
ABC RESULTS:        internal signals:       87
ABC RESULTS:           input signals:       81
ABC RESULTS:          output signals:       96
Removing temp directory.

3.41.4. Extracting gate netlist of module `$paramod\cordic_stage\SHIFT=s32'00000000000000000000000000000011' to `<abc-temp-dir>/input.blif'..
Extracted 182 gates and 263 wires to a netlist network with 81 inputs and 95 outputs.

3.41.4.1. Executing ABC.
Running ABC command: "<yosys-exe-dir>/yosys-abc" -s -f <abc-temp-dir>/abc.script 2>&1
ABC: ABC command line: "source <abc-temp-dir>/abc.script".
ABC: 
ABC: + read_blif <abc-temp-dir>/input.blif 
ABC: + read_lut <abc-temp-dir>/lutdefs.txt 
ABC: + strash 
ABC: + &get -n 
ABC: + &fraig -x 
ABC: + &put 
ABC: + scorr 
ABC: Warning: The network is combinational (run "fraig" or "fraig_sweep").
ABC: + dc2 
ABC: + dretime 
ABC: + strash 
ABC: + dch -f 
ABC: + if 
ABC: + mfs2 
ABC: + write_blif <abc-temp-dir>/output.blif 

3.41.4.2. Re-integrating ABC results.
ABC RESULTS:              $lut cells:       95
ABC RESULTS:        internal signals:       87
ABC RESULTS:           input signals:       81
ABC RESULTS:          output signals:       95
Removing temp directory.

3.41.5. Extracting gate netlist of module `$paramod\cordic_stage\SHIFT=s32'00000000000000000000000000000100' to `<abc-temp-dir>/input.blif'..
Extracted 180 gates and 261 wires to a netlist network with 81 inputs and 93 outputs.

3.41.5.1. Executing ABC.
Running ABC command: "<yosys-exe-dir>/yosys-abc" -s -f <abc-temp-dir>/abc.script 2>&1
ABC: ABC command line: "source <abc-temp-dir>/abc.script".
ABC: 
ABC: + read_blif <abc-temp-dir>/input.blif 
ABC: + read_lut <abc-temp-dir>/lutdefs.txt 
ABC: + strash 
ABC: + &get -n 
ABC: + &fraig -x 
ABC: + &put 
ABC: + scorr 
ABC: Warning: The network is combinational (run "fraig" or "fraig_sweep").
ABC: + dc2 
ABC: + dretime 
ABC: + strash 
ABC: + dch -f 
ABC: + if 
ABC: + mfs2 
ABC: + write_blif <abc-temp-dir>/output.blif 

3.41.5.2. Re-integrating ABC results.
ABC RESULTS:              $lut cells:       93
ABC RESULTS:        internal signals:       87
ABC RESULTS:           input signals:       81
ABC RESULTS:          output signals:       93
Removing temp directory.

3.41.6. Extracting gate netlist of module `$paramod\cordic_stage\SHIFT=s32'00000000000000000000000000000101' to `<abc-temp-dir>/input.blif'..
Extracted 168 gates and 249 wires to a netlist network with 81 inputs and 82 outputs.

3.41.6.1. Executing ABC.
Running ABC command: "<yosys-exe-dir>/yosys-abc" -s -f <abc-temp-dir>/abc.script 2>&1
ABC: ABC command line: "source <abc-temp-dir>/abc.script".
ABC: 
ABC: + read_blif <abc-temp-dir>/input.blif 
ABC: + read_lut <abc-temp-dir>/lutdefs.txt 
ABC: + strash 
ABC: + &get -n 
ABC: + &fraig -x 
ABC: + &put 
ABC: + scorr 
ABC: Warning: The network is combinational (run "fraig" or "fraig_sweep").
ABC: + dc2 
ABC: + dretime 
ABC: + strash 
ABC: + dch -f 
ABC: + if 
ABC: + mfs2 
ABC: + write_blif <abc-temp-dir>/output.blif 

3.41.6.2. Re-integrating ABC results.
ABC RESULTS:              $lut cells:       82
ABC RESULTS:        internal signals:       86
ABC RESULTS:           input signals:       81
ABC RESULTS:          output signals:       82
Removing temp directory.

3.41.7. Extracting gate netlist of module `$paramod\cordic_stage\SHIFT=s32'00000000000000000000000000000110' to `<abc-temp-dir>/input.blif'..
Extracted 167 gates and 248 wires to a netlist network with 81 inputs and 81 outputs.

3.41.7.1. Executing ABC.
Running ABC command: "<yosys-exe-dir>/yosys-abc" -s -f <abc-temp-dir>/abc.script 2>&1
ABC: ABC command line: "source <abc-temp-dir>/abc.script".
ABC: 
ABC: + read_blif <abc-temp-dir>/input.blif 
ABC: + read_lut <abc-temp-dir>/lutdefs.txt 
ABC: + strash 
ABC: + &get -n 
ABC: + &fraig -x 
ABC: + &put 
ABC: + scorr 
ABC: Warning: The network is combinational (run "fraig" or "fraig_sweep").
ABC: + dc2 
ABC: + dretime 
ABC: + strash 
ABC: + dch -f 
ABC: + if 
ABC: + mfs2 
ABC: + write_blif <abc-temp-dir>/output.blif 

3.41.7.2. Re-integrating ABC results.
ABC RESULTS:              $lut cells:       81
ABC RESULTS:        internal signals:       86
ABC RESULTS:           input signals:       81
ABC RESULTS:          output signals:       81
Removing temp directory.

3.41.8. Extracting gate netlist of module `$paramod\cordic_stage\SHIFT=s32'00000000000000000000000000000111' to `<abc-temp-dir>/input.blif'..
Extracted 166 gates and 247 wires to a netlist network with 81 inputs and 80 outputs.

3.41.8.1. Executing ABC.
Running ABC command: "<yosys-exe-dir>/yosys-abc" -s -f <abc-temp-dir>/abc.script 2>&1
ABC: ABC command line: "source <abc-temp-dir>/abc.script".
ABC: 
ABC: + read_blif <abc-temp-dir>/input.blif 
ABC: + read_lut <abc-temp-dir>/lutdefs.txt 
ABC: + strash 
ABC: + &get -n 
ABC: + &fraig -x 
ABC: + &put 
ABC: + scorr 
ABC: Warning: The network is combinational (run "fraig" or "fraig_sweep").
ABC: + dc2 
ABC: + dretime 
ABC: + strash 
ABC: + dch -f 
ABC: + if 
ABC: + mfs2 
ABC: + write_blif <abc-temp-dir>/output.blif 

3.41.8.2. Re-integrating ABC results.
ABC RESULTS:              $lut cells:       80
ABC RESULTS:        internal signals:       86
ABC RESULTS:           input signals:       81
ABC RESULTS:          output signals:       80
Removing temp directory.

3.41.9. Extracting gate netlist of module `$paramod\cordic_stage\SHIFT=s32'00000000000000000000000000001000' to `<abc-temp-dir>/input.blif'..
Extracted 165 gates and 246 wires to a netlist network with 81 inputs and 79 outputs.

3.41.9.1. Executing ABC.
Running ABC command: "<yosys-exe-dir>/yosys-abc" -s -f <abc-temp-dir>/abc.script 2>&1
ABC: ABC command line: "source <abc-temp-dir>/abc.script".
ABC: 
ABC: + read_blif <abc-temp-dir>/input.blif 
ABC: + read_lut <abc-temp-dir>/lutdefs.txt 
ABC: + strash 
ABC: + &get -n 
ABC: + &fraig -x 
ABC: + &put 
ABC: + scorr 
ABC: Warning: The network is combinational (run "fraig" or "fraig_sweep").
ABC: + dc2 
ABC: + dretime 
ABC: + strash 
ABC: + dch -f 
ABC: + if 
ABC: + mfs2 
ABC: + write_blif <abc-temp-dir>/output.blif 

3.41.9.2. Re-integrating ABC results.
ABC RESULTS:              $lut cells:       79
ABC RESULTS:        internal signals:       86
ABC RESULTS:           input signals:       81
ABC RESULTS:          output signals:       79
Removing temp directory.

3.41.10. Extracting gate netlist of module `$paramod\cordic_stage\SHIFT=s32'00000000000000000000000000001001' to `<abc-temp-dir>/input.blif'..
Extracted 164 gates and 245 wires to a netlist network with 81 inputs and 78 outputs.

3.41.10.1. Executing ABC.
Running ABC command: "<yosys-exe-dir>/yosys-abc" -s -f <abc-temp-dir>/abc.script 2>&1
ABC: ABC command line: "source <abc-temp-dir>/abc.script".
ABC: 
ABC: + read_blif <abc-temp-dir>/input.blif 
ABC: + read_lut <abc-temp-dir>/lutdefs.txt 
ABC: + strash 
ABC: + &get -n 
ABC: + &fraig -x 
ABC: + &put 
ABC: + scorr 
ABC: Warning: The network is combinational (run "fraig" or "fraig_sweep").
ABC: + dc2 
ABC: + dretime 
ABC: + strash 
ABC: + dch -f 
ABC: + if 
ABC: + mfs2 
ABC: + write_blif <abc-temp-dir>/output.blif 

3.41.10.2. Re-integrating ABC results.
ABC RESULTS:              $lut cells:       78
ABC RESULTS:        internal signals:       86
ABC RESULTS:           input signals:       81
ABC RESULTS:          output signals:       78
Removing temp directory.

3.41.11. Extracting gate netlist of module `$paramod\cordic_stage\SHIFT=s32'00000000000000000000000000001010' to `<abc-temp-dir>/input.blif'..
Extracted 163 gates and 244 wires to a netlist network with 81 inputs and 77 outputs.

3.41.11.1. Executing ABC.
Running ABC command: "<yosys-exe-dir>/yosys-abc" -s -f <abc-temp-dir>/abc.script 2>&1
ABC: ABC command line: "source <abc-temp-dir>/abc.script".
ABC: 
ABC: + read_blif <abc-temp-dir>/input.blif 
ABC: + read_lut <abc-temp-dir>/lutdefs.txt 
ABC: + strash 
ABC: + &get -n 
ABC: + &fraig -x 
ABC: + &put 
ABC: + scorr 
ABC: Warning: The network is combinational (run "fraig" or "fraig_sweep").
ABC: + dc2 
ABC: + dretime 
ABC: + strash 
ABC: + dch -f 
ABC: + if 
ABC: + mfs2 
ABC: + write_blif <abc-temp-dir>/output.blif 

3.41.11.2. Re-integrating ABC results.
ABC RESULTS:              $lut cells:       77
ABC RESULTS:        internal signals:       86
ABC RESULTS:           input signals:       81
ABC RESULTS:          output signals:       77
Removing temp directory.

3.41.12. Extracting gate netlist of module `$paramod\cordic_stage\SHIFT=s32'00000000000000000000000000001011' to `<abc-temp-dir>/input.blif'..
Extracted 162 gates and 243 wires to a netlist network with 81 inputs and 76 outputs.

3.41.12.1. Executing ABC.
Running ABC command: "<yosys-exe-dir>/yosys-abc" -s -f <abc-temp-dir>/abc.script 2>&1
ABC: ABC command line: "source <abc-temp-dir>/abc.script".
ABC: 
ABC: + read_blif <abc-temp-dir>/input.blif 
ABC: + read_lut <abc-temp-dir>/lutdefs.txt 
ABC: + strash 
ABC: + &get -n 
ABC: + &fraig -x 
ABC: + &put 
ABC: + scorr 
ABC: Warning: The network is combinational (run "fraig" or "fraig_sweep").
ABC: + dc2 
ABC: + dretime 
ABC: + strash 
ABC: + dch -f 
ABC: + if 
ABC: + mfs2 
ABC: + write_blif <abc-temp-dir>/output.blif 

3.41.12.2. Re-integrating ABC results.
ABC RESULTS:              $lut cells:       76
ABC RESULTS:        internal signals:       86
ABC RESULTS:           input signals:       81
ABC RESULTS:          output signals:       76
Removing temp directory.

3.41.13. Extracting gate netlist of module `$paramod\cordic_stage\SHIFT=s32'00000000000000000000000000001100' to `<abc-temp-dir>/input.blif'..
Extracted 161 gates and 242 wires to a netlist network with 81 inputs and 75 outputs.

3.41.13.1. Executing ABC.
Running ABC command: "<yosys-exe-dir>/yosys-abc" -s -f <abc-temp-dir>/abc.script 2>&1
ABC: ABC command line: "source <abc-temp-dir>/abc.script".
ABC: 
ABC: + read_blif <abc-temp-dir>/input.blif 
ABC: + read_lut <abc-temp-dir>/lutdefs.txt 
ABC: + strash 
ABC: + &get -n 
ABC: + &fraig -x 
ABC: + &put 
ABC: + scorr 
ABC: Warning: The network is combinational (run "fraig" or "fraig_sweep").
ABC: + dc2 
ABC: + dretime 
ABC: + strash 
ABC: + dch -f 
ABC: + if 
ABC: + mfs2 
ABC: + write_blif <abc-temp-dir>/output.blif 

3.41.13.2. Re-integrating ABC results.
ABC RESULTS:              $lut cells:       75
ABC RESULTS:        internal signals:       86
ABC RESULTS:           input signals:       81
ABC RESULTS:          output signals:       75
Removing temp directory.

3.41.14. Extracting gate netlist of module `$paramod\cordic_stage\SHIFT=s32'00000000000000000000000000001101' to `<abc-temp-dir>/input.blif'..
Extracted 160 gates and 241 wires to a netlist network with 81 inputs and 74 outputs.

3.41.14.1. Executing ABC.
Running ABC command: "<yosys-exe-dir>/yosys-abc" -s -f <abc-temp-dir>/abc.script 2>&1
ABC: ABC command line: "source <abc-temp-dir>/abc.script".
ABC: 
ABC: + read_blif <abc-temp-dir>/input.blif 
ABC: + read_lut <abc-temp-dir>/lutdefs.txt 
ABC: + strash 
ABC: + &get -n 
ABC: + &fraig -x 
ABC: + &put 
ABC: + scorr 
ABC: Warning: The network is combinational (run "fraig" or "fraig_sweep").
ABC: + dc2 
ABC: + dretime 
ABC: + strash 
ABC: + dch -f 
ABC: + if 
ABC: + mfs2 
ABC: + write_blif <abc-temp-dir>/output.blif 

3.41.14.2. Re-integrating ABC results.
ABC RESULTS:              $lut cells:       74
ABC RESULTS:        internal signals:       86
ABC RESULTS:           input signals:       81
ABC RESULTS:          output signals:       74
Removing temp directory.

3.41.15. Extracting gate netlist of module `\cordic_pipeline' to `<abc-temp-dir>/input.blif'..
Extracted 0 gates and 0 wires to a netlist network with 0 inputs and 0 outputs.
Don't call ABC as there is nothing to map.
Removing temp directory.
Removed 0 unused cells and 3029 unused wires.

3.42. Executing TECHMAP pass (map to technology primitives).

3.42.1. Executing Verilog-2005 frontend: /usr/bin/../share/yosys/xilinx/ff_map.v
Parsing Verilog input from `/usr/bin/../share/yosys/xilinx/ff_map.v' to AST representation.
Generating RTLIL representation for module `\$_DFFE_NP0P_'.
Generating RTLIL representation for module `\$_DFFE_PP0P_'.
Generating RTLIL representation for module `\$_DFFE_NP1P_'.
Generating RTLIL representation for module `\$_DFFE_PP1P_'.
Generating RTLIL representation for module `\$_DFFSRE_NPPP_'.
Generating RTLIL representation for module `\$_DFFSRE_PPPP_'.
Generating RTLIL representation for module `\$_SDFFE_NP0P_'.
Generating RTLIL representation for module `\$_SDFFE_PP0P_'.
Generating RTLIL representation for module `\$_SDFFE_NP1P_'.
Generating RTLIL representation for module `\$_SDFFE_PP1P_'.
Generating RTLIL representation for module `\$_DLATCH_NP0_'.
Generating RTLIL representation for module `\$_DLATCH_PP0_'.
Generating RTLIL representation for module `\$_DLATCH_NP1_'.
Generating RTLIL representation for module `\$_DLATCH_PP1_'.
Generating RTLIL representation for module `\$_DLATCH_NPP_'.
Generating RTLIL representation for module `\$_DLATCH_PPP_'.
Successfully finished Verilog frontend.

3.42.2. Continuing TECHMAP pass.
Using template $paramod\$_SDFFE_PP0P_\_TECHMAP_WIREINIT_Q_=1'x for cells of type $_SDFFE_PP0P_.
No more expansions possible.
<suppressed ~715 debug messages>

3.43. Executing XILINX_SRL pass (Xilinx shift register extraction).

3.44. Executing TECHMAP pass (map to technology primitives).

3.44.1. Executing Verilog-2005 frontend: /usr/bin/../share/yosys/xilinx/lut_map.v
Parsing Verilog input from `/usr/bin/../share/yosys/xilinx/lut_map.v' to AST representation.
Generating RTLIL representation for module `\$lut'.
Successfully finished Verilog frontend.

3.44.2. Executing Verilog-2005 frontend: /usr/bin/../share/yosys/xilinx/cells_map.v
Parsing Verilog input from `/usr/bin/../share/yosys/xilinx/cells_map.v' to AST representation.
Generating RTLIL representation for module `\$__SHREG_'.
Generating RTLIL representation for module `\$__XILINX_SHREG_'.
Generating RTLIL representation for module `\$__XILINX_MUXF78'.
Successfully finished Verilog frontend.

3.44.3. Continuing TECHMAP pass.
Using template $paramod$6a34cd5b50e324824168b4186d0b04ba5e83b039\$lut for cells of type $lut.
Using template $paramod$359fe4e746656bf9c72aecaff84fc7bdea9f55a5\$lut for cells of type $lut.
Using template $paramod\$lut\WIDTH=32'00000000000000000000000000000010\LUT=4'0110 for cells of type $lut.
Using template $paramod$f9afe1977849ff53ec0293cf68e6dd67302c1c4e\$lut for cells of type $lut.
Using template $paramod\$lut\WIDTH=32'00000000000000000000000000000001\LUT=2'01 for cells of type $lut.
Using template $paramod$90edad2b6a4dec5adef9ce6a532f7a1edb48db32\$lut for cells of type $lut.
Using template $paramod$1a64f21ea15b05b7fc930804a66f6689ebbd6394\$lut for cells of type $lut.
Using template $paramod$ee19d45db61acb4c70d938b97483a4ed4b792645\$lut for cells of type $lut.
Using template $paramod\$lut\WIDTH=32'00000000000000000000000000000011\LUT=8'11001010 for cells of type $lut.
Using template $paramod$12fb017f90e7463fe74789d2ec23494cce2be24a\$lut for cells of type $lut.
Using template $paramod$f05e70a45c3210e3df4289cf24ee5f5b810dc81d\$lut for cells of type $lut.
Using template $paramod$658b9ed803f0d3d335616d3858b53e0a2522f1e8\$lut for cells of type $lut.
Using template $paramod\$lut\WIDTH=32'00000000000000000000000000000011\LUT=8'10101100 for cells of type $lut.
Using template $paramod$d11fd0cafe28c6509f05d39c9d5671060ee4e821\$lut for cells of type $lut.
Using template $paramod$80bc945f6d438f16387422ec284dc12b4bb4e68f\$lut for cells of type $lut.
Using template $paramod\$lut\WIDTH=32'00000000000000000000000000000010\LUT=4'1001 for cells of type $lut.
No more expansions possible.
<suppressed ~1380 debug messages>

3.45. Executing XILINX_DFFOPT pass (optimize FF control signal usage).
Optimizing FFs in $paramod\cordic_stage\SHIFT=s32'00000000000000000000000000000000.
Optimizing FFs in $paramod\cordic_stage\SHIFT=s32'00000000000000000000000000000001.
Optimizing FFs in $paramod\cordic_stage\SHIFT=s32'00000000000000000000000000000010.
Optimizing FFs in $paramod\cordic_stage\SHIFT=s32'00000000000000000000000000000011.
Optimizing FFs in $paramod\cordic_stage\SHIFT=s32'00000000000000000000000000000100.
Optimizing FFs in $paramod\cordic_stage\SHIFT=s32'00000000000000000000000000000101.
Optimizing FFs in $paramod\cordic_stage\SHIFT=s32'00000000000000000000000000000110.
Optimizing FFs in $paramod\cordic_stage\SHIFT=s32'00000000000000000000000000000111.
Optimizing FFs in $paramod\cordic_stage\SHIFT=s32'00000000000000000000000000001000.
Optimizing FFs in $paramod\cordic_stage\SHIFT=s32'00000000000000000000000000001001.
Optimizing FFs in $paramod\cordic_stage\SHIFT=s32'00000000000000000000000000001010.
Optimizing FFs in $paramod\cordic_stage\SHIFT=s32'00000000000000000000000000001011.
Optimizing FFs in $paramod\cordic_stage\SHIFT=s32'00000000000000000000000000001100.
Optimizing FFs in $paramod\cordic_stage\SHIFT=s32'00000000000000000000000000001101.
Optimizing FFs in cordic_pipeline.

3.46. Executing OPT_LUT_INS pass (discard unused LUT inputs).
Optimizing LUTs in $paramod\cordic_stage\SHIFT=s32'00000000000000000000000000000000.
Optimizing LUTs in $paramod\cordic_stage\SHIFT=s32'00000000000000000000000000000001.
Optimizing LUTs in $paramod\cordic_stage\SHIFT=s32'00000000000000000000000000000010.
Optimizing LUTs in $paramod\cordic_stage\SHIFT=s32'00000000000000000000000000000011.
Optimizing LUTs in $paramod\cordic_stage\SHIFT=s32'00000000000000000000000000000100.
Optimizing LUTs in $paramod\cordic_stage\SHIFT=s32'00000000000000000000000000000101.
Optimizing LUTs in $paramod\cordic_stage\SHIFT=s32'00000000000000000000000000000110.
Optimizing LUTs in $paramod\cordic_stage\SHIFT=s32'00000000000000000000000000000111.
Optimizing LUTs in $paramod\cordic_stage\SHIFT=s32'00000000000000000000000000001000.
Optimizing LUTs in $paramod\cordic_stage\SHIFT=s32'00000000000000000000000000001001.
Optimizing LUTs in $paramod\cordic_stage\SHIFT=s32'00000000000000000000000000001010.
Optimizing LUTs in $paramod\cordic_stage\SHIFT=s32'00000000000000000000000000001011.
Optimizing LUTs in $paramod\cordic_stage\SHIFT=s32'00000000000000000000000000001100.
Optimizing LUTs in $paramod\cordic_stage\SHIFT=s32'00000000000000000000000000001101.
Optimizing LUTs in cordic_pipeline.

3.47. Executing CLKBUFMAP pass (inserting clock buffers).
Inserting BUFG on cordic_pipeline.$iopadmap$clk[0].
Removed 0 unused cells and 6448 unused wires.

3.48. Executing HIERARCHY pass (managing design hierarchy).
Attribute `top' found on module `cordic_pipeline'. Setting top module to cordic_pipeline.

3.48.1. Analyzing design hierarchy..
Top module:  \cordic_pipeline
Used module:     $paramod\cordic_stage\SHIFT=s32'00000000000000000000000000000000
Used module:     $paramod\cordic_stage\SHIFT=s32'00000000000000000000000000001010
Used module:     $paramod\cordic_stage\SHIFT=s32'00000000000000000000000000001011
Used module:     $paramod\cordic_stage\SHIFT=s32'00000000000000000000000000001100
Used module:     $paramod\cordic_stage\SHIFT=s32'00000000000000000000000000001101
Used module:     $paramod\cordic_stage\SHIFT=s32'00000000000000000000000000000001
Used module:     $paramod\cordic_stage\SHIFT=s32'00000000000000000000000000000010
Used module:     $paramod\cordic_stage\SHIFT=s32'00000000000000000000000000000011
Used module:     $paramod\cordic_stage\SHIFT=s32'00000000000000000000000000000100
Used module:     $paramod\cordic_stage\SHIFT=s32'00000000000000000000000000000101
Used module:     $paramod\cordic_stage\SHIFT=s32'00000000000000000000000000000110
Used module:     $paramod\cordic_stage\SHIFT=s32'00000000000000000000000000000111
Used module:     $paramod\cordic_stage\SHIFT=s32'00000000000000000000000000001000
Used module:     $paramod\cordic_stage\SHIFT=s32'00000000000000000000000000001001

3.48.2. Analyzing design hierarchy..
Top module:  \cordic_pipeline
Used module:     $paramod\cordic_stage\SHIFT=s32'00000000000000000000000000000000
Used module:     $paramod\cordic_stage\SHIFT=s32'00000000000000000000000000001010
Used module:     $paramod\cordic_stage\SHIFT=s32'00000000000000000000000000001011
Used module:     $paramod\cordic_stage\SHIFT=s32'00000000000000000000000000001100
Used module:     $paramod\cordic_stage\SHIFT=s32'00000000000000000000000000001101
Used module:     $paramod\cordic_stage\SHIFT=s32'00000000000000000000000000000001
Used module:     $paramod\cordic_stage\SHIFT=s32'00000000000000000000000000000010
Used module:     $paramod\cordic_stage\SHIFT=s32'00000000000000000000000000000011
Used module:     $paramod\cordic_stage\SHIFT=s32'00000000000000000000000000000100
Used module:     $paramod\cordic_stage\SHIFT=s32'00000000000000000000000000000101
Used module:     $paramod\cordic_stage\SHIFT=s32'00000000000000000000000000000110
Used module:     $paramod\cordic_stage\SHIFT=s32'00000000000000000000000000000111
Used module:     $paramod\cordic_stage\SHIFT=s32'00000000000000000000000000001000
Used module:     $paramod\cordic_stage\SHIFT=s32'00000000000000000000000000001001
Removed 0 unused modules.

3.49. Printing statistics.

=== $paramod\cordic_stage\SHIFT=s32'00000000000000000000000000000000 ===

   Number of wires:                 30
   Number of wire bits:            364
   Number of public wires:          13
   Number of public wire bits:     148
   Number of ports:                 10
   Number of port bits:            100
   Number of memories:               0
   Number of memory bits:            0
   Number of processes:              0
   Number of cells:                149
     CARRY4                         17
     FDRE                           49
     LUT2                           45
     LUT3                           32
     LUT4                            2
     LUT6                            4

   Estimated number of LCs:         44

=== $paramod\cordic_stage\SHIFT=s32'00000000000000000000000000000001 ===

   Number of wires:                 33
   Number of wire bits:            412
   Number of public wires:          13
   Number of public wire bits:     148
   Number of ports:                 10
   Number of port bits:            100
   Number of memories:               0
   Number of memory bits:            0
   Number of processes:              0
   Number of cells:                167
     CARRY4                         21
     FDRE                           49
     INV                            30
     LUT2                           13
     LUT3                           16
     LUT4                           34
     LUT6                            4

   Estimated number of LCs:         54

=== $paramod\cordic_stage\SHIFT=s32'00000000000000000000000000000010 ===

   Number of wires:                 33
   Number of wire bits:            415
   Number of public wires:          13
   Number of public wire bits:     148
   Number of ports:                 10
   Number of port bits:            100
   Number of memories:               0
   Number of memory bits:            0
   Number of processes:              0
   Number of cells:                166
     CARRY4                         21
     FDRE                           49
     INV                            28
     LUT2                           14
     LUT3                           16
     LUT4                           34
     LUT6                            4

   Estimated number of LCs:         54

=== $paramod\cordic_stage\SHIFT=s32'00000000000000000000000000000011 ===

   Number of wires:                 31
   Number of wire bits:            386
   Number of public wires:          13
   Number of public wire bits:     148
   Number of ports:                 10
   Number of port bits:            100
   Number of memories:               0
   Number of memory bits:            0
   Number of processes:              0
   Number of cells:                165
     CARRY4                         21
     FDRE                           49
     INV                            26
     LUT2                           15
     LUT3                           16
     LUT4                           34
     LUT6                            4

   Estimated number of LCs:         54

=== $paramod\cordic_stage\SHIFT=s32'00000000000000000000000000000100 ===

   Number of wires:                 31
   Number of wire bits:            386
   Number of public wires:          13
   Number of public wire bits:     148
   Number of ports:                 10
   Number of port bits:            100
   Number of memories:               0
   Number of memory bits:            0
   Number of processes:              0
   Number of cells:                163
     CARRY4                         21
     FDRE                           49
     INV                            24
     LUT2                           15
     LUT3                           16
     LUT4                           34
     LUT6                            4

   Estimated number of LCs:         54

=== $paramod\cordic_stage\SHIFT=s32'00000000000000000000000000000101 ===

   Number of wires:                 33
   Number of wire bits:            375
   Number of public wires:          13
   Number of public wire bits:     148
   Number of ports:                 10
   Number of port bits:            100
   Number of memories:               0
   Number of memory bits:            0
   Number of processes:              0
   Number of cells:                150
     CARRY4                         19
     FDRE                           49
     INV                            22
     LUT2                            6
     LUT3                           16
     LUT4                           34
     LUT6                            4

   Estimated number of LCs:         54

=== $paramod\cordic_stage\SHIFT=s32'00000000000000000000000000000110 ===

   Number of wires:                 31
   Number of wire bits:            362
   Number of public wires:          13
   Number of public wire bits:     148
   Number of ports:                 10
   Number of port bits:            100
   Number of memories:               0
   Number of memory bits:            0
   Number of processes:              0
   Number of cells:                149
     CARRY4                         19
     FDRE                           49
     INV                            20
     LUT2                            7
     LUT3                           16
     LUT4                           34
     LUT6                            4

   Estimated number of LCs:         54

=== $paramod\cordic_stage\SHIFT=s32'00000000000000000000000000000111 ===

   Number of wires:                 33
   Number of wire bits:            389
   Number of public wires:          13
   Number of public wire bits:     148
   Number of ports:                 10
   Number of port bits:            100
   Number of memories:               0
   Number of memory bits:            0
   Number of processes:              0
   Number of cells:                149
     CARRY4                         20
     FDRE                           49
     INV                            18
     LUT2                            8
     LUT3                           16
     LUT4                           34
     LUT6                            4

   Estimated number of LCs:         54

=== $paramod\cordic_stage\SHIFT=s32'00000000000000000000000000001000 ===

   Number of wires:                 33
   Number of wire bits:            392
   Number of public wires:          13
   Number of public wire bits:     148
   Number of ports:                 10
   Number of port bits:            100
   Number of memories:               0
   Number of memory bits:            0
   Number of processes:              0
   Number of cells:                148
     CARRY4                         20
     FDRE                           49
     INV                            16
     LUT2                            9
     LUT3                           16
     LUT4                           34
     LUT6                            4

   Estimated number of LCs:         54

=== $paramod\cordic_stage\SHIFT=s32'00000000000000000000000000001001 ===

   Number of wires:                 33
   Number of wire bits:            395
   Number of public wires:          13
   Number of public wire bits:     148
   Number of ports:                 10
   Number of port bits:            100
   Number of memories:               0
   Number of memory bits:            0
   Number of processes:              0
   Number of cells:                147
     CARRY4                         20
     FDRE                           49
     INV                            14
     LUT2                           10
     LUT3                           16
     LUT4                           34
     LUT6                            4

   Estimated number of LCs:         54

=== $paramod\cordic_stage\SHIFT=s32'00000000000000000000000000001010 ===

   Number of wires:                 31
   Number of wire bits:            374
   Number of public wires:          13
   Number of public wire bits:     148
   Number of ports:                 10
   Number of port bits:            100
   Number of memories:               0
   Number of memory bits:            0
   Number of processes:              0
   Number of cells:                146
     CARRY4                         20
     FDRE                           49
     INV                            12
     LUT2                           11
     LUT3                           16
     LUT4                           34
     LUT6                            4

   Estimated number of LCs:         54

=== $paramod\cordic_stage\SHIFT=s32'00000000000000000000000000001011 ===

   Number of wires:                 33
   Number of wire bits:            409
   Number of public wires:          13
   Number of public wire bits:     148
   Number of ports:                 10
   Number of port bits:            100
   Number of memories:               0
   Number of memory bits:            0
   Number of processes:              0
   Number of cells:                146
     CARRY4                         21
     FDRE                           49
     INV                            10
     LUT2                           12
     LUT3                           16
     LUT4                           34
     LUT6                            4

   Estimated number of LCs:         54

=== $paramod\cordic_stage\SHIFT=s32'00000000000000000000000000001100 ===

   Number of wires:                 33
   Number of wire bits:            412
   Number of public wires:          13
   Number of public wire bits:     148
   Number of ports:                 10
   Number of port bits:            100
   Number of memories:               0
   Number of memory bits:            0
   Number of processes:              0
   Number of cells:                145
     CARRY4                         21
     FDRE                           49
     INV                             8
     LUT2                           13
     LUT3                           16
     LUT4                           34
     LUT6                            4

   Estimated number of LCs:         54

=== $paramod\cordic_stage\SHIFT=s32'00000000000000000000000000001101 ===

   Number of wires:                 33
   Number of wire bits:            415
   Number of public wires:          13
   Number of public wire bits:     148
   Number of ports:                 10
   Number of port bits:            100
   Number of memories:               0
   Number of memory bits:            0
   Number of processes:              0
   Number of cells:                144
     CARRY4                         21
     FDRE                           49
     INV                             6
     LUT2                           14
     LUT3                           16
     LUT4                           34
     LUT6                            4

   Estimated number of LCs:         54

=== cordic_pipeline ===

   Number of wires:                 71
   Number of wire bits:            806
   Number of public wires:          68
   Number of public wire bits:     803
   Number of ports:                  8
   Number of port bits:             68
   Number of memories:               0
   Number of memory bits:            0
   Number of processes:              0
   Number of cells:                 83
     $paramod\cordic_stage\SHIFT=s32'00000000000000000000000000000000      1
     $paramod\cordic_stage\SHIFT=s32'00000000000000000000000000000001      1
     $paramod\cordic_stage\SHIFT=s32'00000000000000000000000000000010      1
     $paramod\cordic_stage\SHIFT=s32'00000000000000000000000000000011      1
     $paramod\cordic_stage\SHIFT=s32'00000000000000000000000000000100      1
     $paramod\cordic_stage\SHIFT=s32'00000000000000000000000000000101      1
     $paramod\cordic_stage\SHIFT=s32'00000000000000000000000000000110      1
     $paramod\cordic_stage\SHIFT=s32'00000000000000000000000000000111      1
     $paramod\cordic_stage\SHIFT=s32'00000000000000000000000000001000      1
     $paramod\cordic_stage\SHIFT=s32'00000000000000000000000000001001      1
     $paramod\cordic_stage\SHIFT=s32'00000000000000000000000000001010      1
     $paramod\cordic_stage\SHIFT=s32'00000000000000000000000000001011      1
     $paramod\cordic_stage\SHIFT=s32'00000000000000000000000000001100      1
     $paramod\cordic_stage\SHIFT=s32'00000000000000000000000000001101      1
     BUFG                            1
     IBUF                           19
     OBUF                           49

   Estimated number of LCs:          0

=== design hierarchy ===

   cordic_pipeline                   1
     $paramod\cordic_stage\SHIFT=s32'00000000000000000000000000000000      1
     $paramod\cordic_stage\SHIFT=s32'00000000000000000000000000000001      1
     $paramod\cordic_stage\SHIFT=s32'00000000000000000000000000000010      1
     $paramod\cordic_stage\SHIFT=s32'00000000000000000000000000000011      1
     $paramod\cordic_stage\SHIFT=s32'00000000000000000000000000000100      1
     $paramod\cordic_stage\SHIFT=s32'00000000000000000000000000000101      1
     $paramod\cordic_stage\SHIFT=s32'00000000000000000000000000000110      1
     $paramod\cordic_stage\SHIFT=s32'00000000000000000000000000000111      1
     $paramod\cordic_stage\SHIFT=s32'00000000000000000000000000001000      1
     $paramod\cordic_stage\SHIFT=s32'00000000000000000000000000001001      1
     $paramod\cordic_stage\SHIFT=s32'00000000000000000000000000001010      1
     $paramod\cordic_stage\SHIFT=s32'00000000000000000000000000001011      1
     $paramod\cordic_stage\SHIFT=s32'00000000000000000000000000001100      1
     $paramod\cordic_stage\SHIFT=s32'00000000000000000000000000001101      1

   Number of wires:                522
   Number of wire bits:           6292
   Number of public wires:         250
   Number of public wire bits:    2875
   Number of ports:                148
   Number of port bits:           1468
   Number of memories:               0
   Number of memory bits:            0
   Number of processes:              0
   Number of cells:               2203
     BUFG                            1
     CARRY4                        282
     FDRE                          686
     IBUF                           19
     INV                           234
     LUT2                          192
     LUT3                          240
     LUT4                          444
     LUT6                           56
     OBUF                           49

   Estimated number of LCs:        740

3.50. Executing CHECK pass (checking for obvious problems).
Checking module $paramod\cordic_stage\SHIFT=s32'00000000000000000000000000000000...
Checking module $paramod\cordic_stage\SHIFT=s32'00000000000000000000000000000001...
Checking module $paramod\cordic_stage\SHIFT=s32'00000000000000000000000000000010...
Checking module $paramod\cordic_stage\SHIFT=s32'00000000000000000000000000000011...
Checking module $paramod\cordic_stage\SHIFT=s32'00000000000000000000000000000100...
Checking module $paramod\cordic_stage\SHIFT=s32'00000000000000000000000000000101...
Checking module $paramod\cordic_stage\SHIFT=s32'00000000000000000000000000000110...
Checking module $paramod\cordic_stage\SHIFT=s32'00000000000000000000000000000111...
Checking module $paramod\cordic_stage\SHIFT=s32'00000000000000000000000000001000...
Checking module $paramod\cordic_stage\SHIFT=s32'00000000000000000000000000001001...
Checking module $paramod\cordic_stage\SHIFT=s32'00000000000000000000000000001010...
Checking module $paramod\cordic_stage\SHIFT=s32'00000000000000000000000000001011...
Checking module $paramod\cordic_stage\SHIFT=s32'00000000000000000000000000001100...
Checking module $paramod\cordic_stage\SHIFT=s32'00000000000000000000000000001101...
Checking module cordic_pipeline...
Found and reported 0 problems.

4. Printing statistics.

=== $paramod\cordic_stage\SHIFT=s32'00000000000000000000000000000000 ===

   Number of wires:                 30
   Number of wire bits:            364
   Number of public wires:          13
   Number of public wire bits:     148
   Number of ports:                 10
   Number of port bits:            100
   Number of memories:               0
   Number of memory bits:            0
   Number of processes:              0
   Number of cells:                149
     CARRY4                         17
     FDRE                           49
     LUT2                           45
     LUT3                           32
     LUT4                            2
     LUT6                            4

=== $paramod\cordic_stage\SHIFT=s32'00000000000000000000000000000001 ===

   Number of wires:                 33
   Number of wire bits:            412
   Number of public wires:          13
   Number of public wire bits:     148
   Number of ports:                 10
   Number of port bits:            100
   Number of memories:               0
   Number of memory bits:            0
   Number of processes:              0
   Number of cells:                167
     CARRY4                         21
     FDRE                           49
     INV                            30
     LUT2                           13
     LUT3                           16
     LUT4                           34
     LUT6                            4

=== $paramod\cordic_stage\SHIFT=s32'00000000000000000000000000000010 ===

   Number of wires:                 33
   Number of wire bits:            415
   Number of public wires:          13
   Number of public wire bits:     148
   Number of ports:                 10
   Number of port bits:            100
   Number of memories:               0
   Number of memory bits:            0
   Number of processes:              0
   Number of cells:                166
     CARRY4                         21
     FDRE                           49
     INV                            28
     LUT2                           14
     LUT3                           16
     LUT4                           34
     LUT6                            4

=== $paramod\cordic_stage\SHIFT=s32'00000000000000000000000000000011 ===

   Number of wires:                 31
   Number of wire bits:            386
   Number of public wires:          13
   Number of public wire bits:     148
   Number of ports:                 10
   Number of port bits:            100
   Number of memories:               0
   Number of memory bits:            0
   Number of processes:              0
   Number of cells:                165
     CARRY4                         21
     FDRE                           49
     INV                            26
     LUT2                           15
     LUT3                           16
     LUT4                           34
     LUT6                            4

=== $paramod\cordic_stage\SHIFT=s32'00000000000000000000000000000100 ===

   Number of wires:                 31
   Number of wire bits:            386
   Number of public wires:          13
   Number of public wire bits:     148
   Number of ports:                 10
   Number of port bits:            100
   Number of memories:               0
   Number of memory bits:            0
   Number of processes:              0
   Number of cells:                163
     CARRY4                         21
     FDRE                           49
     INV                            24
     LUT2                           15
     LUT3                           16
     LUT4                           34
     LUT6                            4

=== $paramod\cordic_stage\SHIFT=s32'00000000000000000000000000000101 ===

   Number of wires:                 33
   Number of wire bits:            375
   Number of public wires:          13
   Number of public wire bits:     148
   Number of ports:                 10
   Number of port bits:            100
   Number of memories:               0
   Number of memory bits:            0
   Number of processes:              0
   Number of cells:                150
     CARRY4                         19
     FDRE                           49
     INV                            22
     LUT2                            6
     LUT3                           16
     LUT4                           34
     LUT6                            4

=== $paramod\cordic_stage\SHIFT=s32'00000000000000000000000000000110 ===

   Number of wires:                 31
   Number of wire bits:            362
   Number of public wires:          13
   Number of public wire bits:     148
   Number of ports:                 10
   Number of port bits:            100
   Number of memories:               0
   Number of memory bits:            0
   Number of processes:              0
   Number of cells:                149
     CARRY4                         19
     FDRE                           49
     INV                            20
     LUT2                            7
     LUT3                           16
     LUT4                           34
     LUT6                            4

=== $paramod\cordic_stage\SHIFT=s32'00000000000000000000000000000111 ===

   Number of wires:                 33
   Number of wire bits:            389
   Number of public wires:          13
   Number of public wire bits:     148
   Number of ports:                 10
   Number of port bits:            100
   Number of memories:               0
   Number of memory bits:            0
   Number of processes:              0
   Number of cells:                149
     CARRY4                         20
     FDRE                           49
     INV                            18
     LUT2                            8
     LUT3                           16
     LUT4                           34
     LUT6                            4

=== $paramod\cordic_stage\SHIFT=s32'00000000000000000000000000001000 ===

   Number of wires:                 33
   Number of wire bits:            392
   Number of public wires:          13
   Number of public wire bits:     148
   Number of ports:                 10
   Number of port bits:            100
   Number of memories:               0
   Number of memory bits:            0
   Number of processes:              0
   Number of cells:                148
     CARRY4                         20
     FDRE                           49
     INV                            16
     LUT2                            9
     LUT3                           16
     LUT4                           34
     LUT6                            4

=== $paramod\cordic_stage\SHIFT=s32'00000000000000000000000000001001 ===

   Number of wires:                 33
   Number of wire bits:            395
   Number of public wires:          13
   Number of public wire bits:     148
   Number of ports:                 10
   Number of port bits:            100
   Number of memories:               0
   Number of memory bits:            0
   Number of processes:              0
   Number of cells:                147
     CARRY4                         20
     FDRE                           49
     INV                            14
     LUT2                           10
     LUT3                           16
     LUT4                           34
     LUT6                            4

=== $paramod\cordic_stage\SHIFT=s32'00000000000000000000000000001010 ===

   Number of wires:                 31
   Number of wire bits:            374
   Number of public wires:          13
   Number of public wire bits:     148
   Number of ports:                 10
   Number of port bits:            100
   Number of memories:               0
   Number of memory bits:            0
   Number of processes:              0
   Number of cells:                146
     CARRY4                         20
     FDRE                           49
     INV                            12
     LUT2                           11
     LUT3                           16
     LUT4                           34
     LUT6                            4

=== $paramod\cordic_stage\SHIFT=s32'00000000000000000000000000001011 ===

   Number of wires:                 33
   Number of wire bits:            409
   Number of public wires:          13
   Number of public wire bits:     148
   Number of ports:                 10
   Number of port bits:            100
   Number of memories:               0
   Number of memory bits:            0
   Number of processes:              0
   Number of cells:                146
     CARRY4                         21
     FDRE                           49
     INV                            10
     LUT2                           12
     LUT3                           16
     LUT4                           34
     LUT6                            4

=== $paramod\cordic_stage\SHIFT=s32'00000000000000000000000000001100 ===

   Number of wires:                 33
   Number of wire bits:            412
   Number of public wires:          13
   Number of public wire bits:     148
   Number of ports:                 10
   Number of port bits:            100
   Number of memories:               0
   Number of memory bits:            0
   Number of processes:              0
   Number of cells:                145
     CARRY4                         21
     FDRE                           49
     INV                             8
     LUT2                           13
     LUT3                           16
     LUT4                           34
     LUT6                            4

=== $paramod\cordic_stage\SHIFT=s32'00000000000000000000000000001101 ===

   Number of wires:                 33
   Number of wire bits:            415
   Number of public wires:          13
   Number of public wire bits:     148
   Number of ports:                 10
   Number of port bits:            100
   Number of memories:               0
   Number of memory bits:            0
   Number of processes:              0
   Number of cells:                144
     CARRY4                         21
     FDRE                           49
     INV                             6
     LUT2                           14
     LUT3                           16
     LUT4                           34
     LUT6                            4

=== cordic_pipeline ===

   Number of wires:                 71
   Number of wire bits:            806
   Number of public wires:          68
   Number of public wire bits:     803
   Number of ports:                  8
   Number of port bits:             68
   Number of memories:               0
   Number of memory bits:            0
   Number of processes:              0
   Number of cells:                 83
     $paramod\cordic_stage\SHIFT=s32'00000000000000000000000000000000      1
     $paramod\cordic_stage\SHIFT=s32'00000000000000000000000000000001      1
     $paramod\cordic_stage\SHIFT=s32'00000000000000000000000000000010      1
     $paramod\cordic_stage\SHIFT=s32'00000000000000000000000000000011      1
     $paramod\cordic_stage\SHIFT=s32'00000000000000000000000000000100      1
     $paramod\cordic_stage\SHIFT=s32'00000000000000000000000000000101      1
     $paramod\cordic_stage\SHIFT=s32'00000000000000000000000000000110      1
     $paramod\cordic_stage\SHIFT=s32'00000000000000000000000000000111      1
     $paramod\cordic_stage\SHIFT=s32'00000000000000000000000000001000      1
     $paramod\cordic_stage\SHIFT=s32'00000000000000000000000000001001      1
     $paramod\cordic_stage\SHIFT=s32'00000000000000000000000000001010      1
     $paramod\cordic_stage\SHIFT=s32'00000000000000000000000000001011      1
     $paramod\cordic_stage\SHIFT=s32'00000000000000000000000000001100      1
     $paramod\cordic_stage\SHIFT=s32'00000000000000000000000000001101      1
     BUFG                            1
     IBUF                           19
     OBUF                           49

=== design hierarchy ===

   cordic_pipeline                   1
     $paramod\cordic_stage\SHIFT=s32'00000000000000000000000000000000      1
     $paramod\cordic_stage\SHIFT=s32'00000000000000000000000000000001      1
     $paramod\cordic_stage\SHIFT=s32'00000000000000000000000000000010      1
     $paramod\cordic_stage\SHIFT=s32'00000000000000000000000000000011      1
     $paramod\cordic_stage\SHIFT=s32'00000000000000000000000000000100      1
     $paramod\cordic_stage\SHIFT=s32'00000000000000000000000000000101      1
     $paramod\cordic_stage\SHIFT=s32'00000000000000000000000000000110      1
     $paramod\cordic_stage\SHIFT=s32'00000000000000000000000000000111      1
     $paramod\cordic_stage\SHIFT=s32'00000000000000000000000000001000      1
     $paramod\cordic_stage\SHIFT=s32'00000000000000000000000000001001      1
     $paramod\cordic_stage\SHIFT=s32'00000000000000000000000000001010      1
     $paramod\cordic_stage\SHIFT=s32'00000000000000000000000000001011      1
     $paramod\cordic_stage\SHIFT=s32'00000000000000000000000000001100      1
     $paramod\cordic_stage\SHIFT=s32'00000000000000000000000000001101      1

   Number of wires:                522
   Number of wire bits:           6292
   Number of public wires:         250
   Number of public wire bits:    2875
   Number of ports:                148
   Number of port bits:           1468
   Number of memories:               0
   Number of memory bits:            0
   Number of processes:              0
   Number of cells:               2203
     BUFG                            1
     CARRY4                        282
     FDRE                          686
     IBUF                           19
     INV                           234
     LUT2                          192
     LUT3                          240
     LUT4                          444
     LUT6                           56
     OBUF                           49

Warnings: 4 unique messages, 8 total
End of script. Logfile hash: af46061b25, CPU: user 6.82s system 0.13s, MEM: 127.27 MB peak
Yosys 0.52 (git sha1 fee39a3284c90249e1d9684cf6944ffbbcbb8f90)
Time spent: 27% 20x read_verilog (2 sec), 17% 1x abc (1 sec), ...
